名称,大类,中类,经度,纬度,省份,地级市,lon,lat,name,区县,type,operator,ports,place_type
电动汽车充电桩,汽车相关,充电站,108.580482,33.784314,陕西省,西安市,108.580482,33.784314,电动汽车充电桩,西安市,汽车相关 充电站,其他,8,其他
星星充电汽车公共充电站,汽车相关,充电站,108.521506,34.04258,陕西省,西安市,108.521506,34.04258,星星充电汽车公共充电站,西安市,汽车相关 充电站,星星充电,5,其他
星星充电汽车充电站,汽车相关,充电站,108.54384,34.043323,陕西省,西安市,108.54384,34.043323,星星充电汽车充电站,西安市,汽车相关 充电站,星星充电,6,其他
汽车充电桩,汽车相关,充电站,108.882386,34.042519,陕西省,西安市,108.882386,34.042519,汽车充电桩,西安市,汽车相关 充电站,其他,8,其他
特来电公共充电站,汽车相关,充电站,108.832769,34.026066,陕西省,西安市,108.832769,34.026066,特来电公共充电站,西安市,汽车相关 充电站,特来电,4,其他
蓝田服务站国家电网电动汽车充电站,汽车相关,充电站,109.467705,33.958062,陕西省,西安市,109.467705,33.958062,蓝田服务站国家电网电动汽车充电站,西安市,汽车相关 充电站,国家电网,6,其他
云快充汽车公共充电站,汽车相关,充电站,108.063637,34.123912,陕西省,西安市,108.063637,34.123912,云快充汽车公共充电站,西安市,汽车相关 充电站,云快充,6,其他
云快充汽车公共充电站,汽车相关,充电站,108.0629,34.12374,陕西省,西安市,108.0629,34.12374,云快充汽车公共充电站,西安市,汽车相关 充电站,云快充,8,其他
陕西东阳云达物流有限责任公司-充电站,生活服务,其他,108.135859,34.171061,陕西省,西安市,108.135859,34.171061,陕西东阳云达物流有限责任公司-充电站,西安市,生活服务 其他,其他,3,其他
星星充电汽车公共充电站,汽车相关,充电站,108.59784,34.021139000000005,陕西省,西安市,108.59784,34.021139000000005,星星充电汽车公共充电站,西安市,汽车相关 充电站,星星充电,4,其他
星星充电汽车公共充电站,汽车相关,充电站,108.597385,34.042772,陕西省,西安市,108.597385,34.042772,星星充电汽车公共充电站,西安市,汽车相关 充电站,星星充电,8,其他
星星充电汽车公共充电站,汽车相关,充电站,108.631708,34.011339,陕西省,西安市,108.631708,34.011339,星星充电汽车公共充电站,西安市,汽车相关 充电站,星星充电,4,其他
云杉智慧汽车公共充电站-西安高速大队西汉中队公共充电站,汽车相关,充电站,108.550919,34.036653,陕西省,西安市,108.550919,34.036653,云杉智慧汽车公共充电站-西安高速大队西汉中队公共充电站,西安市,汽车相关 充电站,其他,4,其他
星星充电汽车公共充电站,汽车相关,充电站,108.593116,34.03754,陕西省,西安市,108.593116,34.03754,星星充电汽车公共充电站,西安市,汽车相关 充电站,星星充电,6,其他
星星充电汽车公共充电站,汽车相关,充电站,108.572747,34.035321,陕西省,西安市,108.572747,34.035321,星星充电汽车公共充电站,西安市,汽车相关 充电站,星星充电,5,其他
星星充电汽车公共充电站,汽车相关,充电站,108.591513,34.039165,陕西省,西安市,108.591513,34.039165,星星充电汽车公共充电站,西安市,汽车相关 充电站,星星充电,4,其他
星星充电汽车公共充电站,汽车相关,充电站,108.587004,34.021656,陕西省,西安市,108.587004,34.021656,星星充电汽车公共充电站,西安市,汽车相关 充电站,星星充电,7,其他
星星充电汽车公共充电站,汽车相关,充电站,108.592727,34.037603000000004,陕西省,西安市,108.592727,34.037603000000004,星星充电汽车公共充电站,西安市,汽车相关 充电站,星星充电,6,其他
星星充电汽车公共充电站,汽车相关,充电站,108.583473,34.021519999999995,陕西省,西安市,108.583473,34.021519999999995,星星充电汽车公共充电站,西安市,汽车相关 充电站,星星充电,3,其他
星星充电汽车公共充电站,汽车相关,充电站,108.57718,34.078037,陕西省,西安市,108.57718,34.078037,星星充电汽车公共充电站,西安市,汽车相关 充电站,星星充电,5,其他
星星充电汽车充电站,汽车相关,充电站,108.588747,34.100006,陕西省,西安市,108.588747,34.100006,星星充电汽车充电站,西安市,汽车相关 充电站,星星充电,7,其他
星星充电汽车公共充电站,汽车相关,充电站,108.574088,34.058061,陕西省,西安市,108.574088,34.058061,星星充电汽车公共充电站,西安市,汽车相关 充电站,星星充电,7,其他
星星充电汽车公共充电站,汽车相关,充电站,108.584393,34.078160000000004,陕西省,西安市,108.584393,34.078160000000004,星星充电汽车公共充电站,西安市,汽车相关 充电站,星星充电,3,其他
星星充电汽车公共充电站,汽车相关,充电站,108.569374,34.096555,陕西省,西安市,108.569374,34.096555,星星充电汽车公共充电站,西安市,汽车相关 充电站,星星充电,5,其他
星星充电汽车公共充电站,汽车相关,充电站,108.593481,34.052035000000004,陕西省,西安市,108.593481,34.052035000000004,星星充电汽车公共充电站,西安市,汽车相关 充电站,星星充电,6,其他
星星充电汽车公共充电站,汽车相关,充电站,108.554695,34.097487,陕西省,西安市,108.554695,34.097487,星星充电汽车公共充电站,西安市,汽车相关 充电站,星星充电,2,其他
星星充电汽车公共充电站,汽车相关,充电站,108.560633,34.096789,陕西省,西安市,108.560633,34.096789,星星充电汽车公共充电站,西安市,汽车相关 充电站,星星充电,5,其他
星星充电汽车公共充电站,汽车相关,充电站,108.587301,34.080740000000006,陕西省,西安市,108.587301,34.080740000000006,星星充电汽车公共充电站,西安市,汽车相关 充电站,星星充电,3,其他
星星充电汽车公共充电站,汽车相关,充电站,108.576256,34.078632000000006,陕西省,西安市,108.576256,34.078632000000006,星星充电汽车公共充电站,西安市,汽车相关 充电站,星星充电,7,其他
星星充电汽车公共充电站,汽车相关,充电站,108.588048,34.084568,陕西省,西安市,108.588048,34.084568,星星充电汽车公共充电站,西安市,汽车相关 充电站,星星充电,6,其他
星星充电汽车公共充电站,汽车相关,充电站,108.58806,34.084612,陕西省,西安市,108.58806,34.084612,星星充电汽车公共充电站,西安市,汽车相关 充电站,星星充电,5,其他
星星充电汽车公共充电站,汽车相关,充电站,108.566273,34.093775,陕西省,西安市,108.566273,34.093775,星星充电汽车公共充电站,西安市,汽车相关 充电站,星星充电,2,其他
星星充电汽车公共充电站,汽车相关,充电站,108.573346,34.053270000000005,陕西省,西安市,108.573346,34.053270000000005,星星充电汽车公共充电站,西安市,汽车相关 充电站,星星充电,2,其他
永恒物流公共充电站,汽车相关,其他,109.07907,34.425206,陕西省,西安市,109.07907,34.425206,永恒物流公共充电站,西安市,汽车相关 其他,其他,4,其他
星星充电汽车公共充电站,汽车相关,充电站,109.089665,34.413384,陕西省,西安市,109.089665,34.413384,星星充电汽车公共充电站,西安市,汽车相关 充电站,星星充电,4,其他
特来电公共充电站,汽车相关,充电站,109.089413,34.413553,陕西省,西安市,109.089413,34.413553,特来电公共充电站,西安市,汽车相关 充电站,特来电,8,其他
星星充电汽车公共充电站,汽车相关,充电站,108.54536,34.169955,陕西省,西安市,108.54536,34.169955,星星充电汽车公共充电站,西安市,汽车相关 充电站,星星充电,3,其他
影视城新能源汽车充电站,汽车相关,充电站,109.276903,34.072514000000005,陕西省,西安市,109.276903,34.072514000000005,影视城新能源汽车充电站,西安市,汽车相关 充电站,其他,5,其他
星星充电汽车公共充电站,汽车相关,充电站,109.225138,34.017888,陕西省,西安市,109.225138,34.017888,星星充电汽车公共充电站,西安市,汽车相关 充电站,星星充电,5,其他
星星充电汽车公共充电站,汽车相关,充电站,109.225149,34.017829,陕西省,西安市,109.225149,34.017829,星星充电汽车公共充电站,西安市,汽车相关 充电站,星星充电,8,其他
汤峪镇洪家寨星星公共充电站,汽车相关,其他,109.203328,34.061527000000005,陕西省,西安市,109.203328,34.061527000000005,汤峪镇洪家寨星星公共充电站,西安市,汽车相关 其他,其他,7,其他
益友汽车公共充电站,汽车相关,充电站,109.255323,34.198808,陕西省,西安市,109.255323,34.198808,益友汽车公共充电站,西安市,汽车相关 充电站,其他,7,其他
振涛新能源汽车充电,汽车相关,充电站,109.247157,34.200933,陕西省,西安市,109.247157,34.200933,振涛新能源汽车充电,西安市,汽车相关 充电站,其他,8,其他
国家电网汽车公共充电站,汽车相关,充电站,109.233274,34.260507,陕西省,西安市,109.233274,34.260507,国家电网汽车公共充电站,西安市,汽车相关 充电站,国家电网,7,其他
临潼及时雨公共充电站,汽车相关,充电站,109.316794,34.385975,陕西省,西安市,109.316794,34.385975,临潼及时雨公共充电站,西安市,汽车相关 充电站,其他,4,其他
特来电公共充电站,汽车相关,充电站,109.319123,34.412304,陕西省,西安市,109.319123,34.412304,特来电公共充电站,西安市,汽车相关 充电站,特来电,5,其他
临潼燃气高庙CNGLNG加气站充电站,汽车相关,其他能源站,109.205383,34.535459,陕西省,西安市,109.205383,34.535459,临潼燃气高庙CNGLNG加气站充电站,西安市,汽车相关 其他能源站,其他,8,其他
特来电公共充电站,汽车相关,充电站,109.205691,34.530989,陕西省,西安市,109.205691,34.530989,特来电公共充电站,西安市,汽车相关 充电站,特来电,5,其他
电动车快充,生活服务,其他,108.296765,34.09239,陕西省,西安市,108.296765,34.09239,电动车快充,西安市,生活服务 其他,其他,2,其他
国家电网汽车公共充电站,汽车相关,充电站,108.354963,34.068798,陕西省,西安市,108.354963,34.068798,国家电网汽车公共充电站,西安市,汽车相关 充电站,国家电网,4,其他
国家电网汽车充电站,汽车相关,充电站,108.355157,34.068786,陕西省,西安市,108.355157,34.068786,国家电网汽车充电站,西安市,汽车相关 充电站,国家电网,6,其他
云快充汽车公共充电站,汽车相关,充电站,108.326581,34.087363,陕西省,西安市,108.326581,34.087363,云快充汽车公共充电站,西安市,汽车相关 充电站,云快充,4,其他
星星充电汽车公共充电站,汽车相关,充电站,108.207499,34.171712,陕西省,西安市,108.207499,34.171712,星星充电汽车公共充电站,西安市,汽车相关 充电站,星星充电,8,其他
星星充电汽车公共充电站,汽车相关,充电站,108.207112,34.1714,陕西省,西安市,108.207112,34.1714,星星充电汽车公共充电站,西安市,汽车相关 充电站,星星充电,6,其他
北大门公共充电站,汽车相关,充电站,108.208257,34.171429,陕西省,西安市,108.208257,34.171429,北大门公共充电站,西安市,汽车相关 充电站,其他,2,其他
公共充电站快修厂,汽车相关,汽车维修,108.221169,34.168001000000004,陕西省,西安市,108.221169,34.168001000000004,公共充电站快修厂,西安市,汽车相关 汽车维修,其他,8,其他
金渭电动汽车公共充电站,汽车相关,充电站,108.213235,34.195262,陕西省,西安市,108.213235,34.195262,金渭电动汽车公共充电站,西安市,汽车相关 充电站,其他,3,其他
特来电公共充电站,汽车相关,充电站,108.221135,34.168066,陕西省,西安市,108.221135,34.168066,特来电公共充电站,西安市,汽车相关 充电站,特来电,5,其他
星星充电汽车公共充电站,汽车相关,充电站,108.213814,34.195743,陕西省,西安市,108.213814,34.195743,星星充电汽车公共充电站,西安市,汽车相关 充电站,星星充电,2,其他
特来电汽车超级快充公共充电站,汽车相关,充电站,108.221094,34.16808,陕西省,西安市,108.221094,34.16808,特来电汽车超级快充公共充电站,西安市,汽车相关 充电站,特来电,5,其他
星星充电汽车公共充电站,汽车相关,充电站,108.713708,34.00042,陕西省,西安市,108.713708,34.00042,星星充电汽车公共充电站,西安市,汽车相关 充电站,星星充电,7,其他
星星充电汽车公共充电站,汽车相关,充电站,108.714677,33.998546,陕西省,西安市,108.714677,33.998546,星星充电汽车公共充电站,西安市,汽车相关 充电站,星星充电,3,其他
星星充电汽车公共充电站,汽车相关,充电站,108.714653,33.998469,陕西省,西安市,108.714653,33.998469,星星充电汽车公共充电站,西安市,汽车相关 充电站,星星充电,3,其他
星星充电汽车公共充电站,汽车相关,充电站,108.714661,33.99851,陕西省,西安市,108.714661,33.99851,星星充电汽车公共充电站,西安市,汽车相关 充电站,星星充电,2,其他
特来电公共充电站,汽车相关,充电站,108.709874,34.040909,陕西省,西安市,108.709874,34.040909,特来电公共充电站,西安市,汽车相关 充电站,特来电,3,其他
国家电网汽车公共充电站,汽车相关,充电站,108.6721,34.036088,陕西省,西安市,108.6721,34.036088,国家电网汽车公共充电站,西安市,汽车相关 充电站,国家电网,6,其他
云快充汽车公共充电站,汽车相关,充电站,108.661824,34.045701,陕西省,西安市,108.661824,34.045701,云快充汽车公共充电站,西安市,汽车相关 充电站,云快充,3,其他
星星充电汽车公共充电站,汽车相关,充电站,108.68015,34.067778000000004,陕西省,西安市,108.68015,34.067778000000004,星星充电汽车公共充电站,西安市,汽车相关 充电站,星星充电,5,其他
星星充电汽车公共充电站,汽车相关,充电站,108.675234,34.088145,陕西省,西安市,108.675234,34.088145,星星充电汽车公共充电站,西安市,汽车相关 充电站,星星充电,5,其他
星星充电汽车公共充电站,汽车相关,充电站,108.676276,34.086708,陕西省,西安市,108.676276,34.086708,星星充电汽车公共充电站,西安市,汽车相关 充电站,星星充电,8,其他
星星充电汽车公共充电站,汽车相关,充电站,108.643025,34.100307,陕西省,西安市,108.643025,34.100307,星星充电汽车公共充电站,西安市,汽车相关 充电站,星星充电,5,其他
星星充电汽车公共充电站,汽车相关,充电站,108.645894,34.082906,陕西省,西安市,108.645894,34.082906,星星充电汽车公共充电站,西安市,汽车相关 充电站,星星充电,8,其他
星星充电汽车公共充电站,汽车相关,充电站,108.642282,34.100112,陕西省,西安市,108.642282,34.100112,星星充电汽车公共充电站,西安市,汽车相关 充电站,星星充电,5,其他
星星充电汽车公共充电站,汽车相关,充电站,108.692015,34.057674,陕西省,西安市,108.692015,34.057674,星星充电汽车公共充电站,西安市,汽车相关 充电站,星星充电,6,其他
星星充电汽车公共充电站,汽车相关,充电站,108.69757,34.077597999999995,陕西省,西安市,108.69757,34.077597999999995,星星充电汽车公共充电站,西安市,汽车相关 充电站,星星充电,8,其他
星星充电汽车公共充电站,汽车相关,充电站,108.704047,34.126191000000006,陕西省,西安市,108.704047,34.126191000000006,星星充电汽车公共充电站,西安市,汽车相关 充电站,星星充电,4,其他
星星充电汽车公共充电站,汽车相关,充电站,108.716926,34.106297999999995,陕西省,西安市,108.716926,34.106297999999995,星星充电汽车公共充电站,西安市,汽车相关 充电站,星星充电,7,其他
星星充电汽车公共充电站,汽车相关,充电站,108.713972,34.136667,陕西省,西安市,108.713972,34.136667,星星充电汽车公共充电站,西安市,汽车相关 充电站,星星充电,2,其他
星辉公共充电站,汽车相关,充电站,108.66554,34.108413000000006,陕西省,西安市,108.66554,34.108413000000006,星辉公共充电站,西安市,汽车相关 充电站,其他,5,其他
星星充电汽车公共充电站,汽车相关,充电站,108.669519,34.118008,陕西省,西安市,108.669519,34.118008,星星充电汽车公共充电站,西安市,汽车相关 充电站,星星充电,3,其他
星星充电汽车公共充电站,汽车相关,充电站,108.677436,34.14942,陕西省,西安市,108.677436,34.14942,星星充电汽车公共充电站,西安市,汽车相关 充电站,星星充电,5,其他
星星充电汽车公共充电站,汽车相关,充电站,108.675849,34.149311999999995,陕西省,西安市,108.675849,34.149311999999995,星星充电汽车公共充电站,西安市,汽车相关 充电站,星星充电,3,其他
星星充电汽车公共充电站,汽车相关,充电站,108.664127,34.155497,陕西省,西安市,108.664127,34.155497,星星充电汽车公共充电站,西安市,汽车相关 充电站,星星充电,7,其他
星星充电汽车公共充电站,汽车相关,充电站,108.664175,34.155444,陕西省,西安市,108.664175,34.155444,星星充电汽车公共充电站,西安市,汽车相关 充电站,星星充电,7,其他
星星充电汽车公共充电站,汽车相关,充电站,108.664192,34.15459,陕西省,西安市,108.664192,34.15459,星星充电汽车公共充电站,西安市,汽车相关 充电站,星星充电,7,其他
星星充电汽车公共充电站,汽车相关,充电站,108.614586,34.055835,陕西省,西安市,108.614586,34.055835,星星充电汽车公共充电站,西安市,汽车相关 充电站,星星充电,3,其他
星星充电汽车公共充电站,汽车相关,充电站,108.615357,34.055831000000005,陕西省,西安市,108.615357,34.055831000000005,星星充电汽车公共充电站,西安市,汽车相关 充电站,星星充电,5,其他
星星充电汽车公共充电站,汽车相关,充电站,108.604129,34.069251,陕西省,西安市,108.604129,34.069251,星星充电汽车公共充电站,西安市,汽车相关 充电站,星星充电,7,其他
星星充电汽车公共充电站,汽车相关,充电站,108.614756,34.055263000000004,陕西省,西安市,108.614756,34.055263000000004,星星充电汽车公共充电站,西安市,汽车相关 充电站,星星充电,6,其他
星星充电汽车公共充电站,汽车相关,充电站,108.615388,34.055886,陕西省,西安市,108.615388,34.055886,星星充电汽车公共充电站,西安市,汽车相关 充电站,星星充电,8,其他
星星充电汽车公共充电站,汽车相关,充电站,108.615396,34.055896000000004,陕西省,西安市,108.615396,34.055896000000004,星星充电汽车公共充电站,西安市,汽车相关 充电站,星星充电,3,其他
星星充电汽车公共充电站,汽车相关,充电站,108.63431,34.166152000000004,陕西省,西安市,108.63431,34.166152000000004,星星充电汽车公共充电站,西安市,汽车相关 充电站,星星充电,3,其他
星星充电汽车公共充电站,汽车相关,充电站,108.621484,34.144002,陕西省,西安市,108.621484,34.144002,星星充电汽车公共充电站,西安市,汽车相关 充电站,星星充电,5,其他
星星充电汽车公共充电站,汽车相关,充电站,108.562452,34.107578,陕西省,西安市,108.562452,34.107578,星星充电汽车公共充电站,西安市,汽车相关 充电站,星星充电,3,其他
星星充电汽车公共充电站,汽车相关,充电站,108.556581,34.133888000000006,陕西省,西安市,108.556581,34.133888000000006,星星充电汽车公共充电站,西安市,汽车相关 充电站,星星充电,3,其他
星星充电汽车公共充电站,汽车相关,充电站,108.58688,34.108902,陕西省,西安市,108.58688,34.108902,星星充电汽车公共充电站,西安市,汽车相关 充电站,星星充电,7,其他
星星充电汽车公共充电站,汽车相关,充电站,108.583094,34.10954,陕西省,西安市,108.583094,34.10954,星星充电汽车公共充电站,西安市,汽车相关 充电站,星星充电,5,其他
星星充电汽车公共充电站,汽车相关,充电站,108.594075,34.111818,陕西省,西安市,108.594075,34.111818,星星充电汽车公共充电站,西安市,汽车相关 充电站,星星充电,7,其他
星星充电汽车公共充电站,汽车相关,充电站,108.594833,34.107462,陕西省,西安市,108.594833,34.107462,星星充电汽车公共充电站,西安市,汽车相关 充电站,星星充电,8,其他
星星充电汽车公共充电站,汽车相关,充电站,108.582927,34.110251,陕西省,西安市,108.582927,34.110251,星星充电汽车公共充电站,西安市,汽车相关 充电站,星星充电,8,其他
星星充电汽车公共充电站,汽车相关,充电站,108.579433,34.107359,陕西省,西安市,108.579433,34.107359,星星充电汽车公共充电站,西安市,汽车相关 充电站,星星充电,7,其他
星星充电汽车公共充电站,汽车相关,充电站,108.559653,34.142779,陕西省,西安市,108.559653,34.142779,星星充电汽车公共充电站,西安市,汽车相关 充电站,星星充电,8,其他
星星充电汽车公共充电站,汽车相关,充电站,108.470004,34.069192,陕西省,西安市,108.470004,34.069192,星星充电汽车公共充电站,西安市,汽车相关 充电站,星星充电,5,其他
星星充电汽车公共充电站,汽车相关,充电站,108.499099,34.066271,陕西省,西安市,108.499099,34.066271,星星充电汽车公共充电站,西安市,汽车相关 充电站,星星充电,2,其他
星星充电汽车公共充电站,汽车相关,充电站,108.492287,34.100643,陕西省,西安市,108.492287,34.100643,星星充电汽车公共充电站,西安市,汽车相关 充电站,星星充电,7,其他
星星充电汽车公共充电站,汽车相关,充电站,108.491868,34.103418,陕西省,西安市,108.491868,34.103418,星星充电汽车公共充电站,西安市,汽车相关 充电站,星星充电,6,其他
星星充电汽车公共充电站,汽车相关,充电站,108.497684,34.105582000000005,陕西省,西安市,108.497684,34.105582000000005,星星充电汽车公共充电站,西安市,汽车相关 充电站,星星充电,6,其他
星星充电汽车公共充电站,汽车相关,充电站,108.493802,34.101746,陕西省,西安市,108.493802,34.101746,星星充电汽车公共充电站,西安市,汽车相关 充电站,星星充电,3,其他
星星充电汽车公共充电站,汽车相关,充电站,108.479378,34.081168,陕西省,西安市,108.479378,34.081168,星星充电汽车公共充电站,西安市,汽车相关 充电站,星星充电,8,其他
星星充电汽车公共充电站,汽车相关,充电站,108.478466,34.077853,陕西省,西安市,108.478466,34.077853,星星充电汽车公共充电站,西安市,汽车相关 充电站,星星充电,6,其他
星星充电汽车公共充电站,汽车相关,充电站,108.520741,34.106622,陕西省,西安市,108.520741,34.106622,星星充电汽车公共充电站,西安市,汽车相关 充电站,星星充电,3,其他
星星充电汽车公共充电站,汽车相关,充电站,108.54907,34.147345,陕西省,西安市,108.54907,34.147345,星星充电汽车公共充电站,西安市,汽车相关 充电站,星星充电,2,其他
星星充电汽车公共充电站,汽车相关,充电站,108.521162,34.158063000000006,陕西省,西安市,108.521162,34.158063000000006,星星充电汽车公共充电站,西安市,汽车相关 充电站,星星充电,5,其他
星星充电汽车公共充电站,汽车相关,充电站,108.526864,34.163272,陕西省,西安市,108.526864,34.163272,星星充电汽车公共充电站,西安市,汽车相关 充电站,星星充电,5,其他
星星充电汽车公共充电站,汽车相关,充电站,108.49779,34.106651,陕西省,西安市,108.49779,34.106651,星星充电汽车公共充电站,西安市,汽车相关 充电站,星星充电,5,其他
星星充电汽车公共充电站,汽车相关,充电站,108.496106,34.122087,陕西省,西安市,108.496106,34.122087,星星充电汽车公共充电站,西安市,汽车相关 充电站,星星充电,6,其他
星星充电汽车公共充电站,汽车相关,充电站,108.483918,34.148514000000006,陕西省,西安市,108.483918,34.148514000000006,星星充电汽车公共充电站,西安市,汽车相关 充电站,星星充电,2,其他
星星充电汽车公共充电站,汽车相关,充电站,108.483893,34.148533,陕西省,西安市,108.483893,34.148533,星星充电汽车公共充电站,西安市,汽车相关 充电站,星星充电,6,其他
星星充电汽车公共充电站,汽车相关,充电站,108.483879,34.148502,陕西省,西安市,108.483879,34.148502,星星充电汽车公共充电站,西安市,汽车相关 充电站,星星充电,8,其他
星星充电汽车公共充电站,汽车相关,充电站,108.483942,34.148513,陕西省,西安市,108.483942,34.148513,星星充电汽车公共充电站,西安市,汽车相关 充电站,星星充电,6,其他
星星充电汽车公共充电站,汽车相关,充电站,108.493388,34.139961,陕西省,西安市,108.493388,34.139961,星星充电汽车公共充电站,西安市,汽车相关 充电站,星星充电,2,其他
星星充电汽车公共充电站,汽车相关,充电站,108.483931,34.148486000000005,陕西省,西安市,108.483931,34.148486000000005,星星充电汽车公共充电站,西安市,汽车相关 充电站,星星充电,2,其他
特来电充电站,汽车相关,充电站,108.995485,34.028031,陕西省,西安市,108.995485,34.028031,特来电充电站,西安市,汽车相关 充电站,特来电,8,其他
南五台服务站国家电网电动汽车充电站,汽车相关,充电站,108.994085,34.025826,陕西省,西安市,108.994085,34.025826,南五台服务站国家电网电动汽车充电站,西安市,汽车相关 充电站,国家电网,2,其他
特来电充电站,汽车相关,充电站,108.995312,34.025764,陕西省,西安市,108.995312,34.025764,特来电充电站,西安市,汽车相关 充电站,特来电,2,其他
南五台服务站国家电网电动汽车充电站,汽车相关,充电站,108.997696,34.028628999999995,陕西省,西安市,108.997696,34.028628999999995,南五台服务站国家电网电动汽车充电站,西安市,汽车相关 充电站,国家电网,5,其他
晨晨快充汽车公共充电站,汽车相关,其他,109.012093,34.072468,陕西省,西安市,109.012093,34.072468,晨晨快充汽车公共充电站,西安市,汽车相关 其他,其他,8,其他
晨晨快充,汽车相关,其他,109.015186,34.075872,陕西省,西安市,109.015186,34.075872,晨晨快充,西安市,汽车相关 其他,其他,4,其他
合创-晨晨快充公共充电站,汽车相关,其他,109.015254,34.075874,陕西省,西安市,109.015254,34.075874,合创-晨晨快充公共充电站,西安市,汽车相关 其他,其他,4,其他
云快充晨晨汽车公共充电站,汽车相关,充电站,109.015257,34.075973,陕西省,西安市,109.015257,34.075973,云快充晨晨汽车公共充电站,西安市,汽车相关 充电站,云快充,2,其他
云快充公共充电站,汽车相关,充电站,109.016794,34.076253,陕西省,西安市,109.016794,34.076253,云快充公共充电站,西安市,汽车相关 充电站,云快充,4,其他
云快充汽车公共充电站,汽车相关,充电站,109.016101,34.075876,陕西省,西安市,109.016101,34.075876,云快充汽车公共充电站,西安市,汽车相关 充电站,云快充,4,其他
国家电网公共充电站,汽车相关,充电站,109.054653,34.13749,陕西省,西安市,109.054653,34.13749,国家电网公共充电站,西安市,汽车相关 充电站,国家电网,2,其他
特来电公共充电站,汽车相关,充电站,109.022712,34.159441,陕西省,西安市,109.022712,34.159441,特来电公共充电站,西安市,汽车相关 充电站,特来电,4,其他
国网深物流公共公共充电站,汽车相关,充电站,109.014861,34.154531,陕西省,西安市,109.014861,34.154531,国网深物流公共公共充电站,西安市,汽车相关 充电站,国家电网,6,其他
云快充汽车公共充电站,汽车相关,充电站,108.930644,34.096169,陕西省,西安市,108.930644,34.096169,云快充汽车公共充电站,西安市,汽车相关 充电站,云快充,3,其他
星星充电汽车公共充电站,汽车相关,充电站,108.817994,34.038596000000005,陕西省,西安市,108.817994,34.038596000000005,星星充电汽车公共充电站,西安市,汽车相关 充电站,星星充电,8,其他
星星充电汽车公共充电站,汽车相关,充电站,108.735884,34.012337,陕西省,西安市,108.735884,34.012337,星星充电汽车公共充电站,西安市,汽车相关 充电站,星星充电,3,其他
云快充汽车公共充电站,汽车相关,充电站,108.746653,34.014331,陕西省,西安市,108.746653,34.014331,云快充汽车公共充电站,西安市,汽车相关 充电站,云快充,2,其他
云杉智慧汽车公共充电站-秦岭野生动物园公共充电站,汽车相关,充电站,108.868395,34.047369,陕西省,西安市,108.868395,34.047369,云杉智慧汽车公共充电站-秦岭野生动物园公共充电站,西安市,汽车相关 充电站,其他,5,其他
万马爱充公共充电站,汽车相关,充电站,108.866657,34.047379,陕西省,西安市,108.866657,34.047379,万马爱充公共充电站,西安市,汽车相关 充电站,其他,8,其他
老虎快充,汽车相关,其他,108.830855,34.160587,陕西省,西安市,108.830855,34.160587,老虎快充,西安市,汽车相关 其他,其他,2,其他
云快充公共充电站,汽车相关,充电站,108.830837,34.160664000000004,陕西省,西安市,108.830837,34.160664000000004,云快充公共充电站,西安市,汽车相关 充电站,云快充,5,其他
特来电公共充电站,汽车相关,充电站,108.841002,34.160082,陕西省,西安市,108.841002,34.160082,特来电公共充电站,西安市,汽车相关 充电站,特来电,3,其他
沃尔新能源汽车公共充电站,汽车相关,充电站,108.830654,34.160562,陕西省,西安市,108.830654,34.160562,沃尔新能源汽车公共充电站,西安市,汽车相关 充电站,其他,2,其他
云快充军平商店电站,汽车相关,充电站,108.752208,34.058662,陕西省,西安市,108.752208,34.058662,云快充军平商店电站,西安市,汽车相关 充电站,云快充,8,其他
云快充汽车公共充电站,汽车相关,充电站,108.750492,34.055987,陕西省,西安市,108.750492,34.055987,云快充汽车公共充电站,西安市,汽车相关 充电站,云快充,8,其他
汽车公共充电站,汽车相关,充电站,108.767481,34.060336,陕西省,西安市,108.767481,34.060336,汽车公共充电站,西安市,汽车相关 充电站,其他,7,其他
太平河公共充电站,汽车相关,充电站,108.767626,34.060368,陕西省,西安市,108.767626,34.060368,太平河公共充电站,西安市,汽车相关 充电站,其他,6,其他
特来电公共充电站,汽车相关,充电站,108.770819,34.045479,陕西省,西安市,108.770819,34.045479,特来电公共充电站,西安市,汽车相关 充电站,特来电,4,其他
云快充汽车公共充电站,汽车相关,充电站,108.762623,34.060284,陕西省,西安市,108.762623,34.060284,云快充汽车公共充电站,西安市,汽车相关 充电站,云快充,5,其他
兆丰公共充电站,汽车相关,充电站,108.804975,34.095638,陕西省,西安市,108.804975,34.095638,兆丰公共充电站,西安市,汽车相关 充电站,其他,7,其他
特来电公共充电站,汽车相关,充电站,108.787263,34.082914,陕西省,西安市,108.787263,34.082914,特来电公共充电站,西安市,汽车相关 充电站,特来电,4,其他
星星充电汽车公共充电站,汽车相关,充电站,108.803227,34.166497,陕西省,西安市,108.803227,34.166497,星星充电汽车公共充电站,西安市,汽车相关 充电站,星星充电,4,其他
星星充电汽车公共充电站,汽车相关,充电站,108.803151,34.166544,陕西省,西安市,108.803151,34.166544,星星充电汽车公共充电站,西安市,汽车相关 充电站,星星充电,2,其他
特来电充电站,汽车相关,充电站,108.758924,34.151413999999995,陕西省,西安市,108.758924,34.151413999999995,特来电充电站,西安市,汽车相关 充电站,特来电,4,其他
国家电网汽车充电站,汽车相关,充电站,108.740731,34.228492,陕西省,西安市,108.740731,34.228492,国家电网汽车充电站,西安市,汽车相关 充电站,国家电网,6,其他
西咸公交昆明池社会公共充电站,汽车相关,充电站,108.776982,34.216525,陕西省,西安市,108.776982,34.216525,西咸公交昆明池社会公共充电站,西安市,汽车相关 充电站,其他,8,其他
依威能源汽车公共充电站,汽车相关,充电站,108.782898,34.266924,陕西省,西安市,108.782898,34.266924,依威能源汽车公共充电站,西安市,汽车相关 充电站,其他,7,其他
国家电网充电站,汽车相关,充电站,108.776773,34.262135,陕西省,西安市,108.776773,34.262135,国家电网充电站,西安市,汽车相关 充电站,国家电网,4,其他
国家电网汽车充电站,汽车相关,充电站,108.776765,34.262086,陕西省,西安市,108.776765,34.262086,国家电网汽车充电站,西安市,汽车相关 充电站,国家电网,2,其他
国家电网汽车公共充电站,汽车相关,充电站,108.740834,34.228822,陕西省,西安市,108.740834,34.228822,国家电网汽车公共充电站,西安市,汽车相关 充电站,国家电网,6,其他
万马爱充充电站,汽车相关,充电站,109.024147,34.194959000000004,陕西省,西安市,109.024147,34.194959000000004,万马爱充充电站,西安市,汽车相关 充电站,其他,3,其他
云快充汽车公共充电站,汽车相关,充电站,109.030367,34.194909,陕西省,西安市,109.030367,34.194909,云快充汽车公共充电站,西安市,汽车相关 充电站,云快充,8,其他
杜陵邑遗址公园P3专用停车场最美充电站,汽车相关,充电站,109.03067,34.194266,陕西省,西安市,109.03067,34.194266,杜陵邑遗址公园P3专用停车场最美充电站,西安市,汽车相关 充电站,其他,8,其他
云快充汽车充电站,汽车相关,充电站,109.024462,34.194801000000005,陕西省,西安市,109.024462,34.194801000000005,云快充汽车充电站,西安市,汽车相关 充电站,云快充,7,其他
卡丘汽车公共充电站,汽车相关,充电站,109.086006,34.400044,陕西省,西安市,109.086006,34.400044,卡丘汽车公共充电站,西安市,汽车相关 充电站,其他,8,其他
小桔充电汽车充电站,汽车相关,充电站,109.041283,34.395645,陕西省,西安市,109.041283,34.395645,小桔充电汽车充电站,西安市,汽车相关 充电站,其他,4,其他
依威能源汽车公共充电站,汽车相关,充电站,108.951882,34.388453,陕西省,西安市,108.951882,34.388453,依威能源汽车公共充电站,西安市,汽车相关 充电站,其他,2,其他
万马爱充北客站文景山生态公园站,汽车相关,充电站,108.947864,34.383899,陕西省,西安市,108.947864,34.383899,万马爱充北客站文景山生态公园站,西安市,汽车相关 充电站,其他,8,其他
万马爱充公共充电站,汽车相关,充电站,108.947328,34.38373,陕西省,西安市,108.947328,34.38373,万马爱充公共充电站,西安市,汽车相关 充电站,其他,8,其他
万马爱充汽车公共充电站,汽车相关,充电站,108.94748,34.383716,陕西省,西安市,108.94748,34.383716,万马爱充汽车公共充电站,西安市,汽车相关 充电站,其他,3,其他
直流充电桩,汽车相关,充电站,109.065772,34.490445,陕西省,西安市,109.065772,34.490445,直流充电桩,西安市,汽车相关 充电站,其他,3,其他
兰亮直流公共充电站,汽车相关,充电站,109.065566,34.490577,陕西省,西安市,109.065566,34.490577,兰亮直流公共充电站,西安市,汽车相关 充电站,其他,5,其他
特来电公共充电站,汽车相关,充电站,109.057598,34.489121000000004,陕西省,西安市,109.057598,34.489121000000004,特来电公共充电站,西安市,汽车相关 充电站,特来电,6,其他
刘奎商店直流公共充电站,汽车相关,充电站,109.069929,34.491012,陕西省,西安市,109.069929,34.491012,刘奎商店直流公共充电站,西安市,汽车相关 充电站,其他,4,其他
日兴能源L-CNG加油加气充电站,汽车相关,充电站,109.075894,34.490922999999995,陕西省,西安市,109.075894,34.490922999999995,日兴能源L-CNG加油加气充电站,西安市,汽车相关 充电站,其他,8,其他
特来电公共充电站,汽车相关,充电站,109.057626,34.505935,陕西省,西安市,109.057626,34.505935,特来电公共充电站,西安市,汽车相关 充电站,特来电,8,其他
云快充公共充电站,汽车相关,充电站,109.023586,34.519037000000004,陕西省,西安市,109.023586,34.519037000000004,云快充公共充电站,西安市,汽车相关 充电站,云快充,2,其他
特来电公共充电站,汽车相关,充电站,109.022008,34.521198,陕西省,西安市,109.022008,34.521198,特来电公共充电站,西安市,汽车相关 充电站,特来电,5,其他
云快充公共充电站,汽车相关,充电站,109.021707,34.52153,陕西省,西安市,109.021707,34.52153,云快充公共充电站,西安市,汽车相关 充电站,云快充,6,其他
星星充电汽车公共充电站,汽车相关,充电站,108.563815,34.18281399999999,陕西省,西安市,108.563815,34.18281399999999,星星充电汽车公共充电站,西安市,汽车相关 充电站,星星充电,5,其他
星星充电汽车公共充电站,汽车相关,充电站,108.55614,34.172318999999995,陕西省,西安市,108.55614,34.172318999999995,星星充电汽车公共充电站,西安市,汽车相关 充电站,星星充电,7,其他
星星充电汽车充电站,汽车相关,充电站,108.551179,34.171929,陕西省,西安市,108.551179,34.171929,星星充电汽车充电站,西安市,汽车相关 充电站,星星充电,6,其他
星星充电汽车公共充电站,汽车相关,充电站,108.576247,34.172039,陕西省,西安市,108.576247,34.172039,星星充电汽车公共充电站,西安市,汽车相关 充电站,星星充电,8,其他
星星充电汽车公共充电站,汽车相关,充电站,108.600864,34.181647,陕西省,西安市,108.600864,34.181647,星星充电汽车公共充电站,西安市,汽车相关 充电站,星星充电,8,其他
星星充电汽车公共充电站,汽车相关,充电站,108.597393,34.201048,陕西省,西安市,108.597393,34.201048,星星充电汽车公共充电站,西安市,汽车相关 充电站,星星充电,6,其他
万马爱充汽车公共充电站,汽车相关,充电站,108.657677,34.187483,陕西省,西安市,108.657677,34.187483,万马爱充汽车公共充电站,西安市,汽车相关 充电站,其他,8,其他
星星充电汽车公共充电站,汽车相关,充电站,108.674877,34.168434,陕西省,西安市,108.674877,34.168434,星星充电汽车公共充电站,西安市,汽车相关 充电站,星星充电,4,其他
高桥服务站国家电网电动汽车充电站,汽车相关,充电站,108.707435,34.254897,陕西省,西安市,108.707435,34.254897,高桥服务站国家电网电动汽车充电站,西安市,汽车相关 充电站,国家电网,6,其他
高桥服务站国家电网电动汽车充电站,汽车相关,充电站,108.711074,34.257371,陕西省,西安市,108.711074,34.257371,高桥服务站国家电网电动汽车充电站,西安市,汽车相关 充电站,国家电网,5,其他
西咸汽服汽车公共充电站,汽车相关,充电站,108.7141,34.240909,陕西省,西安市,108.7141,34.240909,西咸汽服汽车公共充电站,西安市,汽车相关 充电站,其他,6,其他
国家电网公共充电站,汽车相关,充电站,108.654451,34.255,陕西省,西安市,108.654451,34.255,国家电网公共充电站,西安市,汽车相关 充电站,国家电网,8,其他
西咸汽服汽车公共充电站,汽车相关,充电站,108.655337,34.249994,陕西省,西安市,108.655337,34.249994,西咸汽服汽车公共充电站,西安市,汽车相关 充电站,其他,4,其他
蓝田东服务站国家电网电动汽车充电站,汽车相关,充电站,109.40175,34.157335,陕西省,西安市,109.40175,34.157335,蓝田东服务站国家电网电动汽车充电站,西安市,汽车相关 充电站,国家电网,4,其他
蓝田东服务站国家电网电动汽车充电站,汽车相关,充电站,109.401938,34.160272,陕西省,西安市,109.401938,34.160272,蓝田东服务站国家电网电动汽车充电站,西安市,汽车相关 充电站,国家电网,7,其他
国家电网汽车充电站,汽车相关,充电站,109.402124,34.161011,陕西省,西安市,109.402124,34.161011,国家电网汽车充电站,西安市,汽车相关 充电站,国家电网,5,其他
顺通公共充电站,汽车相关,其他,109.34946,34.148394,陕西省,西安市,109.34946,34.148394,顺通公共充电站,西安市,汽车相关 其他,其他,3,其他
星星充电汽车公共充电站,汽车相关,充电站,109.34682,34.149214,陕西省,西安市,109.34682,34.149214,星星充电汽车公共充电站,西安市,汽车相关 充电站,星星充电,3,其他
特来电公共充电站,汽车相关,充电站,109.12331,34.122578000000004,陕西省,西安市,109.12331,34.122578000000004,特来电公共充电站,西安市,汽车相关 充电站,特来电,6,其他
玉山镇公共充电站,汽车相关,其他,109.504727,34.198626,陕西省,西安市,109.504727,34.198626,玉山镇公共充电站,西安市,汽车相关 其他,其他,7,其他
星星充电汽车公共充电站,汽车相关,充电站,109.146454,34.252658,陕西省,西安市,109.146454,34.252658,星星充电汽车公共充电站,西安市,汽车相关 充电站,星星充电,2,其他
星星充电汽车公共充电站,汽车相关,充电站,109.144833,34.286719999999995,陕西省,西安市,109.144833,34.286719999999995,星星充电汽车公共充电站,西安市,汽车相关 充电站,星星充电,6,其他
星星充电汽车公共充电站,汽车相关,充电站,109.150393,34.283291000000006,陕西省,西安市,109.150393,34.283291000000006,星星充电汽车公共充电站,西安市,汽车相关 充电站,星星充电,7,其他
华胥镇宋家村公共充电站,汽车相关,充电站,109.213328,34.218237,陕西省,西安市,109.213328,34.218237,华胥镇宋家村公共充电站,西安市,汽车相关 充电站,其他,5,其他
星星充电汽车公共充电站,汽车相关,充电站,109.189255,34.22455,陕西省,西安市,109.189255,34.22455,星星充电汽车公共充电站,西安市,汽车相关 充电站,星星充电,5,其他
依威能源陕缝小区汽车公共充电站,汽车相关,充电站,109.266183,34.380771,陕西省,西安市,109.266183,34.380771,依威能源陕缝小区汽车公共充电站,西安市,汽车相关 充电站,其他,5,其他
快来充电动汽车公共充电站,汽车相关,充电站,109.247322,34.387661,陕西省,西安市,109.247322,34.387661,快来充电动汽车公共充电站,西安市,汽车相关 充电站,其他,5,其他
特来电公共充电站,汽车相关,充电站,109.195007,34.396816,陕西省,西安市,109.195007,34.396816,特来电公共充电站,西安市,汽车相关 充电站,特来电,5,其他
充电桩,汽车相关,充电站,109.118346,34.325929,陕西省,西安市,109.118346,34.325929,充电桩,西安市,汽车相关 充电站,其他,7,其他
万马爱充汽车公共充电站,汽车相关,充电站,109.127662,34.34084,陕西省,西安市,109.127662,34.34084,万马爱充汽车公共充电站,西安市,汽车相关 充电站,其他,7,其他
临潼服务站国家电网电动汽车充电站,汽车相关,充电站,109.145018,34.34396,陕西省,西安市,109.145018,34.34396,临潼服务站国家电网电动汽车充电站,西安市,汽车相关 充电站,国家电网,4,其他
临潼服务站国家电网电动汽车充电站,汽车相关,充电站,109.145026,34.340623,陕西省,西安市,109.145026,34.340623,临潼服务站国家电网电动汽车充电站,西安市,汽车相关 充电站,国家电网,3,其他
洩湖服务区国家电网电动汽车充电站,汽车相关,充电站,109.273849,34.182333,陕西省,西安市,109.273849,34.182333,洩湖服务区国家电网电动汽车充电站,西安市,汽车相关 充电站,国家电网,8,其他
洩湖服务区国家电网电动汽车充电站,汽车相关,充电站,109.271894,34.182257,陕西省,西安市,109.271894,34.182257,洩湖服务区国家电网电动汽车充电站,西安市,汽车相关 充电站,国家电网,5,其他
云快充汽车公共充电站,汽车相关,充电站,109.283655,34.18752,陕西省,西安市,109.283655,34.18752,云快充汽车公共充电站,西安市,汽车相关 充电站,云快充,2,其他
万和利新能源公共充电站,汽车相关,充电站,109.392956,34.494035999999994,陕西省,西安市,109.392956,34.494035999999994,万和利新能源公共充电站,西安市,汽车相关 充电站,其他,8,其他
云快充汽车公共充电站,汽车相关,充电站,109.388264,34.615912,陕西省,西安市,109.388264,34.615912,云快充汽车公共充电站,西安市,汽车相关 充电站,云快充,7,其他
公共充电站寄车子,生活服务,其他,109.303065,34.63704,陕西省,西安市,109.303065,34.63704,公共充电站寄车子,西安市,生活服务 其他,其他,2,其他
特来电公共充电站,汽车相关,充电站,109.181237,34.45647,陕西省,西安市,109.181237,34.45647,特来电公共充电站,西安市,汽车相关 充电站,特来电,2,其他
国家电网汽车公共充电站,汽车相关,充电站,109.214009,34.61348,陕西省,西安市,109.214009,34.61348,国家电网汽车公共充电站,西安市,汽车相关 充电站,国家电网,2,其他
新市街办赫邢村春苗公共充电站,汽车相关,充电站,109.157569,34.558938,陕西省,西安市,109.157569,34.558938,新市街办赫邢村春苗公共充电站,西安市,汽车相关 充电站,其他,4,其他
特来电人人乐物流园公共充电站,汽车相关,充电站,109.191376,34.666847000000004,陕西省,西安市,109.191376,34.666847000000004,特来电人人乐物流园公共充电站,西安市,汽车相关 充电站,特来电,7,其他
国家电网阎良汽车站公共充电站,汽车相关,充电站,109.274295,34.663612,陕西省,西安市,109.274295,34.663612,国家电网阎良汽车站公共充电站,西安市,汽车相关 充电站,国家电网,2,其他
万马爱充汽车充电站,汽车相关,充电站,109.271553,34.663443,陕西省,西安市,109.271553,34.663443,万马爱充汽车充电站,西安市,汽车相关 充电站,其他,5,其他
国家电网汽车公共充电站,汽车相关,充电站,109.274245,34.663598,陕西省,西安市,109.274245,34.663598,国家电网汽车公共充电站,西安市,汽车相关 充电站,国家电网,6,其他
公共充电站,汽车相关,充电站,108.213349,34.136938,陕西省,西安市,108.213349,34.136938,公共充电站,西安市,汽车相关 充电站,其他,2,其他
陕西电网周至水街公共充电站,汽车相关,充电站,108.213816,34.137588,陕西省,西安市,108.213816,34.137588,陕西电网周至水街公共充电站,西安市,汽车相关 充电站,其他,4,其他
特来电公共充电站,汽车相关,充电站,108.206461,34.147602,陕西省,西安市,108.206461,34.147602,特来电公共充电站,西安市,汽车相关 充电站,特来电,8,其他
特来电公共充电站,汽车相关,充电站,108.206425,34.14761,陕西省,西安市,108.206425,34.14761,特来电公共充电站,西安市,汽车相关 充电站,特来电,7,其他
特来电公共充电站,汽车相关,充电站,108.659623,34.108936,陕西省,西安市,108.659623,34.108936,特来电公共充电站,西安市,汽车相关 充电站,特来电,4,其他
特来电公共充电站,汽车相关,充电站,108.659336,34.108078,陕西省,西安市,108.659336,34.108078,特来电公共充电站,西安市,汽车相关 充电站,特来电,2,其他
星星充电汽车公共充电站,汽车相关,充电站,108.631757,34.060674,陕西省,西安市,108.631757,34.060674,星星充电汽车公共充电站,西安市,汽车相关 充电站,星星充电,7,其他
国家电网汽车公共充电站,汽车相关,充电站,108.625296,34.088341,陕西省,西安市,108.625296,34.088341,国家电网汽车公共充电站,西安市,汽车相关 充电站,国家电网,6,其他
国家电网汽车公共充电站,汽车相关,充电站,108.625422,34.088336000000005,陕西省,西安市,108.625422,34.088336000000005,国家电网汽车公共充电站,西安市,汽车相关 充电站,国家电网,2,其他
星星充电汽车充电站,汽车相关,充电站,108.629354,34.104243000000004,陕西省,西安市,108.629354,34.104243000000004,星星充电汽车充电站,西安市,汽车相关 充电站,星星充电,4,其他
星星充电汽车公共充电站,汽车相关,充电站,108.639754,34.103364,陕西省,西安市,108.639754,34.103364,星星充电汽车公共充电站,西安市,汽车相关 充电站,星星充电,3,其他
星星充电汽车公共充电站,汽车相关,充电站,108.61053,34.083611,陕西省,西安市,108.61053,34.083611,星星充电汽车公共充电站,西安市,汽车相关 充电站,星星充电,5,其他
星星充电汽车公共充电站,汽车相关,充电站,108.615929,34.081757,陕西省,西安市,108.615929,34.081757,星星充电汽车公共充电站,西安市,汽车相关 充电站,星星充电,8,其他
星星充电汽车公共充电站,汽车相关,充电站,108.612392,34.079131,陕西省,西安市,108.612392,34.079131,星星充电汽车公共充电站,西安市,汽车相关 充电站,星星充电,4,其他
西韩村公共充电站,汽车相关,充电站,108.604317,34.124659,陕西省,西安市,108.604317,34.124659,西韩村公共充电站,西安市,汽车相关 充电站,其他,7,其他
康思特,汽车相关,充电站,108.604877,34.124720999999994,陕西省,西安市,108.604877,34.124720999999994,康思特,西安市,汽车相关 充电站,其他,2,其他
星星充电公共充电站,汽车相关,充电站,108.604734,34.124637,陕西省,西安市,108.604734,34.124637,星星充电公共充电站,西安市,汽车相关 充电站,星星充电,5,其他
城投新能源太乙宫站,汽车相关,充电站,109.00764,34.031714,陕西省,西安市,109.00764,34.031714,城投新能源太乙宫站,西安市,汽车相关 充电站,其他,2,其他
特来电公共充电站,汽车相关,充电站,109.008487,34.03226,陕西省,西安市,109.008487,34.03226,特来电公共充电站,西安市,汽车相关 充电站,特来电,7,其他
电元公共充电站,汽车相关,充电站,108.987375,34.138074,陕西省,西安市,108.987375,34.138074,电元公共充电站,西安市,汽车相关 充电站,其他,2,其他
汽车公共充电站,汽车相关,充电站,108.989054,34.138096000000004,陕西省,西安市,108.989054,34.138096000000004,汽车公共充电站,西安市,汽车相关 充电站,其他,3,其他
陕西新威蓝宝石公共充电站,汽车相关,充电站,108.991222,34.166061,陕西省,西安市,108.991222,34.166061,陕西新威蓝宝石公共充电站,西安市,汽车相关 充电站,其他,5,其他
国家电网汽车公共充电站,汽车相关,充电站,108.999241,34.15297,陕西省,西安市,108.999241,34.15297,国家电网汽车公共充电站,西安市,汽车相关 充电站,国家电网,5,其他
国家电网电动汽车直流充电机,汽车相关,充电站,108.999153,34.152846,陕西省,西安市,108.999153,34.152846,国家电网电动汽车直流充电机,西安市,汽车相关 充电站,国家电网,7,其他
依威能源汽车公共充电站,汽车相关,充电站,108.982747,34.15334,陕西省,西安市,108.982747,34.15334,依威能源汽车公共充电站,西安市,汽车相关 充电站,其他,8,其他
百味烟酒店电动自行车公共充电站,生活服务,其他,108.968123,34.146806,陕西省,西安市,108.968123,34.146806,百味烟酒店电动自行车公共充电站,西安市,生活服务 其他,其他,3,其他
西安长安绿地城锦湖街电动汽车公共充电站,汽车相关,充电站,108.91943,34.139945,陕西省,西安市,108.91943,34.139945,西安长安绿地城锦湖街电动汽车公共充电站,西安市,汽车相关 充电站,其他,4,其他
特来电公共充电站,汽车相关,充电站,108.919484,34.14003,陕西省,西安市,108.919484,34.14003,特来电公共充电站,西安市,汽车相关 充电站,特来电,2,其他
星星充电汽车公共充电站,汽车相关,充电站,108.896297,34.100633,陕西省,西安市,108.896297,34.100633,星星充电汽车公共充电站,西安市,汽车相关 充电站,星星充电,6,其他
云快充公共充电站,汽车相关,充电站,108.890796,34.127953,陕西省,西安市,108.890796,34.127953,云快充公共充电站,西安市,汽车相关 充电站,云快充,2,其他
云快充公共充电站,汽车相关,充电站,108.897307,34.127652000000005,陕西省,西安市,108.897307,34.127652000000005,云快充公共充电站,西安市,汽车相关 充电站,云快充,2,其他
清香泉纯净水站·公共充电站,生活服务,其他,108.833086,34.105588999999995,陕西省,西安市,108.833086,34.105588999999995,清香泉纯净水站·公共充电站,西安市,生活服务 其他,其他,4,其他
万马汽车公共充电站,汽车相关,充电站,108.852861,34.141291,陕西省,西安市,108.852861,34.141291,万马汽车公共充电站,西安市,汽车相关 充电站,其他,2,其他
万马爱充汽车公共充电站,汽车相关,充电站,108.852961,34.141248,陕西省,西安市,108.852961,34.141248,万马爱充汽车公共充电站,西安市,汽车相关 充电站,其他,3,其他
国家电网汽车充电站,汽车相关,充电站,108.767602,34.213084,陕西省,西安市,108.767602,34.213084,国家电网汽车充电站,西安市,汽车相关 充电站,国家电网,3,其他
国家电网汽车公共充电站,汽车相关,充电站,108.767333,34.21282,陕西省,西安市,108.767333,34.21282,国家电网汽车公共充电站,西安市,汽车相关 充电站,国家电网,5,其他
西安优能公共充电站,汽车相关,充电站,108.800936,34.254248000000004,陕西省,西安市,108.800936,34.254248000000004,西安优能公共充电站,西安市,汽车相关 充电站,其他,7,其他
星星充电汽车公共充电站,汽车相关,充电站,108.80002,34.266605,陕西省,西安市,108.80002,34.266605,星星充电汽车公共充电站,西安市,汽车相关 充电站,星星充电,8,其他
义驰新能源公共充电站,汽车相关,充电站,108.800052,34.266685,陕西省,西安市,108.800052,34.266685,义驰新能源公共充电站,西安市,汽车相关 充电站,其他,6,其他
国家电网汽车公共充电站,汽车相关,充电站,108.798675,34.285363999999994,陕西省,西安市,108.798675,34.285363999999994,国家电网汽车公共充电站,西安市,汽车相关 充电站,国家电网,2,其他
比亚迪超级汽车公共充电站,汽车相关,充电站,108.832254,34.168016,陕西省,西安市,108.832254,34.168016,比亚迪超级汽车公共充电站,西安市,汽车相关 充电站,其他,2,其他
比亚迪公共充电站,汽车相关,充电站,108.832211,34.168069,陕西省,西安市,108.832211,34.168069,比亚迪公共充电站,西安市,汽车相关 充电站,其他,4,其他
比亚迪新能源汽车公共充电站,汽车相关,充电站,108.832173,34.167964999999995,陕西省,西安市,108.832173,34.167964999999995,比亚迪新能源汽车公共充电站,西安市,汽车相关 充电站,其他,7,其他
驿充电汽车公共充电站,汽车相关,充电站,108.831746,34.196356,陕西省,西安市,108.831746,34.196356,驿充电汽车公共充电站,西安市,汽车相关 充电站,其他,3,其他
星星充电汽车公共充电站,汽车相关,充电站,108.844129,34.218134,陕西省,西安市,108.844129,34.218134,星星充电汽车公共充电站,西安市,汽车相关 充电站,星星充电,6,其他
特斯拉汽车公共充电站,汽车相关,充电站,108.828753,34.237065,陕西省,西安市,108.828753,34.237065,特斯拉汽车公共充电站,西安市,汽车相关 充电站,特斯拉,5,其他
特斯拉免费公共充电站,汽车相关,充电站,108.824287,34.236248999999994,陕西省,西安市,108.824287,34.236248999999994,特斯拉免费公共充电站,西安市,汽车相关 充电站,特斯拉,3,其他
小桔充电,汽车相关,充电站,108.839834,34.239332,陕西省,西安市,108.839834,34.239332,小桔充电,西安市,汽车相关 充电站,其他,7,其他
特斯拉目的地公共充电站,汽车相关,充电站,108.840027,34.239341,陕西省,西安市,108.840027,34.239341,特斯拉目的地公共充电站,西安市,汽车相关 充电站,特斯拉,8,其他
汽车公共充电站,汽车相关,充电站,108.858416,34.237815999999995,陕西省,西安市,108.858416,34.237815999999995,汽车公共充电站,西安市,汽车相关 充电站,其他,5,其他
西咸能源外事学院汽车公共充电站,汽车相关,充电站,108.858358,34.237736,陕西省,西安市,108.858358,34.237736,西咸能源外事学院汽车公共充电站,西安市,汽车相关 充电站,其他,8,其他
特来电公共充电站,汽车相关,充电站,108.858723,34.239717,陕西省,西安市,108.858723,34.239717,特来电公共充电站,西安市,汽车相关 充电站,特来电,4,其他
安达充电站专用停车场,交通设施,停车场,108.829363,34.30614,陕西省,西安市,108.829363,34.30614,安达充电站专用停车场,西安市,交通设施 停车场,其他,4,交通
安达星星公共充电站,汽车相关,充电站,108.829225,34.306217,陕西省,西安市,108.829225,34.306217,安达星星公共充电站,西安市,汽车相关 充电站,其他,2,其他
隆源孙武路公共充电站,汽车相关,充电站,108.829028,34.305777,陕西省,西安市,108.829028,34.305777,隆源孙武路公共充电站,西安市,汽车相关 充电站,其他,8,其他
星星公共充电站,汽车相关,充电站,108.828207,34.306071,陕西省,西安市,108.828207,34.306071,星星公共充电站,西安市,汽车相关 充电站,其他,7,其他
万马爱充公共充电站,汽车相关,充电站,108.824882,34.316576000000005,陕西省,西安市,108.824882,34.316576000000005,万马爱充公共充电站,西安市,汽车相关 充电站,其他,6,其他
星星充电汽车公共充电站,汽车相关,充电站,108.82914,34.306151,陕西省,西安市,108.82914,34.306151,星星充电汽车公共充电站,西安市,汽车相关 充电站,星星充电,5,其他
万马爱充汽车公共充电站,汽车相关,充电站,108.824853,34.316584,陕西省,西安市,108.824853,34.316584,万马爱充汽车公共充电站,西安市,汽车相关 充电站,其他,3,其他
云快充汽车公共充电站,汽车相关,充电站,108.828959,34.305616,陕西省,西安市,108.828959,34.305616,云快充汽车公共充电站,西安市,汽车相关 充电站,云快充,7,其他
鑫烨公共充电站,汽车相关,充电站,108.854528,34.320561,陕西省,西安市,108.854528,34.320561,鑫烨公共充电站,西安市,汽车相关 充电站,其他,7,其他
中上新能源汽车公共充电站,汽车相关,充电站,108.859559,34.320667,陕西省,西安市,108.859559,34.320667,中上新能源汽车公共充电站,西安市,汽车相关 充电站,其他,4,其他
卡丘汽车公共充电站,汽车相关,充电站,108.859804,34.32032,陕西省,西安市,108.859804,34.32032,卡丘汽车公共充电站,西安市,汽车相关 充电站,其他,8,其他
西安西三环天宇公共充电站,汽车相关,充电站,108.845893,34.307949,陕西省,西安市,108.845893,34.307949,西安西三环天宇公共充电站,西安市,汽车相关 充电站,其他,2,其他
特来电公共充电站,汽车相关,充电站,108.845693,34.31679999999999,陕西省,西安市,108.845693,34.31679999999999,特来电公共充电站,西安市,汽车相关 充电站,特来电,2,其他
奇瑞新能源中海电动西安店电动汽车公共充电站,汽车相关,充电站,108.846385,34.311671000000004,陕西省,西安市,108.846385,34.311671000000004,奇瑞新能源中海电动西安店电动汽车公共充电站,西安市,汽车相关 充电站,其他,5,其他
小桔充电公共充电站,生活服务,其他,108.854028,34.341928,陕西省,西安市,108.854028,34.341928,小桔充电公共充电站,西安市,生活服务 其他,其他,4,其他
聚邦新能源公共充电站,汽车相关,充电站,108.857026,34.351579,陕西省,西安市,108.857026,34.351579,聚邦新能源公共充电站,西安市,汽车相关 充电站,其他,7,其他
快速汽车公共充电站,汽车相关,充电站,108.847376,34.342420999999995,陕西省,西安市,108.847376,34.342420999999995,快速汽车公共充电站,西安市,汽车相关 充电站,其他,6,其他
云快充公共充电站,汽车相关,充电站,108.830748,34.333803,陕西省,西安市,108.830748,34.333803,云快充公共充电站,西安市,汽车相关 充电站,云快充,4,其他
万马爱充公共充电站,汽车相关,充电站,108.830697,34.333879,陕西省,西安市,108.830697,34.333879,万马爱充公共充电站,西安市,汽车相关 充电站,其他,5,其他
万马爱充汽车公共充电站,汽车相关,充电站,108.826422,34.331306999999995,陕西省,西安市,108.826422,34.331306999999995,万马爱充汽车公共充电站,西安市,汽车相关 充电站,其他,5,其他
国家电网汽车公共充电站,汽车相关,充电站,108.830186,34.332802,陕西省,西安市,108.830186,34.332802,国家电网汽车公共充电站,西安市,汽车相关 充电站,国家电网,4,其他
小桔充电公共充电站,生活服务,其他,108.874392,34.295184,陕西省,西安市,108.874392,34.295184,小桔充电公共充电站,西安市,生活服务 其他,其他,5,其他
西叶寨村新能源汽车公共充电站,汽车相关,充电站,108.8861,34.299912,陕西省,西安市,108.8861,34.299912,西叶寨村新能源汽车公共充电站,西安市,汽车相关 充电站,其他,4,其他
云快充汽车公共充电站,汽车相关,充电站,108.886536,34.299965,陕西省,西安市,108.886536,34.299965,云快充汽车公共充电站,西安市,汽车相关 充电站,云快充,3,其他
西咸公交北宫门公共充电站,汽车相关,充电站,108.866402,34.313772,陕西省,西安市,108.866402,34.313772,西咸公交北宫门公共充电站,西安市,汽车相关 充电站,其他,4,其他
西安熙地汽车公共充电站,汽车相关,充电站,108.875307,34.311927,陕西省,西安市,108.875307,34.311927,西安熙地汽车公共充电站,西安市,汽车相关 充电站,其他,8,其他
陕西天汉鸿泰公共充电站,汽车相关,其他,108.908524,34.313579,陕西省,西安市,108.908524,34.313579,陕西天汉鸿泰公共充电站,西安市,汽车相关 其他,其他,4,其他
汽车公共充电站,汽车相关,充电站,108.908146,34.314044,陕西省,西安市,108.908146,34.314044,汽车公共充电站,西安市,汽车相关 充电站,其他,5,其他
云快充汽车公共充电站,汽车相关,充电站,108.908185,34.313579000000004,陕西省,西安市,108.908185,34.313579000000004,云快充汽车公共充电站,西安市,汽车相关 充电站,云快充,8,其他
星星充电汽车公共充电站,汽车相关,充电站,108.897978,34.326029,陕西省,西安市,108.897978,34.326029,星星充电汽车公共充电站,西安市,汽车相关 充电站,星星充电,5,其他
恒联众一喜事会公共充电站,汽车相关,充电站,108.899369,34.326087,陕西省,西安市,108.899369,34.326087,恒联众一喜事会公共充电站,西安市,汽车相关 充电站,其他,2,其他
星星充电汽车公共充电站,汽车相关,充电站,108.904938,34.331475000000005,陕西省,西安市,108.904938,34.331475000000005,星星充电汽车公共充电站,西安市,汽车相关 充电站,星星充电,2,其他
感业寺公共充电站,汽车相关,充电站,108.888501,34.341770000000004,陕西省,西安市,108.888501,34.341770000000004,感业寺公共充电站,西安市,汽车相关 充电站,其他,8,其他
西安通达公共充电站,汽车相关,充电站,108.870713,34.322142,陕西省,西安市,108.870713,34.322142,西安通达公共充电站,西安市,汽车相关 充电站,其他,3,其他
小桔公共充电站,汽车相关,充电站,108.871184,34.322243,陕西省,西安市,108.871184,34.322243,小桔公共充电站,西安市,汽车相关 充电站,其他,2,其他
特来电公共充电站,汽车相关,充电站,108.869254,34.322389,陕西省,西安市,108.869254,34.322389,特来电公共充电站,西安市,汽车相关 充电站,特来电,4,其他
特来电公共充电站,汽车相关,充电站,108.873245,34.329006,陕西省,西安市,108.873245,34.329006,特来电公共充电站,西安市,汽车相关 充电站,特来电,5,其他
特来电公共充电站,汽车相关,充电站,108.870402,34.322318,陕西省,西安市,108.870402,34.322318,特来电公共充电站,西安市,汽车相关 充电站,特来电,2,其他
云杉智慧汽车公共充电站,汽车相关,充电站,108.869274,34.322717999999995,陕西省,西安市,108.869274,34.322717999999995,云杉智慧汽车公共充电站,西安市,汽车相关 充电站,其他,2,其他
都市快充电动汽车公共充电站,汽车相关,充电站,108.885395,34.32300600000001,陕西省,西安市,108.885395,34.32300600000001,都市快充电动汽车公共充电站,西安市,汽车相关 充电站,其他,3,其他
万马爱充汽车公共充电站,汽车相关,充电站,108.887372,34.323425,陕西省,西安市,108.887372,34.323425,万马爱充汽车公共充电站,西安市,汽车相关 充电站,其他,8,其他
特来电公共充电站,汽车相关,充电站,108.866015,34.351232,陕西省,西安市,108.866015,34.351232,特来电公共充电站,西安市,汽车相关 充电站,特来电,8,其他
特来电公共充电站,汽车相关,充电站,108.866403,34.351253,陕西省,西安市,108.866403,34.351253,特来电公共充电站,西安市,汽车相关 充电站,特来电,7,其他
特来电公共充电站,汽车相关,充电站,108.873172,34.363667,陕西省,西安市,108.873172,34.363667,特来电公共充电站,西安市,汽车相关 充电站,特来电,3,其他
国网西安尚苑路大真汽车公共充电站,汽车相关,充电站,108.881058,34.365247,陕西省,西安市,108.881058,34.365247,国网西安尚苑路大真汽车公共充电站,西安市,汽车相关 充电站,国家电网,4,其他
星星大普科技产业园公共充电站,汽车相关,充电站,108.886531,34.368839,陕西省,西安市,108.886531,34.368839,星星大普科技产业园公共充电站,西安市,汽车相关 充电站,其他,8,其他
万马爱充普盛产业园公共充电站,汽车相关,充电站,108.860668,34.358495,陕西省,西安市,108.860668,34.358495,万马爱充普盛产业园公共充电站,西安市,汽车相关 充电站,其他,5,其他
星星充电汽车公共充电站,汽车相关,充电站,108.856125,34.356554,陕西省,西安市,108.856125,34.356554,星星充电汽车公共充电站,西安市,汽车相关 充电站,星星充电,3,其他
星星充电充电站,汽车相关,充电站,108.856133,34.356524,陕西省,西安市,108.856133,34.356524,星星充电充电站,西安市,汽车相关 充电站,星星充电,2,其他
星星充电汽车公共充电站,汽车相关,充电站,108.858109,34.35621,陕西省,西安市,108.858109,34.35621,星星充电汽车公共充电站,西安市,汽车相关 充电站,星星充电,5,其他
云杉智慧汽车公共充电站,汽车相关,充电站,108.853051,34.367286,陕西省,西安市,108.853051,34.367286,云杉智慧汽车公共充电站,西安市,汽车相关 充电站,其他,5,其他
星星公共充电站,汽车相关,充电站,108.917881,34.174143,陕西省,西安市,108.917881,34.174143,星星公共充电站,西安市,汽车相关 充电站,其他,2,其他
星星充电汽车公共充电站,汽车相关,充电站,108.916928,34.174895,陕西省,西安市,108.916928,34.174895,星星充电汽车公共充电站,西安市,汽车相关 充电站,星星充电,3,其他
星星充电汽车公共充电站,汽车相关,充电站,108.916946,34.17484,陕西省,西安市,108.916946,34.17484,星星充电汽车公共充电站,西安市,汽车相关 充电站,星星充电,2,其他
盛方新能源汽车公共充电站,汽车相关,充电站,108.928026,34.180817000000005,陕西省,西安市,108.928026,34.180817000000005,盛方新能源汽车公共充电站,西安市,汽车相关 充电站,其他,7,其他
城投新能源清凉寺公共充电站,汽车相关,充电站,108.92835,34.171982,陕西省,西安市,108.92835,34.171982,城投新能源清凉寺公共充电站,西安市,汽车相关 充电站,其他,5,其他
星星充电汽车公共充电站,汽车相关,充电站,108.928054,34.17202,陕西省,西安市,108.928054,34.17202,星星充电汽车公共充电站,西安市,汽车相关 充电站,星星充电,6,其他
依威能源汽车公共充电站,汽车相关,充电站,108.926391,34.16949,陕西省,西安市,108.926391,34.16949,依威能源汽车公共充电站,西安市,汽车相关 充电站,其他,6,其他
汽车公共充电站,汽车相关,充电站,108.926926,34.177524000000005,陕西省,西安市,108.926926,34.177524000000005,汽车公共充电站,西安市,汽车相关 充电站,其他,4,其他
汽车公共充电站,汽车相关,充电站,109.003922,34.176417,陕西省,西安市,109.003922,34.176417,汽车公共充电站,西安市,汽车相关 充电站,其他,8,其他
中国石油西安航天大道加油加气公共充电站,汽车相关,充电站,109.004125,34.176301,陕西省,西安市,109.004125,34.176301,中国石油西安航天大道加油加气公共充电站,西安市,汽车相关 充电站,其他,2,其他
比亚迪汽车充电站,汽车相关,充电站,109.043145,34.220649,陕西省,西安市,109.043145,34.220649,比亚迪汽车充电站,西安市,汽车相关 充电站,其他,2,其他
国家电网汽车公共充电站,汽车相关,充电站,109.043364,34.220623,陕西省,西安市,109.043364,34.220623,国家电网汽车公共充电站,西安市,汽车相关 充电站,国家电网,4,其他
星星充电马腾空公共充电站,汽车相关,充电站,109.027452,34.220800000000004,陕西省,西安市,109.027452,34.220800000000004,星星充电马腾空公共充电站,西安市,汽车相关 充电站,星星充电,4,其他
特来电公共充电站,汽车相关,充电站,109.023822,34.226103,陕西省,西安市,109.023822,34.226103,特来电公共充电站,西安市,汽车相关 充电站,特来电,4,其他
启明公共充电站,汽车相关,充电站,109.031695,34.217186,陕西省,西安市,109.031695,34.217186,启明公共充电站,西安市,汽车相关 充电站,其他,5,其他
小桔公共充电站,汽车相关,充电站,109.024226,34.226225,陕西省,西安市,109.024226,34.226225,小桔公共充电站,西安市,汽车相关 充电站,其他,7,其他
云快充汽车公共充电站,汽车相关,充电站,109.025596,34.221848,陕西省,西安市,109.025596,34.221848,云快充汽车公共充电站,西安市,汽车相关 充电站,云快充,2,其他
万年能源公共充电站,生活服务,其他,109.051966,34.218866,陕西省,西安市,109.051966,34.218866,万年能源公共充电站,西安市,生活服务 其他,其他,5,其他
灞能充电浐灞雁鸣湖站,汽车相关,充电站,109.046591,34.216419,陕西省,西安市,109.046591,34.216419,灞能充电浐灞雁鸣湖站,西安市,汽车相关 充电站,其他,4,其他
星星充电,汽车相关,充电站,109.046576,34.216395,陕西省,西安市,109.046576,34.216395,星星充电,西安市,汽车相关 充电站,星星充电,2,其他
保时捷汽车公共充电站,汽车相关,充电站,109.053626,34.218288,陕西省,西安市,109.053626,34.218288,保时捷汽车公共充电站,西安市,汽车相关 充电站,其他,5,其他
东三环西公共充电站,汽车相关,充电站,109.051012,34.219066999999995,陕西省,西安市,109.051012,34.219066999999995,东三环西公共充电站,西安市,汽车相关 充电站,其他,7,其他
云快充公共充电站,汽车相关,其他,109.050798,34.219124,陕西省,西安市,109.050798,34.219124,云快充公共充电站,西安市,汽车相关 其他,云快充,5,其他
城投新能源雁鸣湖电动汽车公共充电站,汽车相关,充电站,109.046551,34.216403,陕西省,西安市,109.046551,34.216403,城投新能源雁鸣湖电动汽车公共充电站,西安市,汽车相关 充电站,其他,7,其他
城投充电狄寨路站,汽车相关,充电站,109.064165,34.243249,陕西省,西安市,109.064165,34.243249,城投充电狄寨路站,西安市,汽车相关 充电站,其他,4,其他
特来电公共充电站,汽车相关,充电站,109.08891,34.287865,陕西省,西安市,109.08891,34.287865,特来电公共充电站,西安市,汽车相关 充电站,特来电,7,其他
特斯拉公共充电站,汽车相关,充电站,109.036608,34.302401,陕西省,西安市,109.036608,34.302401,特斯拉公共充电站,西安市,汽车相关 充电站,特斯拉,2,其他
特斯拉超级公共充电站,汽车相关,充电站,109.037409,34.302445,陕西省,西安市,109.037409,34.302445,特斯拉超级公共充电站,西安市,汽车相关 充电站,特斯拉,4,其他
依威能源汽车公共充电站,汽车相关,充电站,109.025635,34.326994,陕西省,西安市,109.025635,34.326994,依威能源汽车公共充电站,西安市,汽车相关 充电站,其他,2,其他
星星充电汽车公共充电站,汽车相关,充电站,109.042889,34.344768,陕西省,西安市,109.042889,34.344768,星星充电汽车公共充电站,西安市,汽车相关 充电站,星星充电,6,其他
星星充电汽车公共充电站,汽车相关,充电站,109.025155,34.338524,陕西省,西安市,109.025155,34.338524,星星充电汽车公共充电站,西安市,汽车相关 充电站,星星充电,3,其他
安邸立交充电桩专用停车场,交通设施,停车场,109.045545,34.314459,陕西省,西安市,109.045545,34.314459,安邸立交充电桩专用停车场,西安市,交通设施 停车场,其他,7,交通
特来电公共充电站,汽车相关,充电站,109.04529,34.314387,陕西省,西安市,109.04529,34.314387,特来电公共充电站,西安市,汽车相关 充电站,特来电,3,其他
特来电公共充电站,汽车相关,充电站,109.044923,34.312701,陕西省,西安市,109.044923,34.312701,特来电公共充电站,西安市,汽车相关 充电站,特来电,3,其他
依威能源汽车公共充电站,汽车相关,充电站,109.086066,34.31507,陕西省,西安市,109.086066,34.31507,依威能源汽车公共充电站,西安市,汽车相关 充电站,其他,7,其他
国家电网汽车公共充电站,汽车相关,充电站,109.070684,34.322607000000005,陕西省,西安市,109.070684,34.322607000000005,国家电网汽车公共充电站,西安市,汽车相关 充电站,国家电网,4,其他
私人充电桩,汽车相关,充电站,109.073963,34.32996,陕西省,西安市,109.073963,34.32996,私人充电桩,西安市,汽车相关 充电站,其他,6,其他
国家电网公共充电站,汽车相关,充电站,109.070459,34.322673,陕西省,西安市,109.070459,34.322673,国家电网公共充电站,西安市,汽车相关 充电站,国家电网,2,其他
依威能源汽车公共充电站,汽车相关,充电站,109.07665,34.321878,陕西省,西安市,109.07665,34.321878,依威能源汽车公共充电站,西安市,汽车相关 充电站,其他,5,其他
依威能源汽车公共充电站,汽车相关,充电站,109.078277,34.322073,陕西省,西安市,109.078277,34.322073,依威能源汽车公共充电站,西安市,汽车相关 充电站,其他,2,其他
依威能源汽车公共充电站,汽车相关,充电站,109.076105,34.323933,陕西省,西安市,109.076105,34.323933,依威能源汽车公共充电站,西安市,汽车相关 充电站,其他,5,其他
国家电网汽车公共充电站,汽车相关,充电站,109.070405,34.322615,陕西省,西安市,109.070405,34.322615,国家电网汽车公共充电站,西安市,汽车相关 充电站,国家电网,2,其他
国家电网汽车公共充电站,汽车相关,充电站,109.070627,34.322641999999995,陕西省,西安市,109.070627,34.322641999999995,国家电网汽车公共充电站,西安市,汽车相关 充电站,国家电网,7,其他
特来电公共充电站,汽车相关,充电站,109.060024,34.32956,陕西省,西安市,109.060024,34.32956,特来电公共充电站,西安市,汽车相关 充电站,特来电,6,其他
星星充电汽车公共充电站,汽车相关,充电站,109.065345,34.366485999999995,陕西省,西安市,109.065345,34.366485999999995,星星充电汽车公共充电站,西安市,汽车相关 充电站,星星充电,5,其他
特来电公共充电站,汽车相关,充电站,109.067188,34.379859,陕西省,西安市,109.067188,34.379859,特来电公共充电站,西安市,汽车相关 充电站,特来电,8,其他
小桔公共充电站,汽车相关,充电站,109.064771,34.380694,陕西省,西安市,109.064771,34.380694,小桔公共充电站,西安市,汽车相关 充电站,其他,4,其他
诗寇蒂新筑公共充电站,汽车相关,充电站,109.064693,34.3815,陕西省,西安市,109.064693,34.3815,诗寇蒂新筑公共充电站,西安市,汽车相关 充电站,其他,2,其他
小桔充电汽车公共充电站,汽车相关,充电站,109.064473,34.380857,陕西省,西安市,109.064473,34.380857,小桔充电汽车公共充电站,西安市,汽车相关 充电站,其他,2,其他
国网西安港兴一路传化物流公共充电站,汽车相关,充电站,109.078345,34.356605,陕西省,西安市,109.078345,34.356605,国网西安港兴一路传化物流公共充电站,西安市,汽车相关 充电站,国家电网,5,其他
国家电网汽车公共充电站,汽车相关,充电站,109.076053,34.356772,陕西省,西安市,109.076053,34.356772,国家电网汽车公共充电站,西安市,汽车相关 充电站,国家电网,4,其他
国家电网汽车公共充电站,汽车相关,充电站,109.075395,34.355084999999995,陕西省,西安市,109.075395,34.355084999999995,国家电网汽车公共充电站,西安市,汽车相关 充电站,国家电网,4,其他
西安传化丝路公路巷,汽车相关,充电站,109.078705,34.356461,陕西省,西安市,109.078705,34.356461,西安传化丝路公路巷,西安市,汽车相关 充电站,其他,7,其他
小桔充电汽车公共充电站,汽车相关,充电站,108.916571,34.306213,陕西省,西安市,108.916571,34.306213,小桔充电汽车公共充电站,西安市,汽车相关 充电站,其他,8,其他
驿充电汽车充电站,汽车相关,充电站,108.914528,34.30765,陕西省,西安市,108.914528,34.30765,驿充电汽车充电站,西安市,汽车相关 充电站,其他,7,其他
大明宫遗址公园公共充电站网约车出租车消毒点,交通设施,其他,108.956064,34.300733,陕西省,西安市,108.956064,34.300733,大明宫遗址公园公共充电站网约车出租车消毒点,西安市,交通设施 其他,其他,7,其他
绿源中兴大明宫公共充电站,汽车相关,充电站,108.955918,34.301806,陕西省,西安市,108.955918,34.301806,绿源中兴大明宫公共充电站,西安市,汽车相关 充电站,其他,7,其他
绿源新能源充电站,汽车相关,充电站,108.960639,34.303722,陕西省,西安市,108.960639,34.303722,绿源新能源充电站,西安市,汽车相关 充电站,其他,7,其他
特来电公共充电站,汽车相关,充电站,108.998025,34.338814000000006,陕西省,西安市,108.998025,34.338814000000006,特来电公共充电站,西安市,汽车相关 充电站,特来电,7,其他
汽车公共充电站,汽车相关,充电站,108.959426,34.371773,陕西省,西安市,108.959426,34.371773,汽车公共充电站,西安市,汽车相关 充电站,其他,6,其他
油站特来电动汽车充电站,汽车相关,充电站,108.959939,34.372311,陕西省,西安市,108.959939,34.372311,油站特来电动汽车充电站,西安市,汽车相关 充电站,特来电,4,其他
星星充电汽车充电站,汽车相关,充电站,108.962835,34.391739,陕西省,西安市,108.962835,34.391739,星星充电汽车充电站,西安市,汽车相关 充电站,星星充电,7,其他
云易公共充电站,生活服务,其他,108.974445,34.387589000000006,陕西省,西安市,108.974445,34.387589000000006,云易公共充电站,西安市,生活服务 其他,其他,4,其他
小桔充电汽车公共充电站,汽车相关,充电站,108.974505,34.386838,陕西省,西安市,108.974505,34.386838,小桔充电汽车公共充电站,西安市,汽车相关 充电站,其他,4,其他
依威能源汽车公共充电站,汽车相关,充电站,108.976558,34.397986,陕西省,西安市,108.976558,34.397986,依威能源汽车公共充电站,西安市,汽车相关 充电站,其他,3,其他
星星充电汽车公共充电站,汽车相关,充电站,108.957885,34.398356,陕西省,西安市,108.957885,34.398356,星星充电汽车公共充电站,西安市,汽车相关 充电站,星星充电,6,其他
驿充电公共充电站,汽车相关,充电站,108.990088,34.416589,陕西省,西安市,108.990088,34.416589,驿充电公共充电站,西安市,汽车相关 充电站,其他,7,其他
国家电网汽车公共充电站,汽车相关,充电站,108.990405,34.441396,陕西省,西安市,108.990405,34.441396,国家电网汽车公共充电站,西安市,汽车相关 充电站,国家电网,2,其他
易事特汽车公共充电站,汽车相关,充电站,108.980301,34.466326,陕西省,西安市,108.980301,34.466326,易事特汽车公共充电站,西安市,汽车相关 充电站,其他,5,其他
安营电气汽车公共充电站,汽车相关,充电站,108.986762,34.484143,陕西省,西安市,108.986762,34.484143,安营电气汽车公共充电站,西安市,汽车相关 充电站,其他,8,其他
特来电公共充电站,汽车相关,充电站,108.985931,34.479318000000006,陕西省,西安市,108.985931,34.479318000000006,特来电公共充电站,西安市,汽车相关 充电站,特来电,2,其他
特来电公共充电站,汽车相关,充电站,108.988608,34.483408,陕西省,西安市,108.988608,34.483408,特来电公共充电站,西安市,汽车相关 充电站,特来电,6,其他
鸿透天共享汽车公共充电站,汽车相关,充电站,108.998944,34.491027,陕西省,西安市,108.998944,34.491027,鸿透天共享汽车公共充电站,西安市,汽车相关 充电站,其他,5,其他
鸿透天共享慢公共充电站,汽车相关,充电站,108.998955,34.491175000000005,陕西省,西安市,108.998955,34.491175000000005,鸿透天共享慢公共充电站,西安市,汽车相关 充电站,其他,6,其他
易事特公共充电站,汽车相关,其他,108.995024,34.49392,陕西省,西安市,108.995024,34.49392,易事特公共充电站,西安市,汽车相关 其他,其他,4,其他
东城坊新能源汽车公共充电站,汽车相关,充电站,108.995121,34.493903,陕西省,西安市,108.995121,34.493903,东城坊新能源汽车公共充电站,西安市,汽车相关 充电站,其他,5,其他
云易公共充电站,生活服务,其他,109.009333,34.442565,陕西省,西安市,109.009333,34.442565,云易公共充电站,西安市,生活服务 其他,其他,4,其他
云易公共充电站,生活服务,其他,109.00616,34.442679000000005,陕西省,西安市,109.00616,34.442679000000005,云易公共充电站,西安市,生活服务 其他,其他,2,其他
万马爱充汽车公共充电站,汽车相关,充电站,109.036278,34.468711,陕西省,西安市,109.036278,34.468711,万马爱充汽车公共充电站,西安市,汽车相关 充电站,其他,2,其他
特来电公共充电站,汽车相关,充电站,109.002188,34.479469,陕西省,西安市,109.002188,34.479469,特来电公共充电站,西安市,汽车相关 充电站,特来电,5,其他
万马爱充汽车公共充电站,汽车相关,充电站,109.00132,34.484849,陕西省,西安市,109.00132,34.484849,万马爱充汽车公共充电站,西安市,汽车相关 充电站,其他,5,其他
特来电公共充电站,汽车相关,充电站,109.018276,34.475677000000005,陕西省,西安市,109.018276,34.475677000000005,特来电公共充电站,西安市,汽车相关 充电站,特来电,7,其他
特来电公共充电站,汽车相关,充电站,109.031366,34.482904999999995,陕西省,西安市,109.031366,34.482904999999995,特来电公共充电站,西安市,汽车相关 充电站,特来电,6,其他
钜簏物流公共充电站,汽车相关,充电站,109.043599,34.488313,陕西省,西安市,109.043599,34.488313,钜簏物流公共充电站,西安市,汽车相关 充电站,其他,7,其他
星星充电汽车公共充电站,汽车相关,充电站,109.034992,34.484578,陕西省,西安市,109.034992,34.484578,星星充电汽车公共充电站,西安市,汽车相关 充电站,星星充电,6,其他
特来电公共充电站,汽车相关,充电站,109.076338,34.545535,陕西省,西安市,109.076338,34.545535,特来电公共充电站,西安市,汽车相关 充电站,特来电,7,其他
白马坡小孔充电桩服务站,汽车相关,充电站,109.33476,34.146984,陕西省,西安市,109.33476,34.146984,白马坡小孔充电桩服务站,西安市,汽车相关 充电站,其他,4,其他
依威能源汽车公共充电站,汽车相关,充电站,109.32703,34.140247,陕西省,西安市,109.32703,34.140247,依威能源汽车公共充电站,西安市,汽车相关 充电站,其他,5,其他
依威能源汽车公共充电站,汽车相关,充电站,109.330036,34.140223,陕西省,西安市,109.330036,34.140223,依威能源汽车公共充电站,西安市,汽车相关 充电站,其他,2,其他
依威能源汽车公共充电站,汽车相关,充电站,109.331164,34.145913,陕西省,西安市,109.331164,34.145913,依威能源汽车公共充电站,西安市,汽车相关 充电站,其他,6,其他
依威能源汽车公共充电站,汽车相关,充电站,109.330758,34.147168,陕西省,西安市,109.330758,34.147168,依威能源汽车公共充电站,西安市,汽车相关 充电站,其他,6,其他
特来电公共充电站,汽车相关,充电站,109.330903,34.153568,陕西省,西安市,109.330903,34.153568,特来电公共充电站,西安市,汽车相关 充电站,特来电,2,其他
国家电网白鹿原汽车公共充电站,汽车相关,充电站,109.296842,34.145697,陕西省,西安市,109.296842,34.145697,国家电网白鹿原汽车公共充电站,西安市,汽车相关 充电站,国家电网,7,其他
国家电网汽车充电站,汽车相关,充电站,109.173141,34.231346,陕西省,西安市,109.173141,34.231346,国家电网汽车充电站,西安市,汽车相关 充电站,国家电网,6,其他
星星充电汽车公共充电站,汽车相关,充电站,109.125024,34.280789,陕西省,西安市,109.125024,34.280789,星星充电汽车公共充电站,西安市,汽车相关 充电站,星星充电,8,其他
特来电公共充电站,汽车相关,充电站,109.115331,34.280519,陕西省,西安市,109.115331,34.280519,特来电公共充电站,西安市,汽车相关 充电站,特来电,4,其他
特来电公共充电站,汽车相关,充电站,109.111342,34.282442,陕西省,西安市,109.111342,34.282442,特来电公共充电站,西安市,汽车相关 充电站,特来电,5,其他
特来电充电站,汽车相关,充电站,109.108949,34.27481,陕西省,西安市,109.108949,34.27481,特来电充电站,西安市,汽车相关 充电站,特来电,2,其他
特来电公共充电站,汽车相关,充电站,109.236726,34.366883,陕西省,西安市,109.236726,34.366883,特来电公共充电站,西安市,汽车相关 充电站,特来电,5,其他
特来电公共充电站,汽车相关,充电站,109.237316,34.366906,陕西省,西安市,109.237316,34.366906,特来电公共充电站,西安市,汽车相关 充电站,特来电,8,其他
国网秦唐大道汽车公共充电站,汽车相关,充电站,109.238021,34.367205,陕西省,西安市,109.238021,34.367205,国网秦唐大道汽车公共充电站,西安市,汽车相关 充电站,国家电网,6,其他
及时雨苗坡公共充电站,汽车相关,充电站,109.239518,34.400608,陕西省,西安市,109.239518,34.400608,及时雨苗坡公共充电站,西安市,汽车相关 充电站,其他,6,其他
特来电公共充电站,汽车相关,充电站,109.239522,34.399903,陕西省,西安市,109.239522,34.399903,特来电公共充电站,西安市,汽车相关 充电站,特来电,8,其他
临潼市政绿电畅行大学城汽车公共充电站,汽车相关,充电站,109.187851,34.370403,陕西省,西安市,109.187851,34.370403,临潼市政绿电畅行大学城汽车公共充电站,西安市,汽车相关 充电站,其他,2,其他
特来电公共充电站,汽车相关,充电站,109.188772,34.380801000000005,陕西省,西安市,109.188772,34.380801000000005,特来电公共充电站,西安市,汽车相关 充电站,特来电,4,其他
特来电公共充电站,汽车相关,充电站,109.188559,34.380757,陕西省,西安市,109.188559,34.380757,特来电公共充电站,西安市,汽车相关 充电站,特来电,3,其他
特来电公共充电站,汽车相关,充电站,109.21525,34.365838000000004,陕西省,西安市,109.21525,34.365838000000004,特来电公共充电站,西安市,汽车相关 充电站,特来电,2,其他
星星充电汽车公共充电站,汽车相关,充电站,109.106053,34.324824,陕西省,西安市,109.106053,34.324824,星星充电汽车公共充电站,西安市,汽车相关 充电站,星星充电,3,其他
国家电网公共充电站,汽车相关,充电站,109.109115,34.347354,陕西省,西安市,109.109115,34.347354,国家电网公共充电站,西安市,汽车相关 充电站,国家电网,8,其他
国家电网汽车公共充电站,汽车相关,充电站,109.109195,34.347375,陕西省,西安市,109.109195,34.347375,国家电网汽车公共充电站,西安市,汽车相关 充电站,国家电网,7,其他
国家电网凤凰大道公共充电站,汽车相关,充电站,109.171672,34.361574,陕西省,西安市,109.171672,34.361574,国家电网凤凰大道公共充电站,西安市,汽车相关 充电站,国家电网,3,其他
国家电网汽车公共充电站,汽车相关,充电站,109.173076,34.36134199999999,陕西省,西安市,109.173076,34.36134199999999,国家电网汽车公共充电站,西安市,汽车相关 充电站,国家电网,4,其他
特来电充电站,汽车相关,充电站,109.173025,34.362111,陕西省,西安市,109.173025,34.362111,特来电充电站,西安市,汽车相关 充电站,特来电,7,其他
特来电充电站,汽车相关,充电站,109.101218,34.357464,陕西省,西安市,109.101218,34.357464,特来电充电站,西安市,汽车相关 充电站,特来电,3,其他
特来电充电站,汽车相关,充电站,109.101336,34.357419,陕西省,西安市,109.101336,34.357419,特来电充电站,西安市,汽车相关 充电站,特来电,8,其他
智充公共充电站,生活服务,其他,109.092345,34.406059,陕西省,西安市,109.092345,34.406059,智充公共充电站,西安市,生活服务 其他,其他,7,其他
特来电公共充电站,汽车相关,充电站,109.279259,34.388875,陕西省,西安市,109.279259,34.388875,特来电公共充电站,西安市,汽车相关 充电站,特来电,8,其他
陕西西安兵马俑公共充电站,汽车相关,充电站,109.287336,34.392165000000006,陕西省,西安市,109.287336,34.392165000000006,陕西西安兵马俑公共充电站,西安市,汽车相关 充电站,其他,3,其他
快乐充汽车公共充电站,汽车相关,充电站,109.286675,34.390474999999995,陕西省,西安市,109.286675,34.390474999999995,快乐充汽车公共充电站,西安市,汽车相关 充电站,其他,8,其他
国家电网汽车公共充电站,汽车相关,充电站,109.288087,34.387088,陕西省,西安市,109.288087,34.387088,国家电网汽车公共充电站,西安市,汽车相关 充电站,国家电网,4,其他
云快充汽车充电站,汽车相关,充电站,109.287063,34.392184,陕西省,西安市,109.287063,34.392184,云快充汽车充电站,西安市,汽车相关 充电站,云快充,3,其他
云快充汽车公共充电站,汽车相关,充电站,109.28616,34.39011,陕西省,西安市,109.28616,34.39011,云快充汽车公共充电站,西安市,汽车相关 充电站,云快充,3,其他
国家电网汽车充电站,汽车相关,充电站,109.28728,34.392204,陕西省,西安市,109.28728,34.392204,国家电网汽车充电站,西安市,汽车相关 充电站,国家电网,3,其他
云快充汽车充电站,汽车相关,充电站,109.285597,34.389933,陕西省,西安市,109.285597,34.389933,云快充汽车充电站,西安市,汽车相关 充电站,云快充,2,其他
新未来耿镇公共充电站,汽车相关,充电站,109.102859,34.443373,陕西省,西安市,109.102859,34.443373,新未来耿镇公共充电站,西安市,汽车相关 充电站,其他,2,其他
孵化器东区公共充电站,汽车相关,充电站,109.209034,34.642824000000005,陕西省,西安市,109.209034,34.642824000000005,孵化器东区公共充电站,西安市,汽车相关 充电站,其他,2,其他
航空城集团游客服务运营中心新能源充电站,汽车相关,充电站,109.204341,34.643716000000005,陕西省,西安市,109.204341,34.643716000000005,航空城集团游客服务运营中心新能源充电站,西安市,汽车相关 充电站,其他,4,其他
西安航空科技大厦新能源公共充电站,汽车相关,充电站,109.20189,34.643278,陕西省,西安市,109.20189,34.643278,西安航空科技大厦新能源公共充电站,西安市,汽车相关 充电站,其他,7,其他
国家电网汽车公共充电站,汽车相关,其他,109.189005,34.652943,陕西省,西安市,109.189005,34.652943,国家电网汽车公共充电站,西安市,汽车相关 其他,国家电网,8,其他
特来电公共充电站,汽车相关,充电站,109.188976,34.653031,陕西省,西安市,109.188976,34.653031,特来电公共充电站,西安市,汽车相关 充电站,特来电,6,其他
星星充电,汽车相关,充电站,108.229098,34.15731,陕西省,西安市,108.229098,34.15731,星星充电,西安市,汽车相关 充电站,星星充电,3,其他
特来电公共充电站,汽车相关,充电站,108.229155,34.157145,陕西省,西安市,108.229155,34.157145,特来电公共充电站,西安市,汽车相关 充电站,特来电,8,其他
农商东街摩托城公共充电站,汽车相关,充电站,108.229143,34.157299,陕西省,西安市,108.229143,34.157299,农商东街摩托城公共充电站,西安市,汽车相关 充电站,其他,3,其他
顺风汽车公共充电站,汽车相关,充电站,108.233622,34.165705,陕西省,西安市,108.233622,34.165705,顺风汽车公共充电站,西安市,汽车相关 充电站,其他,4,其他
星星充电汽车公共充电站,汽车相关,充电站,108.626958,34.064071000000006,陕西省,西安市,108.626958,34.064071000000006,星星充电汽车公共充电站,西安市,汽车相关 充电站,星星充电,3,其他
美丽充超级公共充电站,汽车相关,充电站,108.628698,34.104202,陕西省,西安市,108.628698,34.104202,美丽充超级公共充电站,西安市,汽车相关 充电站,其他,2,其他
星星充电汽车公共充电站,汽车相关,充电站,108.623958,34.103467,陕西省,西安市,108.623958,34.103467,星星充电汽车公共充电站,西安市,汽车相关 充电站,星星充电,6,其他
星星充电汽车公共充电站,汽车相关,充电站,108.624005,34.103499,陕西省,西安市,108.624005,34.103499,星星充电汽车公共充电站,西安市,汽车相关 充电站,星星充电,5,其他
大陆桥·英郡新能源汽车公共充电站,汽车相关,充电站,108.617997,34.100471,陕西省,西安市,108.617997,34.100471,大陆桥·英郡新能源汽车公共充电站,西安市,汽车相关 充电站,其他,3,其他
大陆桥英郡汽车公共充电站,汽车相关,充电站,108.618546,34.100615000000005,陕西省,西安市,108.618546,34.100615000000005,大陆桥英郡汽车公共充电站,西安市,汽车相关 充电站,其他,8,其他
星星充电汽车公共充电站,汽车相关,充电站,108.623086,34.103845,陕西省,西安市,108.623086,34.103845,星星充电汽车公共充电站,西安市,汽车相关 充电站,星星充电,2,其他
星星充电汽车公共充电站,汽车相关,充电站,108.608334,34.095237,陕西省,西安市,108.608334,34.095237,星星充电汽车公共充电站,西安市,汽车相关 充电站,星星充电,5,其他
星星充电汽车公共充电站,汽车相关,充电站,108.599233,34.090471,陕西省,西安市,108.599233,34.090471,星星充电汽车公共充电站,西安市,汽车相关 充电站,星星充电,6,其他
星星充电汽车公共充电站,汽车相关,充电站,108.600852,34.092374,陕西省,西安市,108.600852,34.092374,星星充电汽车公共充电站,西安市,汽车相关 充电站,星星充电,5,其他
星星充电汽车公共充电站,汽车相关,充电站,108.601039,34.092463,陕西省,西安市,108.601039,34.092463,星星充电汽车公共充电站,西安市,汽车相关 充电站,星星充电,2,其他
星星充电汽车公共充电站,汽车相关,充电站,108.602259,34.090264,陕西省,西安市,108.602259,34.090264,星星充电汽车公共充电站,西安市,汽车相关 充电站,星星充电,7,其他
星星充电汽车公共充电站,汽车相关,充电站,108.598232,34.106864,陕西省,西安市,108.598232,34.106864,星星充电汽车公共充电站,西安市,汽车相关 充电站,星星充电,7,其他
星星充电汽车公共充电站,汽车相关,充电站,108.598301,34.110433,陕西省,西安市,108.598301,34.110433,星星充电汽车公共充电站,西安市,汽车相关 充电站,星星充电,5,其他
星星充电汽车公共充电站,汽车相关,充电站,108.596887,34.107701,陕西省,西安市,108.596887,34.107701,星星充电汽车公共充电站,西安市,汽车相关 充电站,星星充电,4,其他
星星充电汽车公共充电站,汽车相关,充电站,108.595742,34.107805,陕西省,西安市,108.595742,34.107805,星星充电汽车公共充电站,西安市,汽车相关 充电站,星星充电,8,其他
星星充电汽车公共充电站,汽车相关,充电站,108.598929,34.109674000000005,陕西省,西安市,108.598929,34.109674000000005,星星充电汽车公共充电站,西安市,汽车相关 充电站,星星充电,8,其他
星星充电汽车公共充电站,汽车相关,充电站,108.634827,34.109785,陕西省,西安市,108.634827,34.109785,星星充电汽车公共充电站,西安市,汽车相关 充电站,星星充电,5,其他
汽车充电站,汽车相关,充电站,108.971547,34.153922,陕西省,西安市,108.971547,34.153922,汽车充电站,西安市,汽车相关 充电站,其他,3,其他
驿充电公共充电站,汽车相关,充电站,108.967673,34.155009,陕西省,西安市,108.967673,34.155009,驿充电公共充电站,西安市,汽车相关 充电站,其他,3,其他
驿充电汽车公共充电站,汽车相关,充电站,108.972708,34.160015,陕西省,西安市,108.972708,34.160015,驿充电汽车公共充电站,西安市,汽车相关 充电站,其他,8,其他
万马爱充公共充电站,汽车相关,充电站,108.967113,34.16143,陕西省,西安市,108.967113,34.16143,万马爱充公共充电站,西安市,汽车相关 充电站,其他,8,其他
万马爱充汽车公共充电站,汽车相关,充电站,108.967649,34.161504,陕西省,西安市,108.967649,34.161504,万马爱充汽车公共充电站,西安市,汽车相关 充电站,其他,7,其他
特来电公共充电站,汽车相关,充电站,108.965206,34.153403999999995,陕西省,西安市,108.965206,34.153403999999995,特来电公共充电站,西安市,汽车相关 充电站,特来电,4,其他
陕西金家巷公共充电站,汽车相关,其他,108.935126,34.149978,陕西省,西安市,108.935126,34.149978,陕西金家巷公共充电站,西安市,汽车相关 其他,其他,2,其他
卡丘太阳水岸新城汽车公共充电站,汽车相关,充电站,108.93292,34.145678000000004,陕西省,西安市,108.93292,34.145678000000004,卡丘太阳水岸新城汽车公共充电站,西安市,汽车相关 充电站,其他,3,其他
特来电公共充电站,汽车相关,充电站,108.93514,34.150019,陕西省,西安市,108.93514,34.150019,特来电公共充电站,西安市,汽车相关 充电站,特来电,8,其他
陕西坐标快充网络科技有限责任公司,公司企业,其他,108.950655,34.165076000000006,陕西省,西安市,108.950655,34.165076000000006,陕西坐标快充网络科技有限责任公司,西安市,公司企业 其他,其他,7,其他
蔚来航天基地换电站,汽车相关,充电站,108.950688,34.165553,陕西省,西安市,108.950688,34.165553,蔚来航天基地换电站,西安市,汽车相关 充电站,蔚来,6,其他
坐标闪充,汽车相关,充电站,108.950693,34.165263,陕西省,西安市,108.950693,34.165263,坐标闪充,西安市,汽车相关 充电站,其他,7,其他
汽车公共充电站,汽车相关,充电站,108.950717,34.165751,陕西省,西安市,108.950717,34.165751,汽车公共充电站,西安市,汽车相关 充电站,其他,3,其他
小桔公共充电站,汽车相关,充电站,108.917576,34.157395,陕西省,西安市,108.917576,34.157395,小桔公共充电站,西安市,汽车相关 充电站,其他,3,其他
陕西充电汽车充电站,汽车相关,充电站,108.916864,34.158219,陕西省,西安市,108.916864,34.158219,陕西充电汽车充电站,西安市,汽车相关 充电站,其他,7,其他
星星充电汽车公共充电站,汽车相关,充电站,108.907001,34.15761,陕西省,西安市,108.907001,34.15761,星星充电汽车公共充电站,西安市,汽车相关 充电站,星星充电,2,其他
星星充电汽车公共充电站,汽车相关,充电站,108.907004,34.157563,陕西省,西安市,108.907004,34.157563,星星充电汽车公共充电站,西安市,汽车相关 充电站,星星充电,5,其他
汽车充电站,汽车相关,充电站,108.890924,34.159153,陕西省,西安市,108.890924,34.159153,汽车充电站,西安市,汽车相关 充电站,其他,3,其他
汽车公共充电站,汽车相关,充电站,108.890705,34.158361,陕西省,西安市,108.890705,34.158361,汽车公共充电站,西安市,汽车相关 充电站,其他,7,其他
汽车公共充电站,汽车相关,充电站,108.896157,34.158015,陕西省,西安市,108.896157,34.158015,汽车公共充电站,西安市,汽车相关 充电站,其他,8,其他
万马爱充汽车公共充电站,汽车相关,充电站,108.897982,34.156733,陕西省,西安市,108.897982,34.156733,万马爱充汽车公共充电站,西安市,汽车相关 充电站,其他,7,其他
国家电网汽车公共充电站,汽车相关,充电站,108.891834,34.165615,陕西省,西安市,108.891834,34.165615,国家电网汽车公共充电站,西安市,汽车相关 充电站,国家电网,4,其他
国网西安樱花二路大安公共充电站,汽车相关,充电站,108.891879,34.165651000000004,陕西省,西安市,108.891879,34.165651000000004,国网西安樱花二路大安公共充电站,西安市,汽车相关 充电站,国家电网,5,其他
翰林南路特来电充电站专用停车场,交通设施,停车场,108.868975,34.141493,陕西省,西安市,108.868975,34.141493,翰林南路特来电充电站专用停车场,西安市,交通设施 停车场,特来电,6,交通
特来电公共充电站,汽车相关,充电站,108.869046,34.141699,陕西省,西安市,108.869046,34.141699,特来电公共充电站,西安市,汽车相关 充电站,特来电,2,其他
特来电公共充电站,汽车相关,充电站,108.868991,34.141579,陕西省,西安市,108.868991,34.141579,特来电公共充电站,西安市,汽车相关 充电站,特来电,6,其他
延长壳牌汽车公共充电站,汽车相关,充电站,108.886905,34.148363,陕西省,西安市,108.886905,34.148363,延长壳牌汽车公共充电站,西安市,汽车相关 充电站,其他,5,其他
国家电网公共充电站,汽车相关,充电站,108.879138,34.145757,陕西省,西安市,108.879138,34.145757,国家电网公共充电站,西安市,汽车相关 充电站,国家电网,5,其他
老虎公共充电站,汽车相关,充电站,108.875191,34.16539100000001,陕西省,西安市,108.875191,34.16539100000001,老虎公共充电站,西安市,汽车相关 充电站,其他,5,其他
小桔充电汽车充电站,汽车相关,充电站,108.875651,34.162039,陕西省,西安市,108.875651,34.162039,小桔充电汽车充电站,西安市,汽车相关 充电站,其他,6,其他
特来电公共充电站,汽车相关,充电站,108.857009,34.159129,陕西省,西安市,108.857009,34.159129,特来电公共充电站,西安市,汽车相关 充电站,特来电,8,其他
新未来动力充电站,汽车相关,充电站,108.854392,34.15918,陕西省,西安市,108.854392,34.15918,新未来动力充电站,西安市,汽车相关 充电站,其他,5,其他
秦渡活动广场新能源汽车充电桩,汽车相关,充电站,108.744303,34.108682,陕西省,西安市,108.744303,34.108682,秦渡活动广场新能源汽车充电桩,西安市,汽车相关 充电站,其他,7,其他
国网文商置业公共充电站,汽车相关,充电站,108.816756,34.258303,陕西省,西安市,108.816756,34.258303,国网文商置业公共充电站,西安市,汽车相关 充电站,国家电网,6,其他
国家电网公共充电站,汽车相关,充电站,108.81423,34.258769,陕西省,西安市,108.81423,34.258769,国家电网公共充电站,西安市,汽车相关 充电站,国家电网,5,其他
蔚来换电站,汽车相关,充电站,108.810511,34.285341,陕西省,西安市,108.810511,34.285341,蔚来换电站,西安市,汽车相关 充电站,蔚来,7,其他
星星充电汽车公共充电站,汽车相关,充电站,108.824957,34.182343,陕西省,西安市,108.824957,34.182343,星星充电汽车公共充电站,西安市,汽车相关 充电站,星星充电,8,其他
星星充电汽车公共充电站,汽车相关,充电站,108.824945,34.18238,陕西省,西安市,108.824945,34.18238,星星充电汽车公共充电站,西安市,汽车相关 充电站,星星充电,4,其他
新能源汽车充电塔,汽车相关,充电站,108.846272,34.177348,陕西省,西安市,108.846272,34.177348,新能源汽车充电塔,西安市,汽车相关 充电站,其他,8,其他
星星充电汽车公共充电站,汽车相关,充电站,108.854657,34.17247,陕西省,西安市,108.854657,34.17247,星星充电汽车公共充电站,西安市,汽车相关 充电站,星星充电,5,其他
保时捷汽车公共充电站,汽车相关,充电站,108.858192,34.186177,陕西省,西安市,108.858192,34.186177,保时捷汽车公共充电站,西安市,汽车相关 充电站,其他,6,其他
新未来南三环永和锦湾汇汽车公共充电站,汽车相关,充电站,108.859973,34.188793999999994,陕西省,西安市,108.859973,34.188793999999994,新未来南三环永和锦湾汇汽车公共充电站,西安市,汽车相关 充电站,其他,3,其他
延长售电公共充电站,生活服务,其他,108.863871,34.196310000000004,陕西省,西安市,108.863871,34.196310000000004,延长售电公共充电站,西安市,生活服务 其他,其他,5,其他
高科众源公共充电站,汽车相关,充电站,108.864164,34.194949,陕西省,西安市,108.864164,34.194949,高科众源公共充电站,西安市,汽车相关 充电站,其他,3,其他
星星充电汽车公共充电站,汽车相关,充电站,108.863843,34.19448,陕西省,西安市,108.863843,34.19448,星星充电汽车公共充电站,西安市,汽车相关 充电站,星星充电,7,其他
星星充电汽车公共充电站,汽车相关,充电站,108.863974,34.194861,陕西省,西安市,108.863974,34.194861,星星充电汽车公共充电站,西安市,汽车相关 充电站,星星充电,4,其他
小桔充电汽车公共充电站,汽车相关,充电站,108.864219,34.19543,陕西省,西安市,108.864219,34.19543,小桔充电汽车公共充电站,西安市,汽车相关 充电站,其他,2,其他
星星充电汽车公共充电站,汽车相关,充电站,108.848854,34.189232,陕西省,西安市,108.848854,34.189232,星星充电汽车公共充电站,西安市,汽车相关 充电站,星星充电,8,其他
星星充电汽车公共充电站,汽车相关,充电站,108.843367,34.209516,陕西省,西安市,108.843367,34.209516,星星充电汽车公共充电站,西安市,汽车相关 充电站,星星充电,4,其他
驿充电公共充电站,汽车相关,充电站,108.862012,34.202746999999995,陕西省,西安市,108.862012,34.202746999999995,驿充电公共充电站,西安市,汽车相关 充电站,其他,5,其他
特来电公共充电站,汽车相关,充电站,108.833604,34.204899,陕西省,西安市,108.833604,34.204899,特来电公共充电站,西安市,汽车相关 充电站,特来电,3,其他
小桔充电公共充电站,生活服务,其他,108.842095,34.198842,陕西省,西安市,108.842095,34.198842,小桔充电公共充电站,西安市,生活服务 其他,其他,8,其他
星星公共充电站,汽车相关,充电站,108.842243,34.207919,陕西省,西安市,108.842243,34.207919,星星公共充电站,西安市,汽车相关 充电站,其他,3,其他
云快充汽车公共充电站,汽车相关,充电站,108.840696,34.21295,陕西省,西安市,108.840696,34.21295,云快充汽车公共充电站,西安市,汽车相关 充电站,云快充,6,其他
小桔充电汽车公共充电站,汽车相关,充电站,108.840778,34.213044000000004,陕西省,西安市,108.840778,34.213044000000004,小桔充电汽车公共充电站,西安市,汽车相关 充电站,其他,3,其他
西安高新喜来登酒店专用停车场浩立恒充电站,汽车相关,充电站,108.840859,34.21304,陕西省,西安市,108.840859,34.21304,西安高新喜来登酒店专用停车场浩立恒充电站,西安市,汽车相关 充电站,其他,6,其他
特来电环普科技产业园汽车公共充电站,汽车相关,充电站,108.841082,34.208479,陕西省,西安市,108.841082,34.208479,特来电环普科技产业园汽车公共充电站,西安市,汽车相关 充电站,特来电,7,其他
老虎快充,汽车相关,充电站,108.908398,34.18741,陕西省,西安市,108.908398,34.18741,老虎快充,西安市,汽车相关 充电站,其他,8,其他
小桔充电,汽车相关,充电站,108.908699,34.186502,陕西省,西安市,108.908699,34.186502,小桔充电,西安市,汽车相关 充电站,其他,8,其他
卡丘江林新城汽车公共充电站,汽车相关,充电站,108.908253,34.190586,陕西省,西安市,108.908253,34.190586,卡丘江林新城汽车公共充电站,西安市,汽车相关 充电站,其他,2,其他
卡丘汽车公共充电站,汽车相关,充电站,108.908116,34.190338999999994,陕西省,西安市,108.908116,34.190338999999994,卡丘汽车公共充电站,西安市,汽车相关 充电站,其他,5,其他
卡丘汽车公共充电站,汽车相关,充电站,108.90815,34.190255,陕西省,西安市,108.90815,34.190255,卡丘汽车公共充电站,西安市,汽车相关 充电站,其他,6,其他
保时捷汽车公共充电站,汽车相关,充电站,108.903237,34.19686,陕西省,西安市,108.903237,34.19686,保时捷汽车公共充电站,西安市,汽车相关 充电站,其他,2,其他
特来电公共充电站,汽车相关,充电站,108.891709,34.194254,陕西省,西安市,108.891709,34.194254,特来电公共充电站,西安市,汽车相关 充电站,特来电,3,其他
特来电公共充电站,汽车相关,充电站,108.890693,34.195295,陕西省,西安市,108.890693,34.195295,特来电公共充电站,西安市,汽车相关 充电站,特来电,3,其他
特来电汽车公共充电站,汽车相关,充电站,108.890649,34.195301,陕西省,西安市,108.890649,34.195301,特来电汽车公共充电站,西安市,汽车相关 充电站,特来电,2,其他
特来电公共充电站,汽车相关,充电站,108.890615,34.225316,陕西省,西安市,108.890615,34.225316,特来电公共充电站,西安市,汽车相关 充电站,特来电,8,其他
特来电公共充电站,汽车相关,充电站,108.887575,34.225203,陕西省,西安市,108.887575,34.225203,特来电公共充电站,西安市,汽车相关 充电站,特来电,3,其他
延长售电公共充电站,生活服务,其他,108.873244,34.203669999999995,陕西省,西安市,108.873244,34.203669999999995,延长售电公共充电站,西安市,生活服务 其他,其他,7,其他
陕西宾馆公共充电站,汽车相关,充电站,108.874875,34.202869,陕西省,西安市,108.874875,34.202869,陕西宾馆公共充电站,西安市,汽车相关 充电站,其他,7,其他
陕西公共充电站,汽车相关,充电站,108.872972,34.204285,陕西省,西安市,108.872972,34.204285,陕西公共充电站,西安市,汽车相关 充电站,其他,2,其他
西安高新国宾中央区公共充电站,汽车相关,充电站,108.869715,34.208746000000005,陕西省,西安市,108.869715,34.208746000000005,西安高新国宾中央区公共充电站,西安市,汽车相关 充电站,其他,6,其他
小桔充电汽车公共充电站,汽车相关,充电站,108.869747,34.208697,陕西省,西安市,108.869747,34.208697,小桔充电汽车公共充电站,西安市,汽车相关 充电站,其他,6,其他
陕西公共充电站,汽车相关,充电站,108.8804,34.200526,陕西省,西安市,108.8804,34.200526,陕西公共充电站,西安市,汽车相关 充电站,其他,2,其他
特斯拉汽车公共充电站,汽车相关,充电站,108.886551,34.21205,陕西省,西安市,108.886551,34.21205,特斯拉汽车公共充电站,西安市,汽车相关 充电站,特斯拉,6,其他
海升丽呈酒店电动汽车公共充电站,汽车相关,充电站,108.884397,34.212999,陕西省,西安市,108.884397,34.212999,海升丽呈酒店电动汽车公共充电站,西安市,汽车相关 充电站,其他,8,其他
云杉智慧公共充电站,汽车相关,充电站,108.884939,34.212815,陕西省,西安市,108.884939,34.212815,云杉智慧公共充电站,西安市,汽车相关 充电站,其他,8,其他
星星充电汽车公共充电站,汽车相关,充电站,108.879949,34.212013,陕西省,西安市,108.879949,34.212013,星星充电汽车公共充电站,西安市,汽车相关 充电站,星星充电,6,其他
卡丘九鼎城汽车公共充电站,汽车相关,充电站,108.873538,34.218866,陕西省,西安市,108.873538,34.218866,卡丘九鼎城汽车公共充电站,西安市,汽车相关 充电站,其他,7,其他
卡丘充电汽车公共充电站,汽车相关,充电站,108.873473,34.218725,陕西省,西安市,108.873473,34.218725,卡丘充电汽车公共充电站,西安市,汽车相关 充电站,其他,6,其他
小桔充电,汽车相关,充电站,108.868166,34.243793,陕西省,西安市,108.868166,34.243793,小桔充电,西安市,汽车相关 充电站,其他,8,其他
星星充电汽车公共充电站,汽车相关,充电站,108.866823,34.243675,陕西省,西安市,108.866823,34.243675,星星充电汽车公共充电站,西安市,汽车相关 充电站,星星充电,4,其他
天天充电汽车公共充电站,汽车相关,充电站,108.868084,34.243727,陕西省,西安市,108.868084,34.243727,天天充电汽车公共充电站,西安市,汽车相关 充电站,其他,5,其他
万马爱充公共充电站,汽车相关,充电站,108.8669,34.238121,陕西省,西安市,108.8669,34.238121,万马爱充公共充电站,西安市,汽车相关 充电站,其他,3,其他
云快充汽车公共充电站,汽车相关,充电站,108.867164,34.238178000000005,陕西省,西安市,108.867164,34.238178000000005,云快充汽车公共充电站,西安市,汽车相关 充电站,云快充,4,其他
特来电公共充电站,汽车相关,充电站,108.868862,34.237693,陕西省,西安市,108.868862,34.237693,特来电公共充电站,西安市,汽车相关 充电站,特来电,6,其他
特斯拉目的地公共充电站,汽车相关,充电站,108.882472,34.230737999999995,陕西省,西安市,108.882472,34.230737999999995,特斯拉目的地公共充电站,西安市,汽车相关 充电站,特斯拉,7,其他
依威能源汽车公共充电站,汽车相关,充电站,108.875011,34.251898,陕西省,西安市,108.875011,34.251898,依威能源汽车公共充电站,西安市,汽车相关 充电站,其他,2,其他
小桔充电汽车公共充电站,汽车相关,充电站,108.865512,34.259156999999995,陕西省,西安市,108.865512,34.259156999999995,小桔充电汽车公共充电站,西安市,汽车相关 充电站,其他,6,其他
小桔公共充电站,汽车相关,充电站,108.898179,34.258349,陕西省,西安市,108.898179,34.258349,小桔公共充电站,西安市,汽车相关 充电站,其他,7,其他
特来电公共充电站,汽车相关,充电站,108.89782,34.258699,陕西省,西安市,108.89782,34.258699,特来电公共充电站,西安市,汽车相关 充电站,特来电,5,其他
特来电公共充电站,汽车相关,充电站,108.908587,34.269947,陕西省,西安市,108.908587,34.269947,特来电公共充电站,西安市,汽车相关 充电站,特来电,6,其他
汽车公共充电站,汽车相关,充电站,108.901651,34.27124,陕西省,西安市,108.901651,34.27124,汽车公共充电站,西安市,汽车相关 充电站,其他,8,其他
顺达新能源汽车公共充电站,汽车相关,充电站,108.901371,34.27055,陕西省,西安市,108.901371,34.27055,顺达新能源汽车公共充电站,西安市,汽车相关 充电站,其他,2,其他
万马爱充汽车公共充电站,汽车相关,充电站,108.901235,34.271397,陕西省,西安市,108.901235,34.271397,万马爱充汽车公共充电站,西安市,汽车相关 充电站,其他,7,其他
星星充电汽车公共充电站,汽车相关,充电站,108.901548,34.270592,陕西省,西安市,108.901548,34.270592,星星充电汽车公共充电站,西安市,汽车相关 充电站,星星充电,7,其他
顺达公共充电站,汽车相关,充电站,108.901369,34.270455000000005,陕西省,西安市,108.901369,34.270455000000005,顺达公共充电站,西安市,汽车相关 充电站,其他,7,其他
星星充电汽车公共充电站,汽车相关,充电站,108.900752,34.27332,陕西省,西安市,108.900752,34.27332,星星充电汽车公共充电站,西安市,汽车相关 充电站,星星充电,5,其他
依威能源汽车公共充电站,汽车相关,充电站,108.892559,34.279948,陕西省,西安市,108.892559,34.279948,依威能源汽车公共充电站,西安市,汽车相关 充电站,其他,6,其他
云杉智慧汽车公共充电站,汽车相关,充电站,108.867387,34.263186000000005,陕西省,西安市,108.867387,34.263186000000005,云杉智慧汽车公共充电站,西安市,汽车相关 充电站,其他,5,其他
依威能源汽车公共充电站,汽车相关,充电站,108.879504,34.271231,陕西省,西安市,108.879504,34.271231,依威能源汽车公共充电站,西安市,汽车相关 充电站,其他,3,其他
瑞捷安大兴西路公共充电站,汽车相关,充电站,108.88605,34.28663,陕西省,西安市,108.88605,34.28663,瑞捷安大兴西路公共充电站,西安市,汽车相关 充电站,其他,3,其他
特来电公共充电站,汽车相关,充电站,108.86692,34.278416,陕西省,西安市,108.86692,34.278416,特来电公共充电站,西安市,汽车相关 充电站,特来电,6,其他
特来电公共充电站,汽车相关,充电站,108.866963,34.278299,陕西省,西安市,108.866963,34.278299,特来电公共充电站,西安市,汽车相关 充电站,特来电,8,其他
依威能源汽车公共充电站,汽车相关,充电站,108.867628,34.283826,陕西省,西安市,108.867628,34.283826,依威能源汽车公共充电站,西安市,汽车相关 充电站,其他,5,其他
延长售电充电站,汽车相关,充电站,108.868091,34.289303,陕西省,西安市,108.868091,34.289303,延长售电充电站,西安市,汽车相关 充电站,其他,2,其他
小桔充电汽车公共充电站,汽车相关,充电站,108.867906,34.289242,陕西省,西安市,108.867906,34.289242,小桔充电汽车公共充电站,西安市,汽车相关 充电站,其他,7,其他
腾势公共充电站,汽车相关,充电站,108.833372,34.244154,陕西省,西安市,108.833372,34.244154,腾势公共充电站,西安市,汽车相关 充电站,其他,7,其他
驿充电汽车公共充电站,汽车相关,充电站,108.841139,34.256803000000005,陕西省,西安市,108.841139,34.256803000000005,驿充电汽车公共充电站,西安市,汽车相关 充电站,其他,6,其他
特来电公共充电站,汽车相关,充电站,108.83045,34.245449,陕西省,西安市,108.83045,34.245449,特来电公共充电站,西安市,汽车相关 充电站,特来电,8,其他
驿充电汽车公共充电站,汽车相关,充电站,108.827756,34.249591,陕西省,西安市,108.827756,34.249591,驿充电汽车公共充电站,西安市,汽车相关 充电站,其他,3,其他
特来电公共充电站,汽车相关,充电站,108.85926,34.259214,陕西省,西安市,108.85926,34.259214,特来电公共充电站,西安市,汽车相关 充电站,特来电,3,其他
星星充电汽车公共充电站,汽车相关,充电站,108.854815,34.251793,陕西省,西安市,108.854815,34.251793,星星充电汽车公共充电站,西安市,汽车相关 充电站,星星充电,7,其他
星星公共充电站,汽车相关,充电站,108.8548,34.251971,陕西省,西安市,108.8548,34.251971,星星公共充电站,西安市,汽车相关 充电站,其他,6,其他
新未来动力西骏冷链料汽车公共充电站,汽车相关,充电站,108.845029,34.254915000000004,陕西省,西安市,108.845029,34.254915000000004,新未来动力西骏冷链料汽车公共充电站,西安市,汽车相关 充电站,其他,5,其他
特斯拉公共充电站,汽车相关,充电站,108.845168,34.253247,陕西省,西安市,108.845168,34.253247,特斯拉公共充电站,西安市,汽车相关 充电站,特斯拉,3,其他
比亚迪汽车公共充电站,汽车相关,充电站,108.845787,34.253467,陕西省,西安市,108.845787,34.253467,比亚迪汽车公共充电站,西安市,汽车相关 充电站,其他,5,其他
星星充电汽车公共充电站,汽车相关,充电站,108.858967,34.279608,陕西省,西安市,108.858967,34.279608,星星充电汽车公共充电站,西安市,汽车相关 充电站,星星充电,8,其他
特来电公共充电站,汽车相关,充电站,108.855444,34.281723,陕西省,西安市,108.855444,34.281723,特来电公共充电站,西安市,汽车相关 充电站,特来电,3,其他
普天公共充电站,汽车相关,充电站,108.850406,34.281521,陕西省,西安市,108.850406,34.281521,普天公共充电站,西安市,汽车相关 充电站,其他,3,其他
省中北公共充电站自助洗车点,汽车相关,汽车养护,108.845541,34.282931999999995,陕西省,西安市,108.845541,34.282931999999995,省中北公共充电站自助洗车点,西安市,汽车相关 汽车养护,其他,4,其他
陕西公共充电站,汽车相关,充电站,108.846521,34.285705,陕西省,西安市,108.846521,34.285705,陕西公共充电站,西安市,汽车相关 充电站,其他,3,其他
星星充电公共充电站,汽车相关,充电站,108.845702,34.282996000000004,陕西省,西安市,108.845702,34.282996000000004,星星充电公共充电站,西安市,汽车相关 充电站,星星充电,2,其他
速易充汽车公共充电站,汽车相关,充电站,108.846434,34.285628,陕西省,西安市,108.846434,34.285628,速易充汽车公共充电站,西安市,汽车相关 充电站,其他,6,其他
星星充电汽车公共充电站,汽车相关,充电站,108.845802,34.282686,陕西省,西安市,108.845802,34.282686,星星充电汽车公共充电站,西安市,汽车相关 充电站,星星充电,6,其他
小桔充电汽车公共充电站,汽车相关,充电站,108.843938,34.284606,陕西省,西安市,108.843938,34.284606,小桔充电汽车公共充电站,西安市,汽车相关 充电站,其他,5,其他
比亚迪汽车公共充电站,汽车相关,充电站,108.845597,34.282893,陕西省,西安市,108.845597,34.282893,比亚迪汽车公共充电站,西安市,汽车相关 充电站,其他,8,其他
特来电公共充电站,汽车相关,充电站,108.821382,34.265283999999994,陕西省,西安市,108.821382,34.265283999999994,特来电公共充电站,西安市,汽车相关 充电站,特来电,3,其他
特来电汽车公共充电站,汽车相关,充电站,108.821435,34.2652,陕西省,西安市,108.821435,34.2652,特来电汽车公共充电站,西安市,汽车相关 充电站,特来电,2,其他
知豆汽车公共充电站,汽车相关,充电站,108.825212,34.271466,陕西省,西安市,108.825212,34.271466,知豆汽车公共充电站,西安市,汽车相关 充电站,其他,5,其他
闪充驿公共充电站,汽车相关,充电站,108.820771,34.267866,陕西省,西安市,108.820771,34.267866,闪充驿公共充电站,西安市,汽车相关 充电站,其他,4,其他
小桔公共充电站,汽车相关,充电站,108.820718,34.267738,陕西省,西安市,108.820718,34.267738,小桔公共充电站,西安市,汽车相关 充电站,其他,5,其他
延长壳牌公共充电站,汽车相关,充电站,108.824763,34.269241,陕西省,西安市,108.824763,34.269241,延长壳牌公共充电站,西安市,汽车相关 充电站,其他,5,其他
小桔公共充电站,汽车相关,充电站,108.824752,34.271496,陕西省,西安市,108.824752,34.271496,小桔公共充电站,西安市,汽车相关 充电站,其他,3,其他
星星充电汽车公共充电站,汽车相关,充电站,108.820925,34.269215,陕西省,西安市,108.820925,34.269215,星星充电汽车公共充电站,西安市,汽车相关 充电站,星星充电,4,其他
星星充电汽车公共充电站,汽车相关,充电站,108.820741,34.269323,陕西省,西安市,108.820741,34.269323,星星充电汽车公共充电站,西安市,汽车相关 充电站,星星充电,5,其他
都市快充新未来沈家寨站,汽车相关,其他,108.834081,34.262891,陕西省,西安市,108.834081,34.262891,都市快充新未来沈家寨站,西安市,汽车相关 其他,其他,2,其他
特来电公共充电站,汽车相关,充电站,108.836978,34.266818,陕西省,西安市,108.836978,34.266818,特来电公共充电站,西安市,汽车相关 充电站,特来电,2,其他
星星充电汽车公共充电站,汽车相关,充电站,108.840887,34.268981,陕西省,西安市,108.840887,34.268981,星星充电汽车公共充电站,西安市,汽车相关 充电站,星星充电,6,其他
电动车充电桩,汽车相关,充电站,108.839506,34.286007,陕西省,西安市,108.839506,34.286007,电动车充电桩,西安市,汽车相关 充电站,其他,4,其他
卡丘充电电动汽车公共充电站,汽车相关,充电站,108.840107,34.289529,陕西省,西安市,108.840107,34.289529,卡丘充电电动汽车公共充电站,西安市,汽车相关 充电站,其他,4,其他
卡丘新能源公共充电站,汽车相关,充电站,108.840095,34.28952,陕西省,西安市,108.840095,34.28952,卡丘新能源公共充电站,西安市,汽车相关 充电站,其他,6,其他
卡丘充电汽车公共充电站,汽车相关,充电站,108.839661,34.289855,陕西省,西安市,108.839661,34.289855,卡丘充电汽车公共充电站,西安市,汽车相关 充电站,其他,5,其他
比亚迪汽车公共充电站,汽车相关,充电站,108.825533,34.276716,陕西省,西安市,108.825533,34.276716,比亚迪汽车公共充电站,西安市,汽车相关 充电站,其他,4,其他
星星充电汽车充电站,汽车相关,充电站,108.821273,34.28674,陕西省,西安市,108.821273,34.28674,星星充电汽车充电站,西安市,汽车相关 充电站,星星充电,2,其他
星星充电汽车公共充电站,汽车相关,充电站,108.819942,34.285052,陕西省,西安市,108.819942,34.285052,星星充电汽车公共充电站,西安市,汽车相关 充电站,星星充电,2,其他
万马爱充公共充电站,汽车相关,充电站,108.828904,34.305498,陕西省,西安市,108.828904,34.305498,万马爱充公共充电站,西安市,汽车相关 充电站,其他,3,其他
蔚景汽车公共充电站,汽车相关,充电站,108.829218,34.304694999999995,陕西省,西安市,108.829218,34.304694999999995,蔚景汽车公共充电站,西安市,汽车相关 充电站,其他,4,其他
小桔充电,汽车相关,充电站,108.821814,34.298787,陕西省,西安市,108.821814,34.298787,小桔充电,西安市,汽车相关 充电站,其他,5,其他
星星充电汽车公共充电站,汽车相关,充电站,108.822302,34.298324,陕西省,西安市,108.822302,34.298324,星星充电汽车公共充电站,西安市,汽车相关 充电站,星星充电,6,其他
新未来动力三桥汽车公共充电站,汽车相关,充电站,108.833052,34.294689,陕西省,西安市,108.833052,34.294689,新未来动力三桥汽车公共充电站,西安市,汽车相关 充电站,其他,6,其他
人人用公共充电站销售租赁货车,汽车相关,充电站,108.842148,34.319008,陕西省,西安市,108.842148,34.319008,人人用公共充电站销售租赁货车,西安市,汽车相关 充电站,其他,5,其他
特来电公共充电站,汽车相关,充电站,108.842156,34.318971,陕西省,西安市,108.842156,34.318971,特来电公共充电站,西安市,汽车相关 充电站,特来电,8,其他
汽车公共充电站,汽车相关,充电站,108.835344,34.319994,陕西省,西安市,108.835344,34.319994,汽车公共充电站,西安市,汽车相关 充电站,其他,7,其他
特来电公共充电站,汽车相关,充电站,108.83512,34.320848,陕西省,西安市,108.83512,34.320848,特来电公共充电站,西安市,汽车相关 充电站,特来电,3,其他
任我充汽车公共充电站,汽车相关,充电站,108.835645,34.320072,陕西省,西安市,108.835645,34.320072,任我充汽车公共充电站,西安市,汽车相关 充电站,其他,6,其他
云快充公共充电站,汽车相关,充电站,108.835521,34.319924,陕西省,西安市,108.835521,34.319924,云快充公共充电站,西安市,汽车相关 充电站,云快充,4,其他
西咸汽服汽车公共充电站,汽车相关,充电站,108.848153,34.301117999999995,陕西省,西安市,108.848153,34.301117999999995,西咸汽服汽车公共充电站,西安市,汽车相关 充电站,其他,3,其他
国网广汇佳骏公共充电站,汽车相关,其他,108.847738,34.321245000000005,陕西省,西安市,108.847738,34.321245000000005,国网广汇佳骏公共充电站,西安市,汽车相关 其他,国家电网,4,其他
开迈斯汽车公共充电站,汽车相关,充电站,108.847284,34.322591,陕西省,西安市,108.847284,34.322591,开迈斯汽车公共充电站,西安市,汽车相关 充电站,其他,8,其他
万马爱充公共充电站,生活服务,其他,108.848877,34.3261,陕西省,西安市,108.848877,34.3261,万马爱充公共充电站,西安市,生活服务 其他,其他,2,其他
星星公共充电站,汽车相关,充电站,108.848041,34.332095,陕西省,西安市,108.848041,34.332095,星星公共充电站,西安市,汽车相关 充电站,其他,3,其他
汽车公共充电站,汽车相关,充电站,108.848114,34.332046,陕西省,西安市,108.848114,34.332046,汽车公共充电站,西安市,汽车相关 充电站,其他,6,其他
星星充电汽车公共充电站,汽车相关,充电站,108.848102,34.332076,陕西省,西安市,108.848102,34.332076,星星充电汽车公共充电站,西安市,汽车相关 充电站,星星充电,3,其他
星星充电汽车公共充电站,汽车相关,充电站,108.848074,34.332091,陕西省,西安市,108.848074,34.332091,星星充电汽车公共充电站,西安市,汽车相关 充电站,星星充电,3,其他
特来电公共充电站,汽车相关,充电站,108.853724,34.321109,陕西省,西安市,108.853724,34.321109,特来电公共充电站,西安市,汽车相关 充电站,特来电,3,其他
小桔公共充电站,汽车相关,充电站,108.832221,34.321454,陕西省,西安市,108.832221,34.321454,小桔公共充电站,西安市,汽车相关 充电站,其他,7,其他
小桔公共充电站,生活服务,其他,108.832206,34.321486,陕西省,西安市,108.832206,34.321486,小桔公共充电站,西安市,生活服务 其他,其他,3,其他
万马爱充公共充电站,汽车相关,充电站,108.836694,34.321355,陕西省,西安市,108.836694,34.321355,万马爱充公共充电站,西安市,汽车相关 充电站,其他,4,其他
小桔充电汽车公共充电站,汽车相关,充电站,108.831719,34.32109,陕西省,西安市,108.831719,34.32109,小桔充电汽车公共充电站,西安市,汽车相关 充电站,其他,2,其他
都市快充站,交通设施,其他,108.842124,34.332609,陕西省,西安市,108.842124,34.332609,都市快充站,西安市,交通设施 其他,其他,8,其他
驿联新能源汽车公共充电站,汽车相关,充电站,108.84221,34.331159,陕西省,西安市,108.84221,34.331159,驿联新能源汽车公共充电站,西安市,汽车相关 充电站,其他,5,其他
都市快充汽车公共充电站,汽车相关,充电站,108.84225,34.332517,陕西省,西安市,108.84225,34.332517,都市快充汽车公共充电站,西安市,汽车相关 充电站,其他,3,其他
绿能泰耀泥河村汽车公共充电站,汽车相关,充电站,108.834123,34.332955,陕西省,西安市,108.834123,34.332955,绿能泰耀泥河村汽车公共充电站,西安市,汽车相关 充电站,其他,6,其他
小桔公共充电站,汽车相关,充电站,108.833742,34.332441,陕西省,西安市,108.833742,34.332441,小桔公共充电站,西安市,汽车相关 充电站,其他,3,其他
万马爱充汽车公共充电站,汽车相关,充电站,108.834896,34.332846,陕西省,西安市,108.834896,34.332846,万马爱充汽车公共充电站,西安市,汽车相关 充电站,其他,6,其他
东欣冷库公共充电站,汽车相关,充电站,108.896827,34.303663,陕西省,西安市,108.896827,34.303663,东欣冷库公共充电站,西安市,汽车相关 充电站,其他,4,其他
云快充汽车公共充电站,汽车相关,充电站,108.896675,34.303967,陕西省,西安市,108.896675,34.303967,云快充汽车公共充电站,西安市,汽车相关 充电站,云快充,6,其他
延长壳牌汽车公共充电站,汽车相关,充电站,108.906761,34.292958,陕西省,西安市,108.906761,34.292958,延长壳牌汽车公共充电站,西安市,汽车相关 充电站,其他,5,其他
西安康弗公共充电站,汽车相关,充电站,108.899008,34.301672,陕西省,西安市,108.899008,34.301672,西安康弗公共充电站,西安市,汽车相关 充电站,其他,2,其他
云杉智慧汽车公共充电站,汽车相关,充电站,108.89899,34.301568,陕西省,西安市,108.89899,34.301568,云杉智慧汽车公共充电站,西安市,汽车相关 充电站,其他,6,其他
小精灵,汽车相关,充电站,108.800715,34.303482,陕西省,西安市,108.800715,34.303482,小精灵,西安市,汽车相关 充电站,其他,6,其他
上汽大通西安店公共充电站,汽车相关,充电站,108.816086,34.291601,陕西省,西安市,108.816086,34.291601,上汽大通西安店公共充电站,西安市,汽车相关 充电站,其他,2,其他
特来电公共充电站,汽车相关,充电站,108.815011,34.291045,陕西省,西安市,108.815011,34.291045,特来电公共充电站,西安市,汽车相关 充电站,特来电,5,其他
特来电公共充电站,汽车相关,充电站,108.812253,34.303455,陕西省,西安市,108.812253,34.303455,特来电公共充电站,西安市,汽车相关 充电站,特来电,3,其他
特来电公共充电站,汽车相关,充电站,108.812464,34.301815,陕西省,西安市,108.812464,34.301815,特来电公共充电站,西安市,汽车相关 充电站,特来电,6,其他
特来电汽车公共充电站,汽车相关,充电站,108.81221,34.303454,陕西省,西安市,108.81221,34.303454,特来电汽车公共充电站,西安市,汽车相关 充电站,特来电,2,其他
鼎盛电动汽车公共充电站,汽车相关,充电站,108.912779,34.184825000000004,陕西省,西安市,108.912779,34.184825000000004,鼎盛电动汽车公共充电站,西安市,汽车相关 充电站,其他,4,其他
特来电公共充电站,汽车相关,充电站,108.915399,34.190044,陕西省,西安市,108.915399,34.190044,特来电公共充电站,西安市,汽车相关 充电站,特来电,2,其他
江川智能,汽车相关,充电站,108.918828,34.1877,陕西省,西安市,108.918828,34.1877,江川智能,西安市,汽车相关 充电站,其他,4,其他
小桔充电公共充电站,生活服务,其他,108.915075,34.192463,陕西省,西安市,108.915075,34.192463,小桔充电公共充电站,西安市,生活服务 其他,其他,5,其他
特来电公共充电站,汽车相关,充电站,108.933101,34.174308,陕西省,西安市,108.933101,34.174308,特来电公共充电站,西安市,汽车相关 充电站,特来电,3,其他
拓士乐长兴北路新能源公共充电站,汽车相关,充电站,108.939254,34.171097,陕西省,西安市,108.939254,34.171097,拓士乐长兴北路新能源公共充电站,西安市,汽车相关 充电站,其他,2,其他
特来电公共充电站,汽车相关,充电站,108.939192,34.171098,陕西省,西安市,108.939192,34.171098,特来电公共充电站,西安市,汽车相关 充电站,特来电,8,其他
特来电公共充电站,汽车相关,充电站,108.938907,34.171247,陕西省,西安市,108.938907,34.171247,特来电公共充电站,西安市,汽车相关 充电站,特来电,8,其他
星星公共充电站,汽车相关,充电站,108.939448,34.179083000000006,陕西省,西安市,108.939448,34.179083000000006,星星公共充电站,西安市,汽车相关 充电站,其他,7,其他
西安三爻汽车公共充电站,汽车相关,充电站,108.945737,34.1815,陕西省,西安市,108.945737,34.1815,西安三爻汽车公共充电站,西安市,汽车相关 充电站,其他,6,其他
特来电公共充电站,汽车相关,充电站,108.944886,34.177051,陕西省,西安市,108.944886,34.177051,特来电公共充电站,西安市,汽车相关 充电站,特来电,5,其他
云快充汽车公共充电站,汽车相关,充电站,108.945605,34.177275,陕西省,西安市,108.945605,34.177275,云快充汽车公共充电站,西安市,汽车相关 充电站,云快充,2,其他
小桔充电汽车公共充电站,汽车相关,充电站,108.945181,34.177215,陕西省,西安市,108.945181,34.177215,小桔充电汽车公共充电站,西安市,汽车相关 充电站,其他,8,其他
甲醇加注站,汽车相关,充电站,108.935847,34.186825,陕西省,西安市,108.935847,34.186825,甲醇加注站,西安市,汽车相关 充电站,其他,6,其他
星星充电南三环朱雀路公共充电站,汽车相关,充电站,108.936013,34.186741,陕西省,西安市,108.936013,34.186741,星星充电南三环朱雀路公共充电站,西安市,汽车相关 充电站,星星充电,8,其他
小桔充电汽车公共充电站,汽车相关,充电站,108.915394,34.198125999999995,陕西省,西安市,108.915394,34.198125999999995,小桔充电汽车公共充电站,西安市,汽车相关 充电站,其他,2,其他
观唐科技汽车公共充电站,汽车相关,充电站,108.963532,34.17229,陕西省,西安市,108.963532,34.17229,观唐科技汽车公共充电站,西安市,汽车相关 充电站,其他,4,其他
西咸能源曲江澜山公共充电站,汽车相关,充电站,108.963559,34.172113,陕西省,西安市,108.963559,34.172113,西咸能源曲江澜山公共充电站,西安市,汽车相关 充电站,其他,2,其他
观唐科技汽车公共充电站,汽车相关,充电站,108.963579,34.17221,陕西省,西安市,108.963579,34.17221,观唐科技汽车公共充电站,西安市,汽车相关 充电站,其他,7,其他
小桔充电,汽车相关,充电站,108.966806,34.172445999999994,陕西省,西安市,108.966806,34.172445999999994,小桔充电,西安市,汽车相关 充电站,其他,2,其他
云易公共充电站,汽车相关,充电站,108.968548,34.171536,陕西省,西安市,108.968548,34.171536,云易公共充电站,西安市,汽车相关 充电站,其他,2,其他
小桔充电汽车公共充电站,汽车相关,充电站,108.966533,34.172281000000005,陕西省,西安市,108.966533,34.172281000000005,小桔充电汽车公共充电站,西安市,汽车相关 充电站,其他,7,其他
汽车公共充电站,汽车相关,充电站,108.967083,34.180817,陕西省,西安市,108.967083,34.180817,汽车公共充电站,西安市,汽车相关 充电站,其他,5,其他
开迈斯汽车公共充电站,汽车相关,充电站,108.964667,34.182537,陕西省,西安市,108.964667,34.182537,开迈斯汽车公共充电站,西安市,汽车相关 充电站,其他,2,其他
特来电公共充电站,汽车相关,充电站,108.962895,34.197189,陕西省,西安市,108.962895,34.197189,特来电公共充电站,西安市,汽车相关 充电站,特来电,7,其他
特来电公共充电站,汽车相关,充电站,108.962927,34.197106999999995,陕西省,西安市,108.962927,34.197106999999995,特来电公共充电站,西安市,汽车相关 充电站,特来电,6,其他
依威能源汽车公共充电站,汽车相关,充电站,108.995025,34.196887,陕西省,西安市,108.995025,34.196887,依威能源汽车公共充电站,西安市,汽车相关 充电站,其他,4,其他
曲江服务站国家电网电动汽车充电站,汽车相关,充电站,108.980395,34.186688,陕西省,西安市,108.980395,34.186688,曲江服务站国家电网电动汽车充电站,西安市,汽车相关 充电站,国家电网,4,其他
曲江服务站国家电网电动汽车充电站,汽车相关,充电站,108.978336,34.187951,陕西省,西安市,108.978336,34.187951,曲江服务站国家电网电动汽车充电站,西安市,汽车相关 充电站,国家电网,2,其他
特斯拉超级公共充电站,汽车相关,充电站,108.988068,34.196429,陕西省,西安市,108.988068,34.196429,特斯拉超级公共充电站,西安市,汽车相关 充电站,特斯拉,5,其他
万马爱充汽车公共充电站,汽车相关,充电站,108.985785,34.210682,陕西省,西安市,108.985785,34.210682,万马爱充汽车公共充电站,西安市,汽车相关 充电站,其他,5,其他
万马爱充汽车公共充电站,汽车相关,充电站,108.985264,34.212309000000005,陕西省,西安市,108.985264,34.212309000000005,万马爱充汽车公共充电站,西安市,汽车相关 充电站,其他,6,其他
汽车公共充电站,汽车相关,充电站,108.997139,34.207351,陕西省,西安市,108.997139,34.207351,汽车公共充电站,西安市,汽车相关 充电站,其他,2,其他
特来电公共充电站,汽车相关,充电站,108.991408,34.209450000000004,陕西省,西安市,108.991408,34.209450000000004,特来电公共充电站,西安市,汽车相关 充电站,特来电,4,其他
西安常效新能源汽车公共充电站,汽车相关,充电站,108.987835,34.22151,陕西省,西安市,108.987835,34.22151,西安常效新能源汽车公共充电站,西安市,汽车相关 充电站,其他,5,其他
西安秦和汽车公共充电站,汽车相关,充电站,108.978083,34.22431,陕西省,西安市,108.978083,34.22431,西安秦和汽车公共充电站,西安市,汽车相关 充电站,其他,2,其他
观音庙村电动车集中公共充电站,汽车相关,充电站,108.978314,34.226271000000004,陕西省,西安市,108.978314,34.226271000000004,观音庙村电动车集中公共充电站,西安市,汽车相关 充电站,其他,8,其他
特斯拉汽车公共充电站,汽车相关,充电站,108.962899,34.205237000000004,陕西省,西安市,108.962899,34.205237000000004,特斯拉汽车公共充电站,西安市,汽车相关 充电站,特斯拉,5,其他
惠宾宾馆汽车公共充电站,汽车相关,充电站,108.96387,34.201487,陕西省,西安市,108.96387,34.201487,惠宾宾馆汽车公共充电站,西安市,汽车相关 充电站,其他,7,其他
特来电公共充电站,汽车相关,充电站,108.965848,34.199144999999994,陕西省,西安市,108.965848,34.199144999999994,特来电公共充电站,西安市,汽车相关 充电站,特来电,8,其他
蔚来银泰百货西安曲江店汽车公共充电站,汽车相关,充电站,108.962922,34.205285,陕西省,西安市,108.962922,34.205285,蔚来银泰百货西安曲江店汽车公共充电站,西安市,汽车相关 充电站,蔚来,5,其他
云快充汽车公共充电站,汽车相关,充电站,108.966939,34.237086,陕西省,西安市,108.966939,34.237086,云快充汽车公共充电站,西安市,汽车相关 充电站,云快充,4,其他
云快充公共充电站,汽车相关,充电站,108.966159,34.23826,陕西省,西安市,108.966159,34.23826,云快充公共充电站,西安市,汽车相关 充电站,云快充,3,其他
王家村一组电动自行车智能公共充电站,生活服务,其他,108.986978,34.231913,陕西省,西安市,108.986978,34.231913,王家村一组电动自行车智能公共充电站,西安市,生活服务 其他,其他,8,其他
西安延长壳牌南二环沙坡公共充电站,汽车相关,充电站,108.994831,34.243072,陕西省,西安市,108.994831,34.243072,西安延长壳牌南二环沙坡公共充电站,西安市,汽车相关 充电站,其他,6,其他
小桔充电汽车公共充电站,汽车相关,充电站,108.994914,34.243182000000004,陕西省,西安市,108.994914,34.243182000000004,小桔充电汽车公共充电站,西安市,汽车相关 充电站,其他,6,其他
国网沙坡汽车公共充电站,汽车相关,充电站,108.992551,34.242086,陕西省,西安市,108.992551,34.242086,国网沙坡汽车公共充电站,西安市,汽车相关 充电站,国家电网,4,其他
依威能源汽车公共充电站,汽车相关,充电站,108.978284,34.250072,陕西省,西安市,108.978284,34.250072,依威能源汽车公共充电站,西安市,汽车相关 充电站,其他,5,其他
快来充汽车公共充电站,汽车相关,充电站,108.981992,34.250369,陕西省,西安市,108.981992,34.250369,快来充汽车公共充电站,西安市,汽车相关 充电站,其他,2,其他
陕西隆兴源新能源汽车公共充电站,汽车相关,充电站,108.994891,34.289824,陕西省,西安市,108.994891,34.289824,陕西隆兴源新能源汽车公共充电站,西安市,汽车相关 充电站,其他,5,其他
星星充电汽车公共充电站,汽车相关,充电站,108.992944,34.289795,陕西省,西安市,108.992944,34.289795,星星充电汽车公共充电站,西安市,汽车相关 充电站,星星充电,4,其他
星星充电汽车公共充电站,汽车相关,充电站,108.992967,34.289733000000005,陕西省,西安市,108.992967,34.289733000000005,星星充电汽车公共充电站,西安市,汽车相关 充电站,星星充电,6,其他
ZEEKR Power西安陕建安装商业大厦超充站,汽车相关,充电站,108.9383,34.243163,陕西省,西安市,108.9383,34.243163,ZEEKR Power西安陕建安装商业大厦超充站,西安市,汽车相关 充电站,其他,5,其他
特来电公共充电站,汽车相关,充电站,108.942455,34.243784,陕西省,西安市,108.942455,34.243784,特来电公共充电站,西安市,汽车相关 充电站,特来电,6,其他
特来电公共充电站,汽车相关,充电站,108.939491,34.238279000000006,陕西省,西安市,108.939491,34.238279000000006,特来电公共充电站,西安市,汽车相关 充电站,特来电,8,其他
星星充电汽车公共充电站,汽车相关,充电站,108.940979,34.242598,陕西省,西安市,108.940979,34.242598,星星充电汽车公共充电站,西安市,汽车相关 充电站,星星充电,2,其他
小桔充电汽车公共充电站,汽车相关,充电站,108.941459,34.243689,陕西省,西安市,108.941459,34.243689,小桔充电汽车公共充电站,西安市,汽车相关 充电站,其他,8,其他
依威能源汽车公共充电站,汽车相关,充电站,108.930047,34.281558000000004,陕西省,西安市,108.930047,34.281558000000004,依威能源汽车公共充电站,西安市,汽车相关 充电站,其他,6,其他
汽车公共充电站,汽车相关,充电站,108.999859,34.186809,陕西省,西安市,108.999859,34.186809,汽车公共充电站,西安市,汽车相关 充电站,其他,6,其他
民政曲江小区电动汽车公共充电站,汽车相关,充电站,109.004987,34.204946,陕西省,西安市,109.004987,34.204946,民政曲江小区电动汽车公共充电站,西安市,汽车相关 充电站,其他,3,其他
依威能源汽车公共充电站,汽车相关,充电站,109.005037,34.204919000000004,陕西省,西安市,109.005037,34.204919000000004,依威能源汽车公共充电站,西安市,汽车相关 充电站,其他,3,其他
星星充电汽车公共充电站,汽车相关,充电站,109.010248,34.201464,陕西省,西安市,109.010248,34.201464,星星充电汽车公共充电站,西安市,汽车相关 充电站,星星充电,8,其他
小桔充电汽车公共充电站,汽车相关,充电站,109.018094,34.215808,陕西省,西安市,109.018094,34.215808,小桔充电汽车公共充电站,西安市,汽车相关 充电站,其他,7,其他
和众城阅公共充电站,汽车相关,充电站,109.010587,34.214133,陕西省,西安市,109.010587,34.214133,和众城阅公共充电站,西安市,汽车相关 充电站,其他,8,其他
特来电公共充电站,汽车相关,充电站,109.064103,34.250544,陕西省,西安市,109.064103,34.250544,特来电公共充电站,西安市,汽车相关 充电站,特来电,3,其他
特来电公共充电站,汽车相关,充电站,109.062981,34.250346,陕西省,西安市,109.062981,34.250346,特来电公共充电站,西安市,汽车相关 充电站,特来电,6,其他
依威能源公共充电站,汽车相关,充电站,109.063346,34.2519,陕西省,西安市,109.063346,34.2519,依威能源公共充电站,西安市,汽车相关 充电站,其他,4,其他
依威能源汽车公共充电站,汽车相关,充电站,109.063276,34.251953,陕西省,西安市,109.063276,34.251953,依威能源汽车公共充电站,西安市,汽车相关 充电站,其他,8,其他
依威能源汽车公共充电站,汽车相关,充电站,109.058042,34.253123,陕西省,西安市,109.058042,34.253123,依威能源汽车公共充电站,西安市,汽车相关 充电站,其他,6,其他
特来电公共充电站,汽车相关,充电站,109.04598,34.246624000000004,陕西省,西安市,109.04598,34.246624000000004,特来电公共充电站,西安市,汽车相关 充电站,特来电,4,其他
汽车公共充电站,汽车相关,充电站,109.046015,34.246559000000005,陕西省,西安市,109.046015,34.246559000000005,汽车公共充电站,西安市,汽车相关 充电站,其他,4,其他
星星充电品牌联营站,汽车相关,充电站,109.047087,34.246894,陕西省,西安市,109.047087,34.246894,星星充电品牌联营站,西安市,汽车相关 充电站,星星充电,3,其他
星星公共充电站,汽车相关,充电站,109.047687,34.246506000000004,陕西省,西安市,109.047687,34.246506000000004,星星公共充电站,西安市,汽车相关 充电站,其他,8,其他
西安寰宇澄天田家湾公共充电站,汽车相关,充电站,109.045979,34.246583,陕西省,西安市,109.045979,34.246583,西安寰宇澄天田家湾公共充电站,西安市,汽车相关 充电站,其他,5,其他
星星充电汽车公共充电站,汽车相关,充电站,109.047615,34.246467,陕西省,西安市,109.047615,34.246467,星星充电汽车公共充电站,西安市,汽车相关 充电站,星星充电,2,其他
拓士乐公共充电站,生活服务,其他,109.050243,34.253108999999995,陕西省,西安市,109.050243,34.253108999999995,拓士乐公共充电站,西安市,生活服务 其他,其他,3,其他
特来电公共充电站,汽车相关,充电站,109.048574,34.252433,陕西省,西安市,109.048574,34.252433,特来电公共充电站,西安市,汽车相关 充电站,特来电,3,其他
泽铄公共充电站,汽车相关,其他,109.075313,34.267868,陕西省,西安市,109.075313,34.267868,泽铄公共充电站,西安市,汽车相关 其他,其他,5,其他
特来电浐灞新城公共充电站,汽车相关,充电站,109.074285,34.275406000000004,陕西省,西安市,109.074285,34.275406000000004,特来电浐灞新城公共充电站,西安市,汽车相关 充电站,特来电,2,其他
万马爱充汽车充电站,汽车相关,充电站,109.055826,34.27395,陕西省,西安市,109.055826,34.27395,万马爱充汽车充电站,西安市,汽车相关 充电站,其他,6,其他
云易公共充电站,生活服务,其他,109.044883,34.273302,陕西省,西安市,109.044883,34.273302,云易公共充电站,西安市,生活服务 其他,其他,7,其他
新能源公共充电站,汽车相关,充电站,109.046072,34.272313,陕西省,西安市,109.046072,34.272313,新能源公共充电站,西安市,汽车相关 充电站,其他,8,其他
依威能源汽车公共充电站,汽车相关,充电站,109.048836,34.269783,陕西省,西安市,109.048836,34.269783,依威能源汽车公共充电站,西安市,汽车相关 充电站,其他,7,其他
灞桥电厂东路时代金泰充电站专用停车场,交通设施,停车场,109.056865,34.288939,陕西省,西安市,109.056865,34.288939,灞桥电厂东路时代金泰充电站专用停车场,西安市,交通设施 停车场,其他,6,交通
电厂东路铭朗公共充电站,汽车相关,充电站,109.058401,34.283913,陕西省,西安市,109.058401,34.283913,电厂东路铭朗公共充电站,西安市,汽车相关 充电站,其他,3,其他
特来电公共充电站,汽车相关,充电站,109.05678,34.288737,陕西省,西安市,109.05678,34.288737,特来电公共充电站,西安市,汽车相关 充电站,特来电,2,其他
特来电公共充电站,汽车相关,充电站,109.057953,34.284687,陕西省,西安市,109.057953,34.284687,特来电公共充电站,西安市,汽车相关 充电站,特来电,3,其他
特来电公共充电站,汽车相关,充电站,109.056899,34.288985,陕西省,西安市,109.056899,34.288985,特来电公共充电站,西安市,汽车相关 充电站,特来电,4,其他
特来电公共充电站,汽车相关,充电站,109.050346,34.279286,陕西省,西安市,109.050346,34.279286,特来电公共充电站,西安市,汽车相关 充电站,特来电,3,其他
新未来等驾坡停车楼公共充电站,汽车相关,充电站,109.015623,34.235239,陕西省,西安市,109.015623,34.235239,新未来等驾坡停车楼公共充电站,西安市,汽车相关 充电站,其他,3,其他
新未来动力等驾坡停车楼汽车公共充电站,汽车相关,充电站,109.018524,34.236482,陕西省,西安市,109.018524,34.236482,新未来动力等驾坡停车楼汽车公共充电站,西安市,汽车相关 充电站,其他,6,其他
特来电公共充电站,汽车相关,充电站,109.017782,34.240474000000006,陕西省,西安市,109.017782,34.240474000000006,特来电公共充电站,西安市,汽车相关 充电站,特来电,6,其他
汽车公共充电站,汽车相关,充电站,109.011199,34.243732,陕西省,西安市,109.011199,34.243732,汽车公共充电站,西安市,汽车相关 充电站,其他,6,其他
特来电公共充电站,汽车相关,充电站,109.016604,34.252225,陕西省,西安市,109.016604,34.252225,特来电公共充电站,西安市,汽车相关 充电站,特来电,7,其他
特来电充电站,汽车相关,充电站,109.011299,34.253645,陕西省,西安市,109.011299,34.253645,特来电充电站,西安市,汽车相关 充电站,特来电,4,其他
小桔充电汽车公共充电站,汽车相关,充电站,109.016372,34.25858,陕西省,西安市,109.016372,34.25858,小桔充电汽车公共充电站,西安市,汽车相关 充电站,其他,6,其他
电动车公共充电站,汽车相关,充电站,109.026421,34.251418,陕西省,西安市,109.026421,34.251418,电动车公共充电站,西安市,汽车相关 充电站,其他,2,其他
西安咸宁东路公共充电站,汽车相关,充电站,109.027379,34.251358,陕西省,西安市,109.027379,34.251358,西安咸宁东路公共充电站,西安市,汽车相关 充电站,其他,7,其他
依威能源汽车公共充电站,汽车相关,充电站,109.028103,34.249723,陕西省,西安市,109.028103,34.249723,依威能源汽车公共充电站,西安市,汽车相关 充电站,其他,5,其他
星星充电汽车公共充电站,汽车相关,充电站,109.0311,34.25105,陕西省,西安市,109.0311,34.25105,星星充电汽车公共充电站,西安市,汽车相关 充电站,星星充电,2,其他
星星充电汽车公共充电站,汽车相关,充电站,109.031086,34.250823999999994,陕西省,西安市,109.031086,34.250823999999994,星星充电汽车公共充电站,西安市,汽车相关 充电站,星星充电,8,其他
长乐壹号公共充电站网约车出租车消毒点,交通设施,其他,109.028199,34.271575000000006,陕西省,西安市,109.028199,34.271575000000006,长乐壹号公共充电站网约车出租车消毒点,西安市,交通设施 其他,其他,8,其他
电动汽车公共充电站,汽车相关,充电站,109.028098,34.271506,陕西省,西安市,109.028098,34.271506,电动汽车公共充电站,西安市,汽车相关 充电站,其他,2,其他
云杉智慧汽车公共充电站-长乐壹号公共充电站,汽车相关,充电站,109.028203,34.271589,陕西省,西安市,109.028203,34.271589,云杉智慧汽车公共充电站-长乐壹号公共充电站,西安市,汽车相关 充电站,其他,6,其他
云快充汽车公共充电站,汽车相关,充电站,109.02449,34.277418,陕西省,西安市,109.02449,34.277418,云快充汽车公共充电站,西安市,汽车相关 充电站,云快充,5,其他
长乐花卉汽车公共充电站,汽车相关,充电站,109.004882,34.262572000000006,陕西省,西安市,109.004882,34.262572000000006,长乐花卉汽车公共充电站,西安市,汽车相关 充电站,其他,5,其他
绿森新能源汽车公共充电站,汽车相关,充电站,109.004868,34.262688999999995,陕西省,西安市,109.004868,34.262688999999995,绿森新能源汽车公共充电站,西安市,汽车相关 充电站,其他,7,其他
小桔公共充电站,汽车相关,充电站,109.006667,34.264961,陕西省,西安市,109.006667,34.264961,小桔公共充电站,西安市,汽车相关 充电站,其他,5,其他
特来电公共充电站,汽车相关,充电站,109.006128,34.261133,陕西省,西安市,109.006128,34.261133,特来电公共充电站,西安市,汽车相关 充电站,特来电,8,其他
蔚景云汽车公共充电站,汽车相关,充电站,109.005949,34.26278,陕西省,西安市,109.005949,34.26278,蔚景云汽车公共充电站,西安市,汽车相关 充电站,其他,4,其他
华山饭店速易充电动汽车公共充电站,汽车相关,充电站,109.017651,34.264924,陕西省,西安市,109.017651,34.264924,华山饭店速易充电动汽车公共充电站,西安市,汽车相关 充电站,其他,6,其他
路通路汽车公共充电站,汽车相关,充电站,109.004966,34.294112,陕西省,西安市,109.004966,34.294112,路通路汽车公共充电站,西安市,汽车相关 充电站,其他,5,其他
星星充电汽车公共充电站,汽车相关,充电站,109.004925,34.294035,陕西省,西安市,109.004925,34.294035,星星充电汽车公共充电站,西安市,汽车相关 充电站,星星充电,7,其他
亚辉公共公共充电站,汽车相关,充电站,109.013471,34.294591,陕西省,西安市,109.013471,34.294591,亚辉公共公共充电站,西安市,汽车相关 充电站,其他,8,其他
特来电公共充电站,汽车相关,充电站,109.012801,34.295803,陕西省,西安市,109.012801,34.295803,特来电公共充电站,西安市,汽车相关 充电站,特来电,4,其他
星星充电公共充电站,汽车相关,充电站,109.012671,34.294224,陕西省,西安市,109.012671,34.294224,星星充电公共充电站,西安市,汽车相关 充电站,星星充电,3,其他
星星充电汽车公共充电站,汽车相关,充电站,109.012636,34.294234,陕西省,西安市,109.012636,34.294234,星星充电汽车公共充电站,西安市,汽车相关 充电站,星星充电,3,其他
澳秦新能源公共充电站网约车出租车消毒点,生活服务,物流,109.021807,34.296967,陕西省,西安市,109.021807,34.296967,澳秦新能源公共充电站网约车出租车消毒点,西安市,生活服务 物流,其他,4,其他
澳秦新能源公共充电站网约车出租车消毒点,交通设施,其他,109.02184,34.296967,陕西省,西安市,109.02184,34.296967,澳秦新能源公共充电站网约车出租车消毒点,西安市,交通设施 其他,其他,8,其他
特来电公共充电站,汽车相关,充电站,109.022074,34.295713,陕西省,西安市,109.022074,34.295713,特来电公共充电站,西安市,汽车相关 充电站,特来电,7,其他
澳秦公共充电站,汽车相关,充电站,109.021822,34.296777,陕西省,西安市,109.021822,34.296777,澳秦公共充电站,西安市,汽车相关 充电站,其他,4,其他
蔚来换电站,汽车相关,充电站,109.022156,34.295798,陕西省,西安市,109.022156,34.295798,蔚来换电站,西安市,汽车相关 充电站,蔚来,6,其他
小桔充电,汽车相关,充电站,109.016784,34.301364,陕西省,西安市,109.016784,34.301364,小桔充电,西安市,汽车相关 充电站,其他,6,其他
比亚迪汽车公共充电站,汽车相关,充电站,109.002444,34.316289,陕西省,西安市,109.002444,34.316289,比亚迪汽车公共充电站,西安市,汽车相关 充电站,其他,3,其他
依威能源汽车公共充电站,汽车相关,充电站,109.029373,34.300527,陕西省,西安市,109.029373,34.300527,依威能源汽车公共充电站,西安市,汽车相关 充电站,其他,5,其他
星星充电汽车充电站,汽车相关,充电站,109.044157,34.317302999999995,陕西省,西安市,109.044157,34.317302999999995,星星充电汽车充电站,西安市,汽车相关 充电站,星星充电,7,其他
延长壳牌金茂七路公共充电站,汽车相关,充电站,109.036185,34.320704,陕西省,西安市,109.036185,34.320704,延长壳牌金茂七路公共充电站,西安市,汽车相关 充电站,其他,3,其他
蔚来换电站,汽车相关,充电站,109.034788,34.313738,陕西省,西安市,109.034788,34.313738,蔚来换电站,西安市,汽车相关 充电站,蔚来,5,其他
浐灞生态区灞能充电浐灞城市广场综合站,汽车相关,充电站,109.034828,34.31341,陕西省,西安市,109.034828,34.31341,浐灞生态区灞能充电浐灞城市广场综合站,西安市,汽车相关 充电站,其他,5,其他
星星充电汽车公共充电站,汽车相关,充电站,109.034618,34.313647,陕西省,西安市,109.034618,34.313647,星星充电汽车公共充电站,西安市,汽车相关 充电站,星星充电,6,其他
星星充电汽车公共充电站,汽车相关,充电站,109.032314,34.310557,陕西省,西安市,109.032314,34.310557,星星充电汽车公共充电站,西安市,汽车相关 充电站,星星充电,8,其他
星星充电汽车公共充电站,汽车相关,充电站,109.004777,34.322445,陕西省,西安市,109.004777,34.322445,星星充电汽车公共充电站,西安市,汽车相关 充电站,星星充电,2,其他
小桔充电站,汽车相关,充电站,109.006744,34.322284,陕西省,西安市,109.006744,34.322284,小桔充电站,西安市,汽车相关 充电站,其他,8,其他
驿充电公共充电站,汽车相关,充电站,109.051502,34.304109000000004,陕西省,西安市,109.051502,34.304109000000004,驿充电公共充电站,西安市,汽车相关 充电站,其他,2,其他
依威能源汽车公共充电站,汽车相关,充电站,109.052824,34.302725,陕西省,西安市,109.052824,34.302725,依威能源汽车公共充电站,西安市,汽车相关 充电站,其他,4,其他
特来电充电站,汽车相关,充电站,109.075763,34.299188,陕西省,西安市,109.075763,34.299188,特来电充电站,西安市,汽车相关 充电站,特来电,6,其他
比亚迪汽车充电站,汽车相关,充电站,109.07458,34.312601,陕西省,西安市,109.07458,34.312601,比亚迪汽车充电站,西安市,汽车相关 充电站,其他,5,其他
依威能源汽车公共充电站,汽车相关,充电站,109.071128,34.320235999999994,陕西省,西安市,109.071128,34.320235999999994,依威能源汽车公共充电站,西安市,汽车相关 充电站,其他,7,其他
依威能源汽车公共充电站,汽车相关,充电站,109.050567,34.337473,陕西省,西安市,109.050567,34.337473,依威能源汽车公共充电站,西安市,汽车相关 充电站,其他,2,其他
驿充电汽车充电站,汽车相关,充电站,109.050844,34.336764,陕西省,西安市,109.050844,34.336764,驿充电汽车充电站,西安市,汽车相关 充电站,其他,8,其他
国家电网汽车公共充电站,汽车相关,充电站,109.02233,34.352779000000005,陕西省,西安市,109.02233,34.352779000000005,国家电网汽车公共充电站,西安市,汽车相关 充电站,国家电网,5,其他
西安世园旅游汽车有限责任公司浐灞公交充电站,汽车相关,充电站,109.03884,34.352668,陕西省,西安市,109.03884,34.352668,西安世园旅游汽车有限责任公司浐灞公交充电站,西安市,汽车相关 充电站,其他,2,其他
星星充电汽车公共充电站,汽车相关,充电站,109.042151,34.359312,陕西省,西安市,109.042151,34.359312,星星充电汽车公共充电站,西安市,汽车相关 充电站,星星充电,2,其他
特来电公共充电站,汽车相关,充电站,109.043132,34.36109,陕西省,西安市,109.043132,34.36109,特来电公共充电站,西安市,汽车相关 充电站,特来电,2,其他
星星充电汽车公共充电站,汽车相关,充电站,108.916553,34.305419,陕西省,西安市,108.916553,34.305419,星星充电汽车公共充电站,西安市,汽车相关 充电站,星星充电,7,其他
小桔充电,汽车相关,充电站,108.916587,34.305269,陕西省,西安市,108.916587,34.305269,小桔充电,西安市,汽车相关 充电站,其他,6,其他
云快充公共充电站,汽车相关,充电站,108.916555,34.305281,陕西省,西安市,108.916555,34.305281,云快充公共充电站,西安市,汽车相关 充电站,云快充,7,其他
特来电公共充电站,汽车相关,充电站,108.916512,34.30543,陕西省,西安市,108.916512,34.30543,特来电公共充电站,西安市,汽车相关 充电站,特来电,3,其他
国家电网充电站,汽车相关,充电站,108.916558,34.305460000000004,陕西省,西安市,108.916558,34.305460000000004,国家电网充电站,西安市,汽车相关 充电站,国家电网,5,其他
依威能源汽车公共充电站,汽车相关,充电站,108.92915,34.298862,陕西省,西安市,108.92915,34.298862,依威能源汽车公共充电站,西安市,汽车相关 充电站,其他,6,其他
小桔充电汽车公共充电站,汽车相关,充电站,108.929615,34.304619,陕西省,西安市,108.929615,34.304619,小桔充电汽车公共充电站,西安市,汽车相关 充电站,其他,6,其他
特来电公共充电站,汽车相关,充电站,108.92565,34.301613999999994,陕西省,西安市,108.92565,34.301613999999994,特来电公共充电站,西安市,汽车相关 充电站,特来电,6,其他
云快充汽车公共充电站,汽车相关,充电站,108.923716,34.30447,陕西省,西安市,108.923716,34.30447,云快充汽车公共充电站,西安市,汽车相关 充电站,云快充,8,其他
驿充电公共充电站,汽车相关,充电站,108.925538,34.310589,陕西省,西安市,108.925538,34.310589,驿充电公共充电站,西安市,汽车相关 充电站,其他,6,其他
云易公共充电站,生活服务,其他,108.928238,34.313554,陕西省,西安市,108.928238,34.313554,云易公共充电站,西安市,生活服务 其他,其他,7,其他
依威能源汽车公共充电站,汽车相关,充电站,108.929969,34.31472900000001,陕西省,西安市,108.929969,34.31472900000001,依威能源汽车公共充电站,西安市,汽车相关 充电站,其他,6,其他
国家电网凤和路公共充电站,汽车相关,充电站,108.932998,34.320375000000006,陕西省,西安市,108.932998,34.320375000000006,国家电网凤和路公共充电站,西安市,汽车相关 充电站,国家电网,4,其他
城投汽车公共充电站,汽车相关,充电站,108.937355,34.314469,陕西省,西安市,108.937355,34.314469,城投汽车公共充电站,西安市,汽车相关 充电站,其他,5,其他
特来电公共充电站,汽车相关,充电站,108.934049,34.318117,陕西省,西安市,108.934049,34.318117,特来电公共充电站,西安市,汽车相关 充电站,特来电,6,其他
星星充电汽车公共充电站,汽车相关,充电站,108.937114,34.314024,陕西省,西安市,108.937114,34.314024,星星充电汽车公共充电站,西安市,汽车相关 充电站,星星充电,5,其他
星星充电公共充电站,汽车相关,充电站,108.937097,34.314032999999995,陕西省,西安市,108.937097,34.314032999999995,星星充电公共充电站,西安市,汽车相关 充电站,星星充电,4,其他
国家电网汽车公共充电站,汽车相关,充电站,108.932965,34.320355,陕西省,西安市,108.932965,34.320355,国家电网汽车公共充电站,西安市,汽车相关 充电站,国家电网,4,其他
四季绿能公共充电站,生活服务,其他,108.936601,34.330110999999995,陕西省,西安市,108.936601,34.330110999999995,四季绿能公共充电站,西安市,生活服务 其他,其他,5,其他
小桔充电,汽车相关,充电站,108.936781,34.330064,陕西省,西安市,108.936781,34.330064,小桔充电,西安市,汽车相关 充电站,其他,2,其他
星星充电公共充电站,汽车相关,充电站,108.936796,34.329102000000006,陕西省,西安市,108.936796,34.329102000000006,星星充电公共充电站,西安市,汽车相关 充电站,星星充电,3,其他
小桔充电汽车公共充电站,汽车相关,充电站,108.937054,34.32994,陕西省,西安市,108.937054,34.32994,小桔充电汽车公共充电站,西安市,汽车相关 充电站,其他,8,其他
依威能源汽车公共充电站,汽车相关,充电站,108.943348,34.348386,陕西省,西安市,108.943348,34.348386,依威能源汽车公共充电站,西安市,汽车相关 充电站,其他,2,其他
依威能源汽车公共充电站,汽车相关,充电站,108.943052,34.34771,陕西省,西安市,108.943052,34.34771,依威能源汽车公共充电站,西安市,汽车相关 充电站,其他,2,其他
星星充电汽车公共充电站,汽车相关,充电站,108.939292,34.346372,陕西省,西安市,108.939292,34.346372,星星充电汽车公共充电站,西安市,汽车相关 充电站,星星充电,7,其他
加气站公共充电站,汽车相关,其他能源站,108.920763,34.333521000000005,陕西省,西安市,108.920763,34.333521000000005,加气站公共充电站,西安市,汽车相关 其他能源站,其他,8,其他
加气站公共充电站,公司企业,其他,108.920814,34.333560000000006,陕西省,西安市,108.920814,34.333560000000006,加气站公共充电站,西安市,公司企业 其他,其他,8,其他
源源能源公共充电站,公司企业,其他,108.913401,34.3303,陕西省,西安市,108.913401,34.3303,源源能源公共充电站,西安市,公司企业 其他,其他,2,其他
小桔充电,汽车相关,充电站,108.913401,34.330246,陕西省,西安市,108.913401,34.330246,小桔充电,西安市,汽车相关 充电站,其他,6,其他
特来电公共充电站,汽车相关,充电站,108.915023,34.331672999999995,陕西省,西安市,108.915023,34.331672999999995,特来电公共充电站,西安市,汽车相关 充电站,特来电,7,其他
万马爱充充电站,汽车相关,充电站,108.913332,34.330256000000006,陕西省,西安市,108.913332,34.330256000000006,万马爱充充电站,西安市,汽车相关 充电站,其他,7,其他
云快充汽车充电站,汽车相关,充电站,108.913297,34.330239,陕西省,西安市,108.913297,34.330239,云快充汽车充电站,西安市,汽车相关 充电站,云快充,4,其他
云易公共充电站,生活服务,其他,108.930158,34.329635,陕西省,西安市,108.930158,34.329635,云易公共充电站,西安市,生活服务 其他,其他,8,其他
特斯拉目的地公共充电站,汽车相关,充电站,108.928341,34.329586,陕西省,西安市,108.928341,34.329586,特斯拉目的地公共充电站,西安市,汽车相关 充电站,特斯拉,2,其他
陕西商储万马新能源汽车公共充电站,汽车相关,充电站,108.931897,34.334914,陕西省,西安市,108.931897,34.334914,陕西商储万马新能源汽车公共充电站,西安市,汽车相关 充电站,其他,4,其他
西安正源凤城六路公共充电站,汽车相关,充电站,108.921237,34.333549000000005,陕西省,西安市,108.921237,34.333549000000005,西安正源凤城六路公共充电站,西安市,汽车相关 充电站,其他,5,其他
奥瑞斯公共充电站,汽车相关,充电站,108.922214,34.334192,陕西省,西安市,108.922214,34.334192,奥瑞斯公共充电站,西安市,汽车相关 充电站,其他,3,其他
城投充电珠红路加气站公共充电站,汽车相关,充电站,108.921385,34.333508,陕西省,西安市,108.921385,34.333508,城投充电珠红路加气站公共充电站,西安市,汽车相关 充电站,其他,7,其他
未来动力公共充电站,汽车相关,充电站,108.923939,34.330028,陕西省,西安市,108.923939,34.330028,未来动力公共充电站,西安市,汽车相关 充电站,其他,5,其他
新未来凤城五路恒石国际专用停车场汽车充电站,汽车相关,充电站,108.923952,34.330137,陕西省,西安市,108.923952,34.330137,新未来凤城五路恒石国际专用停车场汽车充电站,西安市,汽车相关 充电站,其他,5,其他
星星公共充电站,汽车相关,充电站,108.912619,34.342298,陕西省,西安市,108.912619,34.342298,星星公共充电站,西安市,汽车相关 充电站,其他,6,其他
特来电公共充电站,汽车相关,充电站,108.915053,34.343557,陕西省,西安市,108.915053,34.343557,特来电公共充电站,西安市,汽车相关 充电站,特来电,3,其他
星星充电汽车公共充电站,汽车相关,充电站,108.912491,34.341587,陕西省,西安市,108.912491,34.341587,星星充电汽车公共充电站,西安市,汽车相关 充电站,星星充电,5,其他
特来电公共充电站,汽车相关,充电站,108.914809,34.343541,陕西省,西安市,108.914809,34.343541,特来电公共充电站,西安市,汽车相关 充电站,特来电,5,其他
小桔充电,汽车相关,充电站,108.920291,34.347115,陕西省,西安市,108.920291,34.347115,小桔充电,西安市,汽车相关 充电站,其他,3,其他
云快充公共充电站,汽车相关,充电站,108.914583,34.34539,陕西省,西安市,108.914583,34.34539,云快充公共充电站,西安市,汽车相关 充电站,云快充,3,其他
万马爱充公共充电站,汽车相关,充电站,108.914746,34.345533,陕西省,西安市,108.914746,34.345533,万马爱充公共充电站,西安市,汽车相关 充电站,其他,5,其他
星星充电汽车公共充电站,汽车相关,充电站,108.913957,34.349467,陕西省,西安市,108.913957,34.349467,星星充电汽车公共充电站,西安市,汽车相关 充电站,星星充电,3,其他
依威能源汽车公共充电站,汽车相关,充电站,108.985717,34.294431,陕西省,西安市,108.985717,34.294431,依威能源汽车公共充电站,西安市,汽车相关 充电站,其他,5,其他
星星充电汽车公共充电站,汽车相关,充电站,108.958382,34.335054,陕西省,西安市,108.958382,34.335054,星星充电汽车公共充电站,西安市,汽车相关 充电站,星星充电,5,其他
星星充电汽车公共充电站,汽车相关,充电站,108.958368,34.335069999999995,陕西省,西安市,108.958368,34.335069999999995,星星充电汽车公共充电站,西安市,汽车相关 充电站,星星充电,6,其他
特来电公共充电站,汽车相关,充电站,108.971839,34.324743000000005,陕西省,西安市,108.971839,34.324743000000005,特来电公共充电站,西安市,汽车相关 充电站,特来电,2,其他
龙钢广场公共充电站网约车出租车消毒点,交通设施,其他,108.971929,34.333571,陕西省,西安市,108.971929,34.333571,龙钢广场公共充电站网约车出租车消毒点,西安市,交通设施 其他,其他,5,其他
小桔充电,汽车相关,充电站,108.971795,34.334216,陕西省,西安市,108.971795,34.334216,小桔充电,西安市,汽车相关 充电站,其他,4,其他
星星充电汽车公共充电站,汽车相关,充电站,108.972015,34.33047,陕西省,西安市,108.972015,34.33047,星星充电汽车公共充电站,西安市,汽车相关 充电站,星星充电,7,其他
充电有道西安高级中学汽车公共充电站,汽车相关,充电站,108.967759,34.344818,陕西省,西安市,108.967759,34.344818,充电有道西安高级中学汽车公共充电站,西安市,汽车相关 充电站,其他,8,其他
星星充电汽车公共充电站,汽车相关,充电站,108.95792,34.354211,陕西省,西安市,108.95792,34.354211,星星充电汽车公共充电站,西安市,汽车相关 充电站,星星充电,2,其他
延长壳牌武德路汽车公共充电站,汽车相关,充电站,108.981735,34.366352,陕西省,西安市,108.981735,34.366352,延长壳牌武德路汽车公共充电站,西安市,汽车相关 充电站,其他,2,其他
依威能源汽车公共充电站,汽车相关,充电站,108.999799,34.354413,陕西省,西安市,108.999799,34.354413,依威能源汽车公共充电站,西安市,汽车相关 充电站,其他,2,其他
文家小区公共充电站,汽车相关,充电站,108.994393,34.389428,陕西省,西安市,108.994393,34.389428,文家小区公共充电站,西安市,汽车相关 充电站,其他,6,其他
未来动力汽车公共充电站,汽车相关,充电站,108.98069,34.398604,陕西省,西安市,108.98069,34.398604,未来动力汽车公共充电站,西安市,汽车相关 充电站,其他,5,其他
星星充电汽车公共充电站,汽车相关,充电站,108.981232,34.404807,陕西省,西安市,108.981232,34.404807,星星充电汽车公共充电站,西安市,汽车相关 充电站,星星充电,6,其他
特来电汽车公共充电站网约车出租车消毒点,交通设施,其他,108.920003,34.358386,陕西省,西安市,108.920003,34.358386,特来电汽车公共充电站网约车出租车消毒点,西安市,交通设施 其他,特来电,5,其他
万帮德和汽车公共充电站,汽车相关,充电站,108.915803,34.355608000000004,陕西省,西安市,108.915803,34.355608000000004,万帮德和汽车公共充电站,西安市,汽车相关 充电站,星星充电,6,其他
新能源公共充电站厢式货车租赁,汽车相关,充电站,108.917314,34.356078,陕西省,西安市,108.917314,34.356078,新能源公共充电站厢式货车租赁,西安市,汽车相关 充电站,其他,6,其他
小桔充电,汽车相关,充电站,108.918045,34.358589,陕西省,西安市,108.918045,34.358589,小桔充电,西安市,汽车相关 充电站,其他,7,其他
星星充电汽车公共充电站,汽车相关,充电站,108.918173,34.35359,陕西省,西安市,108.918173,34.35359,星星充电汽车公共充电站,西安市,汽车相关 充电站,星星充电,4,其他
星星充电汽车公共充电站,汽车相关,充电站,108.916273,34.355830000000005,陕西省,西安市,108.916273,34.355830000000005,星星充电汽车公共充电站,西安市,汽车相关 充电站,星星充电,6,其他
星星充电汽车公共充电站,汽车相关,充电站,108.918947,34.353563,陕西省,西安市,108.918947,34.353563,星星充电汽车公共充电站,西安市,汽车相关 充电站,星星充电,7,其他
星星充电汽车公共充电站,汽车相关,充电站,108.915763,34.355588000000004,陕西省,西安市,108.915763,34.355588000000004,星星充电汽车公共充电站,西安市,汽车相关 充电站,星星充电,3,其他
特来电公共充电站,汽车相关,充电站,108.917698,34.358479,陕西省,西安市,108.917698,34.358479,特来电公共充电站,西安市,汽车相关 充电站,特来电,4,其他
特来电公共充电站,汽车相关,充电站,108.92002,34.358414,陕西省,西安市,108.92002,34.358414,特来电公共充电站,西安市,汽车相关 充电站,特来电,6,其他
小桔公共充电站,汽车相关,充电站,108.920403,34.358494,陕西省,西安市,108.920403,34.358494,小桔公共充电站,西安市,汽车相关 充电站,其他,8,其他
小桔充电汽车公共充电站,汽车相关,充电站,108.919911,34.357904,陕西省,西安市,108.919911,34.357904,小桔充电汽车公共充电站,西安市,汽车相关 充电站,其他,2,其他
星星充电汽车公共充电站,汽车相关,充电站,108.918386,34.356247,陕西省,西安市,108.918386,34.356247,星星充电汽车公共充电站,西安市,汽车相关 充电站,星星充电,3,其他
云杉智慧汽车公共充电站,汽车相关,充电站,108.918527,34.358358,陕西省,西安市,108.918527,34.358358,云杉智慧汽车公共充电站,西安市,汽车相关 充电站,其他,3,其他
云杉智慧汽车公共充电站,汽车相关,充电站,108.918553,34.358412,陕西省,西安市,108.918553,34.358412,云杉智慧汽车公共充电站,西安市,汽车相关 充电站,其他,7,其他
星星充电汽车公共充电站,汽车相关,充电站,108.916169,34.355827999999995,陕西省,西安市,108.916169,34.355827999999995,星星充电汽车公共充电站,西安市,汽车相关 充电站,星星充电,3,其他
星星充电汽车公共充电站,汽车相关,充电站,108.912265,34.360851,陕西省,西安市,108.912265,34.360851,星星充电汽车公共充电站,西安市,汽车相关 充电站,星星充电,4,其他
西航莱特航空出口加工区电动汽车公共充电站,汽车相关,充电站,108.928635,34.353375,陕西省,西安市,108.928635,34.353375,西航莱特航空出口加工区电动汽车公共充电站,西安市,汽车相关 充电站,其他,6,其他
特斯拉公共充电站,汽车相关,充电站,108.937863,34.352806,陕西省,西安市,108.937863,34.352806,特斯拉公共充电站,西安市,汽车相关 充电站,特斯拉,6,其他
北苑天后花园公共充电站,汽车相关,充电站,108.947541,34.360709,陕西省,西安市,108.947541,34.360709,北苑天后花园公共充电站,西安市,汽车相关 充电站,其他,8,其他
万马爱充汽车公共充电站,汽车相关,充电站,108.947753,34.360612,陕西省,西安市,108.947753,34.360612,万马爱充汽车公共充电站,西安市,汽车相关 充电站,其他,2,其他
小桔充电公共充电站,汽车相关,充电站,108.948629,34.365368000000004,陕西省,西安市,108.948629,34.365368000000004,小桔充电公共充电站,西安市,汽车相关 充电站,其他,7,其他
陕通股份电动汽车公共充电站,汽车相关,充电站,108.990046,34.446548,陕西省,西安市,108.990046,34.446548,陕通股份电动汽车公共充电站,西安市,汽车相关 充电站,其他,2,其他
汽车公共充电站,汽车相关,充电站,109.004128,34.457475,陕西省,西安市,109.004128,34.457475,汽车公共充电站,西安市,汽车相关 充电站,其他,3,其他
云快充汽车公共充电站,汽车相关,充电站,109.004654,34.457217,陕西省,西安市,109.004654,34.457217,云快充汽车公共充电站,西安市,汽车相关 充电站,云快充,8,其他
万马爱充公共充电站,汽车相关,充电站,109.018756,34.468588,陕西省,西安市,109.018756,34.468588,万马爱充公共充电站,西安市,汽车相关 充电站,其他,2,其他
高刘村汽车公共充电站,汽车相关,充电站,109.000287,34.472588,陕西省,西安市,109.000287,34.472588,高刘村汽车公共充电站,西安市,汽车相关 充电站,其他,4,其他
依威能源汽车公共充电站,汽车相关,充电站,109.088873,34.517633000000004,陕西省,西安市,109.088873,34.517633000000004,依威能源汽车公共充电站,西安市,汽车相关 充电站,其他,6,其他
依威能源汽车公共充电站,汽车相关,充电站,109.087418,34.519222,陕西省,西安市,109.087418,34.519222,依威能源汽车公共充电站,西安市,汽车相关 充电站,其他,3,其他
小桔充电汽车公共充电站,汽车相关,充电站,109.088527,34.520542,陕西省,西安市,109.088527,34.520542,小桔充电汽车公共充电站,西安市,汽车相关 充电站,其他,8,其他
特来电公共充电站,汽车相关,充电站,109.020301,34.503057,陕西省,西安市,109.020301,34.503057,特来电公共充电站,西安市,汽车相关 充电站,特来电,2,其他
大王酿造厂充电桩,汽车相关,充电站,108.65773,34.203029,陕西省,西安市,108.65773,34.203029,大王酿造厂充电桩,西安市,汽车相关 充电站,其他,7,其他
特来电公共充电站,汽车相关,充电站,108.658004,34.202,陕西省,西安市,108.658004,34.202,特来电公共充电站,西安市,汽车相关 充电站,特来电,4,其他
依威能源汽车公共充电站,汽车相关,充电站,109.322691,34.139161,陕西省,西安市,109.322691,34.139161,依威能源汽车公共充电站,西安市,汽车相关 充电站,其他,4,其他
星星充电汽车公共充电站,汽车相关,充电站,109.306455,34.166195,陕西省,西安市,109.306455,34.166195,星星充电汽车公共充电站,西安市,汽车相关 充电站,星星充电,2,其他
好电桩公共充电站,生活服务,其他,109.223962,34.014751999999994,陕西省,西安市,109.223962,34.014751999999994,好电桩公共充电站,西安市,生活服务 其他,其他,6,其他
国家电网汽车公共充电站,汽车相关,充电站,109.22232,34.020607,陕西省,西安市,109.22232,34.020607,国家电网汽车公共充电站,西安市,汽车相关 充电站,国家电网,2,其他
星星充电汽车公共充电站,汽车相关,充电站,109.217185,34.023201,陕西省,西安市,109.217185,34.023201,星星充电汽车公共充电站,西安市,汽车相关 充电站,星星充电,3,其他
国家电网汽车公共充电站,汽车相关,充电站,109.217379,34.022665,陕西省,西安市,109.217379,34.022665,国家电网汽车公共充电站,西安市,汽车相关 充电站,国家电网,2,其他
国家电网公共充电站,汽车相关,充电站,109.224908,34.373508,陕西省,西安市,109.224908,34.373508,国家电网公共充电站,西安市,汽车相关 充电站,国家电网,4,其他
特斯拉超级公共充电站,汽车相关,充电站,109.197538,34.369522999999994,陕西省,西安市,109.197538,34.369522999999994,特斯拉超级公共充电站,西安市,汽车相关 充电站,特斯拉,8,其他
三运司公共充电站,汽车相关,充电站,109.213808,34.386788,陕西省,西安市,109.213808,34.386788,三运司公共充电站,西安市,汽车相关 充电站,其他,2,其他
特来电公共充电站,汽车相关,充电站,109.118006,34.307807000000004,陕西省,西安市,109.118006,34.307807000000004,特来电公共充电站,西安市,汽车相关 充电站,特来电,6,其他
云快充汽车公共充电站,汽车相关,充电站,109.116354,34.315998,陕西省,西安市,109.116354,34.315998,云快充汽车公共充电站,西安市,汽车相关 充电站,云快充,8,其他
公共充电站,汽车相关,充电站,109.307449,34.167621,陕西省,西安市,109.307449,34.167621,公共充电站,西安市,汽车相关 充电站,其他,7,其他
盛世恒通公共充电站,汽车相关,充电站,109.307261,34.169413,陕西省,西安市,109.307261,34.169413,盛世恒通公共充电站,西安市,汽车相关 充电站,其他,5,其他
通惠便民公共充电站,生活服务,其他,109.312026,34.171661,陕西省,西安市,109.312026,34.171661,通惠便民公共充电站,西安市,生活服务 其他,其他,2,其他
特来电公共充电站,汽车相关,充电站,109.301713,34.38762,陕西省,西安市,109.301713,34.38762,特来电公共充电站,西安市,汽车相关 充电站,特来电,6,其他
星星充电汽车公共充电站,汽车相关,充电站,109.10027,34.524651,陕西省,西安市,109.10027,34.524651,星星充电汽车公共充电站,西安市,汽车相关 充电站,星星充电,8,其他
国家电网汽车公共充电站,汽车相关,充电站,109.219516,34.650873000000004,陕西省,西安市,109.219516,34.650873000000004,国家电网汽车公共充电站,西安市,汽车相关 充电站,国家电网,6,其他
依威能源汽车公共充电站,汽车相关,充电站,109.2209,34.658317,陕西省,西安市,109.2209,34.658317,依威能源汽车公共充电站,西安市,汽车相关 充电站,其他,7,其他
国家电网汽车充电站,汽车相关,充电站,109.202192,34.645325,陕西省,西安市,109.202192,34.645325,国家电网汽车充电站,西安市,汽车相关 充电站,国家电网,4,其他
百货商店-公共充电站,购物消费,便利店,108.204764,34.153983000000004,陕西省,西安市,108.204764,34.153983000000004,百货商店-公共充电站,西安市,购物消费 便利店,其他,6,商业
星星充电汽车公共充电站,汽车相关,充电站,108.604803,34.108720000000005,陕西省,西安市,108.604803,34.108720000000005,星星充电汽车公共充电站,西安市,汽车相关 充电站,星星充电,8,其他
星星充电汽车公共充电站,汽车相关,充电站,108.604686,34.110838,陕西省,西安市,108.604686,34.110838,星星充电汽车公共充电站,西安市,汽车相关 充电站,星星充电,6,其他
星星充电汽车公共充电站,汽车相关,充电站,108.607808,34.110809,陕西省,西安市,108.607808,34.110809,星星充电汽车公共充电站,西安市,汽车相关 充电站,星星充电,6,其他
星星充电汽车公共充电站,汽车相关,充电站,108.622233,34.107285999999995,陕西省,西安市,108.622233,34.107285999999995,星星充电汽车公共充电站,西安市,汽车相关 充电站,星星充电,6,其他
星星充电汽车公共充电站,汽车相关,充电站,108.62222,34.107276,陕西省,西安市,108.62222,34.107276,星星充电汽车公共充电站,西安市,汽车相关 充电站,星星充电,3,其他
星星充电汽车公共充电站,汽车相关,充电站,108.622475,34.107399,陕西省,西安市,108.622475,34.107399,星星充电汽车公共充电站,西安市,汽车相关 充电站,星星充电,3,其他
汽车公共充电站,汽车相关,充电站,108.944946,34.141461,陕西省,西安市,108.944946,34.141461,汽车公共充电站,西安市,汽车相关 充电站,其他,4,其他
依威能源汽车公共充电站,汽车相关,充电站,108.944953,34.144195,陕西省,西安市,108.944953,34.144195,依威能源汽车公共充电站,西安市,汽车相关 充电站,其他,2,其他
特来电公共充电站,汽车相关,充电站,108.932956,34.165088,陕西省,西安市,108.932956,34.165088,特来电公共充电站,西安市,汽车相关 充电站,特来电,6,其他
特来电公共充电站,汽车相关,充电站,108.925126,34.152331,陕西省,西安市,108.925126,34.152331,特来电公共充电站,西安市,汽车相关 充电站,特来电,7,其他
国家电网汽车公共充电站,汽车相关,充电站,108.924848,34.154596000000005,陕西省,西安市,108.924848,34.154596000000005,国家电网汽车公共充电站,西安市,汽车相关 充电站,国家电网,2,其他
翠景新能源公共充电站,汽车相关,充电站,108.923106,34.156417,陕西省,西安市,108.923106,34.156417,翠景新能源公共充电站,西安市,汽车相关 充电站,其他,7,其他
老虎快充,生活服务,其他,108.930165,34.152474,陕西省,西安市,108.930165,34.152474,老虎快充,西安市,生活服务 其他,其他,2,其他
星星充电汽车公共充电站,汽车相关,充电站,108.91273,34.159172,陕西省,西安市,108.91273,34.159172,星星充电汽车公共充电站,西安市,汽车相关 充电站,星星充电,4,其他
星星充电公共充电站,汽车相关,充电站,108.912711,34.159257000000004,陕西省,西安市,108.912711,34.159257000000004,星星充电公共充电站,西安市,汽车相关 充电站,星星充电,6,其他
小桔充电汽车公共充电站,汽车相关,充电站,108.894014,34.165152,陕西省,西安市,108.894014,34.165152,小桔充电汽车公共充电站,西安市,汽车相关 充电站,其他,6,其他
特来电公共充电站,汽车相关,充电站,108.869792,34.163588,陕西省,西安市,108.869792,34.163588,特来电公共充电站,西安市,汽车相关 充电站,特来电,5,其他
卡丘第六空间公共充电站,汽车相关,充电站,108.867222,34.166126,陕西省,西安市,108.867222,34.166126,卡丘第六空间公共充电站,西安市,汽车相关 充电站,其他,7,其他
卡丘充电汽车公共充电站,汽车相关,充电站,108.867194,34.166167,陕西省,西安市,108.867194,34.166167,卡丘充电汽车公共充电站,西安市,汽车相关 充电站,其他,2,其他
汽车公共充电站,汽车相关,充电站,108.864243,34.159594,陕西省,西安市,108.864243,34.159594,汽车公共充电站,西安市,汽车相关 充电站,其他,2,其他
延长壳牌西安西沣路大明宫公共充电站,汽车相关,充电站,108.864755,34.161986,陕西省,西安市,108.864755,34.161986,延长壳牌西安西沣路大明宫公共充电站,西安市,汽车相关 充电站,其他,3,其他
小桔公共充电站,汽车相关,充电站,108.864536,34.162014,陕西省,西安市,108.864536,34.162014,小桔公共充电站,西安市,汽车相关 充电站,其他,5,其他
东滩公共充电站,汽车相关,充电站,108.849019,34.19854,陕西省,西安市,108.849019,34.19854,东滩公共充电站,西安市,汽车相关 充电站,其他,8,其他
特来电公共充电站,汽车相关,充电站,108.84913,34.198545,陕西省,西安市,108.84913,34.198545,特来电公共充电站,西安市,汽车相关 充电站,特来电,8,其他
中榆能源高新逸品汽车公共充电站,汽车相关,充电站,108.85659,34.202223999999994,陕西省,西安市,108.85659,34.202223999999994,中榆能源高新逸品汽车公共充电站,西安市,汽车相关 充电站,其他,3,其他
特来电公共充电站,汽车相关,充电站,108.880835,34.172993,陕西省,西安市,108.880835,34.172993,特来电公共充电站,西安市,汽车相关 充电站,特来电,3,其他
特来电公共充电站,汽车相关,充电站,108.881346,34.173095,陕西省,西安市,108.881346,34.173095,特来电公共充电站,西安市,汽车相关 充电站,特来电,3,其他
西安靖正田园公寓公共充电站,汽车相关,充电站,108.878491,34.173285,陕西省,西安市,108.878491,34.173285,西安靖正田园公寓公共充电站,西安市,汽车相关 充电站,其他,7,其他
西咸能源汽车公共充电站,汽车相关,充电站,108.878289,34.173392,陕西省,西安市,108.878289,34.173392,西咸能源汽车公共充电站,西安市,汽车相关 充电站,其他,7,其他
电动自行车智能公共充电站,生活服务,其他,108.883386,34.17667,陕西省,西安市,108.883386,34.17667,电动自行车智能公共充电站,西安市,生活服务 其他,其他,4,其他
星星充电汽车公共充电站,汽车相关,充电站,108.883924,34.184434,陕西省,西安市,108.883924,34.184434,星星充电汽车公共充电站,西安市,汽车相关 充电站,星星充电,4,其他
星星公共充电站,汽车相关,充电站,108.883916,34.184399,陕西省,西安市,108.883916,34.184399,星星公共充电站,西安市,汽车相关 充电站,其他,3,其他
星星充电汽车充电站,汽车相关,充电站,108.883961,34.18445,陕西省,西安市,108.883961,34.18445,星星充电汽车充电站,西安市,汽车相关 充电站,星星充电,5,其他
充电有道泰维快充站,汽车相关,充电站,108.883702,34.187773,陕西省,西安市,108.883702,34.187773,充电有道泰维快充站,西安市,汽车相关 充电站,其他,2,其他
比亚迪电投汽车公共充电站,汽车相关,充电站,108.883701,34.187796000000006,陕西省,西安市,108.883701,34.187796000000006,比亚迪电投汽车公共充电站,西安市,汽车相关 充电站,其他,7,其他
西安柯林汽车公共充电站,汽车相关,充电站,108.884829,34.197418,陕西省,西安市,108.884829,34.197418,西安柯林汽车公共充电站,西安市,汽车相关 充电站,其他,5,其他
特斯拉超级公共充电站,汽车相关,充电站,108.880748,34.193106,陕西省,西安市,108.880748,34.193106,特斯拉超级公共充电站,西安市,汽车相关 充电站,特斯拉,6,其他
特来电充电站,汽车相关,充电站,108.880602,34.191993000000004,陕西省,西安市,108.880602,34.191993000000004,特来电充电站,西安市,汽车相关 充电站,特来电,7,其他
开迈斯汽车公共充电站,汽车相关,充电站,108.880669,34.194233999999994,陕西省,西安市,108.880669,34.194233999999994,开迈斯汽车公共充电站,西安市,汽车相关 充电站,其他,7,其他
ZEEKR Power西安盈樾国际汽车公共充电站,汽车相关,充电站,108.874357,34.192813,陕西省,西安市,108.874357,34.192813,ZEEKR Power西安盈樾国际汽车公共充电站,西安市,汽车相关 充电站,其他,4,其他
卡丘绿地世纪城公共充电站,汽车相关,充电站,108.875278,34.196986,陕西省,西安市,108.875278,34.196986,卡丘绿地世纪城公共充电站,西安市,汽车相关 充电站,其他,2,其他
普天公共充电站,汽车相关,充电站,108.87404,34.194196000000005,陕西省,西安市,108.87404,34.194196000000005,普天公共充电站,西安市,汽车相关 充电站,其他,2,其他
卡丘充电汽车公共充电站,汽车相关,充电站,108.87533,34.196725,陕西省,西安市,108.87533,34.196725,卡丘充电汽车公共充电站,西安市,汽车相关 充电站,其他,8,其他
云易公共充电站,生活服务,其他,108.894955,34.199161999999994,陕西省,西安市,108.894955,34.199161999999994,云易公共充电站,西安市,生活服务 其他,其他,8,其他
特来电公共充电站,汽车相关,充电站,108.90223,34.204547,陕西省,西安市,108.90223,34.204547,特来电公共充电站,西安市,汽车相关 充电站,特来电,8,其他
特来电公共充电站,汽车相关,充电站,108.902062,34.204689,陕西省,西安市,108.902062,34.204689,特来电公共充电站,西安市,汽车相关 充电站,特来电,8,其他
蔚来超充站,汽车相关,充电站,108.899637,34.203846,陕西省,西安市,108.899637,34.203846,蔚来超充站,西安市,汽车相关 充电站,蔚来,6,其他
汽车公共充电站,汽车相关,充电站,108.899716,34.20384,陕西省,西安市,108.899716,34.20384,汽车公共充电站,西安市,汽车相关 充电站,其他,6,其他
新未来动力公共充电站,汽车相关,充电站,108.906794,34.198564,陕西省,西安市,108.906794,34.198564,新未来动力公共充电站,西安市,汽车相关 充电站,其他,7,其他
驿充电公共充电站,汽车相关,充电站,108.906053,34.209193,陕西省,西安市,108.906053,34.209193,驿充电公共充电站,西安市,汽车相关 充电站,其他,3,其他
依威能源汽车公共充电站,汽车相关,充电站,108.909113,34.212140000000005,陕西省,西安市,108.909113,34.212140000000005,依威能源汽车公共充电站,西安市,汽车相关 充电站,其他,4,其他
特来电公共充电站,汽车相关,充电站,108.900887,34.211491,陕西省,西安市,108.900887,34.211491,特来电公共充电站,西安市,汽车相关 充电站,特来电,4,其他
西安柯林汽车公共充电站,汽车相关,充电站,108.905889,34.224056,陕西省,西安市,108.905889,34.224056,西安柯林汽车公共充电站,西安市,汽车相关 充电站,其他,8,其他
特来电公共充电站,汽车相关,充电站,108.887824,34.218978,陕西省,西安市,108.887824,34.218978,特来电公共充电站,西安市,汽车相关 充电站,特来电,7,其他
特来电公共充电站,汽车相关,充电站,108.893235,34.217783,陕西省,西安市,108.893235,34.217783,特来电公共充电站,西安市,汽车相关 充电站,特来电,5,其他
特斯拉超级公共充电站,汽车相关,充电站,108.893328,34.220144000000005,陕西省,西安市,108.893328,34.220144000000005,特斯拉超级公共充电站,西安市,汽车相关 充电站,特斯拉,3,其他
陕西公共充电站,生活服务,其他,108.896985,34.223620999999994,陕西省,西安市,108.896985,34.223620999999994,陕西公共充电站,西安市,生活服务 其他,其他,7,其他
蔚来汽车中大国际换电站,汽车相关,充电站,108.898284,34.222391,陕西省,西安市,108.898284,34.222391,蔚来汽车中大国际换电站,西安市,汽车相关 充电站,蔚来,3,其他
特斯拉超级充,汽车相关,充电站,108.897563,34.22186,陕西省,西安市,108.897563,34.22186,特斯拉超级充,西安市,汽车相关 充电站,特斯拉,3,其他
保时捷超级公共充电站,汽车相关,充电站,108.898163,34.222834,陕西省,西安市,108.898163,34.222834,保时捷超级公共充电站,西安市,汽车相关 充电站,其他,3,其他
蔚来目的地公共充电站,汽车相关,充电站,108.898287,34.222624,陕西省,西安市,108.898287,34.222624,蔚来目的地公共充电站,西安市,汽车相关 充电站,蔚来,7,其他
依威能源汽车公共充电站,汽车相关,充电站,108.867269,34.198987,陕西省,西安市,108.867269,34.198987,依威能源汽车公共充电站,西安市,汽车相关 充电站,其他,8,其他
星星充电公共充电站,汽车相关,充电站,108.867957,34.205476,陕西省,西安市,108.867957,34.205476,星星充电公共充电站,西安市,汽车相关 充电站,星星充电,4,其他
小桔充电汽车公共充电站,汽车相关,充电站,108.879463,34.213947,陕西省,西安市,108.879463,34.213947,小桔充电汽车公共充电站,西安市,汽车相关 充电站,其他,4,其他
特来电公共充电站,汽车相关,充电站,108.881608,34.220871,陕西省,西安市,108.881608,34.220871,特来电公共充电站,西安市,汽车相关 充电站,特来电,8,其他
新未来公共充电站,生活服务,其他,108.876556,34.218683,陕西省,西安市,108.876556,34.218683,新未来公共充电站,西安市,生活服务 其他,其他,3,其他
云杉智慧汽车公共充电站,汽车相关,充电站,108.884947,34.215176,陕西省,西安市,108.884947,34.215176,云杉智慧汽车公共充电站,西安市,汽车相关 充电站,其他,5,其他
云快充汽车公共充电站,汽车相关,充电站,108.882513,34.220889,陕西省,西安市,108.882513,34.220889,云快充汽车公共充电站,西安市,汽车相关 充电站,云快充,2,其他
国家电网汽车充电站,汽车相关,充电站,108.884281,34.219255,陕西省,西安市,108.884281,34.219255,国家电网汽车充电站,西安市,汽车相关 充电站,国家电网,7,其他
延长壳牌公共充电站休息室,生活服务,其他,108.883355,34.222516,陕西省,西安市,108.883355,34.222516,延长壳牌公共充电站休息室,西安市,生活服务 其他,其他,2,其他
云快充汽车公共充电站,汽车相关,充电站,108.883495,34.222567,陕西省,西安市,108.883495,34.222567,云快充汽车公共充电站,西安市,汽车相关 充电站,云快充,8,其他
小桔充电公共充电站,汽车相关,充电站,108.883534,34.222533,陕西省,西安市,108.883534,34.222533,小桔充电公共充电站,西安市,汽车相关 充电站,其他,5,其他
特来电公共充电站,汽车相关,充电站,108.884999,34.222564,陕西省,西安市,108.884999,34.222564,特来电公共充电站,西安市,汽车相关 充电站,特来电,7,其他
万马爱充汽车公共充电站,汽车相关,充电站,108.885243,34.222181,陕西省,西安市,108.885243,34.222181,万马爱充汽车公共充电站,西安市,汽车相关 充电站,其他,8,其他
清华科技园区-纯电动汽车充电救援,汽车相关,充电站,108.886188,34.226509,陕西省,西安市,108.886188,34.226509,清华科技园区-纯电动汽车充电救援,西安市,汽车相关 充电站,其他,3,其他
万马爱充公共充电站,汽车相关,充电站,108.886345,34.225962,陕西省,西安市,108.886345,34.225962,万马爱充公共充电站,西安市,汽车相关 充电站,其他,4,其他
万马爱充汽车公共充电站,汽车相关,充电站,108.885722,34.226336,陕西省,西安市,108.885722,34.226336,万马爱充汽车公共充电站,西安市,汽车相关 充电站,其他,2,其他
星星充电汽车公共充电站,汽车相关,充电站,108.877965,34.224667000000004,陕西省,西安市,108.877965,34.224667000000004,星星充电汽车公共充电站,西安市,汽车相关 充电站,星星充电,6,其他
特来电公共充电站,汽车相关,充电站,108.870927,34.225939000000004,陕西省,西安市,108.870927,34.225939000000004,特来电公共充电站,西安市,汽车相关 充电站,特来电,6,其他
云杉智慧汽车公共充电站-捷瑞新时代公共充电站,汽车相关,充电站,108.871941,34.23111,陕西省,西安市,108.871941,34.23111,云杉智慧汽车公共充电站-捷瑞新时代公共充电站,西安市,汽车相关 充电站,其他,5,其他
依威能源汽车充电站,汽车相关,充电站,108.874918,34.232856,陕西省,西安市,108.874918,34.232856,依威能源汽车充电站,西安市,汽车相关 充电站,其他,3,其他
星星充电汽车公共充电站,汽车相关,充电站,108.872637,34.23263600000001,陕西省,西安市,108.872637,34.23263600000001,星星充电汽车公共充电站,西安市,汽车相关 充电站,星星充电,2,其他
特来电公共充电站,汽车相关,充电站,108.873034,34.23932,陕西省,西安市,108.873034,34.23932,特来电公共充电站,西安市,汽车相关 充电站,特来电,3,其他
星星充电汽车公共充电站,汽车相关,充电站,108.871916,34.239194000000005,陕西省,西安市,108.871916,34.239194000000005,星星充电汽车公共充电站,西安市,汽车相关 充电站,星星充电,2,其他
星星充电汽车公共充电站,汽车相关,充电站,108.871909,34.239027,陕西省,西安市,108.871909,34.239027,星星充电汽车公共充电站,西安市,汽车相关 充电站,星星充电,5,其他
依威能源汽车充电站,汽车相关,充电站,108.874918,34.243221000000005,陕西省,西安市,108.874918,34.243221000000005,依威能源汽车充电站,西安市,汽车相关 充电站,其他,5,其他
高新民洁路便民公共充电站,汽车相关,充电站,108.876498,34.245381,陕西省,西安市,108.876498,34.245381,高新民洁路便民公共充电站,西安市,汽车相关 充电站,其他,6,其他
依威能源汽车公共充电站,汽车相关,充电站,108.880856,34.251208,陕西省,西安市,108.880856,34.251208,依威能源汽车公共充电站,西安市,汽车相关 充电站,其他,3,其他
依威能源汽车公共充电站,汽车相关,充电站,108.88647,34.256286,陕西省,西安市,108.88647,34.256286,依威能源汽车公共充电站,西安市,汽车相关 充电站,其他,7,其他
依威能源汽车公共充电站,汽车相关,充电站,108.885312,34.256323,陕西省,西安市,108.885312,34.256323,依威能源汽车公共充电站,西安市,汽车相关 充电站,其他,6,其他
依威能源汽车公共充电站,汽车相关,充电站,108.874639,34.244597,陕西省,西安市,108.874639,34.244597,依威能源汽车公共充电站,西安市,汽车相关 充电站,其他,3,其他
星星充电汽车公共充电站,汽车相关,充电站,108.871207,34.249431,陕西省,西安市,108.871207,34.249431,星星充电汽车公共充电站,西安市,汽车相关 充电站,星星充电,6,其他
ZEEKR Power西安汇诚国际轻充站,汽车相关,充电站,108.891479,34.23069,陕西省,西安市,108.891479,34.23069,ZEEKR Power西安汇诚国际轻充站,西安市,汽车相关 充电站,其他,7,其他
特斯拉汽车公共充电站,汽车相关,充电站,108.898204,34.233642,陕西省,西安市,108.898204,34.233642,特斯拉汽车公共充电站,西安市,汽车相关 充电站,特斯拉,4,其他
高新延平门公共充电站,汽车相关,充电站,108.889782,34.23797,陕西省,西安市,108.889782,34.23797,高新延平门公共充电站,西安市,汽车相关 充电站,其他,4,其他
依威能源汽车公共充电站,汽车相关,充电站,108.901757,34.232154,陕西省,西安市,108.901757,34.232154,依威能源汽车公共充电站,西安市,汽车相关 充电站,其他,4,其他
特来电公共充电站,汽车相关,充电站,108.908819,34.240332,陕西省,西安市,108.908819,34.240332,特来电公共充电站,西安市,汽车相关 充电站,特来电,4,其他
开迈斯汽车充电站,汽车相关,充电站,108.904718,34.242702,陕西省,西安市,108.904718,34.242702,开迈斯汽车充电站,西安市,汽车相关 充电站,其他,8,其他
拓士乐汽车公共充电站,汽车相关,充电站,108.898938,34.239121,陕西省,西安市,108.898938,34.239121,拓士乐汽车公共充电站,西安市,汽车相关 充电站,其他,2,其他
,汽车相关,充电站,108.898846,34.239007,陕西省,西安市,108.898846,34.239007,,西安市,汽车相关 充电站,其他,8,其他
陕西公共充电站,生活服务,其他,108.90879,34.24798,陕西省,西安市,108.90879,34.24798,陕西公共充电站,西安市,生活服务 其他,其他,8,其他
西安正源充电桩,汽车相关,充电站,108.907702,34.247986,陕西省,西安市,108.907702,34.247986,西安正源充电桩,西安市,汽车相关 充电站,其他,8,其他
速易充汽车充电站,汽车相关,充电站,108.908723,34.247952,陕西省,西安市,108.908723,34.247952,速易充汽车充电站,西安市,汽车相关 充电站,其他,4,其他
开泰充电,汽车相关,充电站,108.890288,34.247103,陕西省,西安市,108.890288,34.247103,开泰充电,西安市,汽车相关 充电站,其他,7,其他
汽车充电站,汽车相关,充电站,108.890387,34.247146,陕西省,西安市,108.890387,34.247146,汽车充电站,西安市,汽车相关 充电站,其他,5,其他
云杉智慧汽车公共充电站-捷瑞首府公园公共充电站,汽车相关,充电站,108.89815,34.24534,陕西省,西安市,108.89815,34.24534,云杉智慧汽车公共充电站-捷瑞首府公园公共充电站,西安市,汽车相关 充电站,其他,5,其他
西安柯林汽车公共充电站,汽车相关,充电站,108.897242,34.244094000000004,陕西省,西安市,108.897242,34.244094000000004,西安柯林汽车公共充电站,西安市,汽车相关 充电站,其他,2,其他
依威能源汽车公共充电站,汽车相关,充电站,108.905789,34.264158,陕西省,西安市,108.905789,34.264158,依威能源汽车公共充电站,西安市,汽车相关 充电站,其他,4,其他
特来电公共充电站,汽车相关,充电站,108.901059,34.275939,陕西省,西安市,108.901059,34.275939,特来电公共充电站,西安市,汽车相关 充电站,特来电,4,其他
特来电充电站,汽车相关,充电站,108.900765,34.276,陕西省,西安市,108.900765,34.276,特来电充电站,西安市,汽车相关 充电站,特来电,4,其他
延长壳牌丰禾路公共充电站,汽车相关,充电站,108.901518,34.280235999999995,陕西省,西安市,108.901518,34.280235999999995,延长壳牌丰禾路公共充电站,西安市,汽车相关 充电站,其他,6,其他
公共充电站,生活服务,其他,108.902703,34.287208,陕西省,西安市,108.902703,34.287208,公共充电站,西安市,生活服务 其他,其他,3,其他
汽车公共充电站,汽车相关,充电站,108.902045,34.288911,陕西省,西安市,108.902045,34.288911,汽车公共充电站,西安市,汽车相关 充电站,其他,6,其他
特斯拉目的地充电站,汽车相关,充电站,108.901799,34.287821,陕西省,西安市,108.901799,34.287821,特斯拉目的地充电站,西安市,汽车相关 充电站,特斯拉,3,其他
万马爱充汽车公共充电站,汽车相关,充电站,108.902718,34.287188,陕西省,西安市,108.902718,34.287188,万马爱充汽车公共充电站,西安市,汽车相关 充电站,其他,4,其他
云快充汽车公共充电站,汽车相关,充电站,108.897416,34.280545000000004,陕西省,西安市,108.897416,34.280545000000004,云快充汽车公共充电站,西安市,汽车相关 充电站,云快充,4,其他
云快充公共充电站,汽车相关,充电站,108.888934,34.283195,陕西省,西安市,108.888934,34.283195,云快充公共充电站,西安市,汽车相关 充电站,云快充,6,其他
西安华东万锦城购物广场特斯拉目的地充电站,汽车相关,充电站,108.871637,34.2603,陕西省,西安市,108.871637,34.2603,西安华东万锦城购物广场特斯拉目的地充电站,西安市,汽车相关 充电站,特斯拉,6,其他
特来电公共充电站,汽车相关,充电站,108.872886,34.274176,陕西省,西安市,108.872886,34.274176,特来电公共充电站,西安市,汽车相关 充电站,特来电,3,其他
开迈斯西咸吾悦广场汽车公共充电站,汽车相关,充电站,108.822612,34.253305000000005,陕西省,西安市,108.822612,34.253305000000005,开迈斯西咸吾悦广场汽车公共充电站,西安市,汽车相关 充电站,其他,5,其他
特斯拉超级公共充电站,汽车相关,充电站,108.823511,34.252954,陕西省,西安市,108.823511,34.252954,特斯拉超级公共充电站,西安市,汽车相关 充电站,特斯拉,3,其他
国家电网汽车充电站,汽车相关,充电站,108.82344,34.253708,陕西省,西安市,108.82344,34.253708,国家电网汽车充电站,西安市,汽车相关 充电站,国家电网,6,其他
沣东大道天台路地下公共充电站,汽车相关,充电站,108.82535,34.258316,陕西省,西安市,108.82535,34.258316,沣东大道天台路地下公共充电站,西安市,汽车相关 充电站,其他,7,其他
玖行汽车公共充电站,汽车相关,充电站,108.842685,34.250585,陕西省,西安市,108.842685,34.250585,玖行汽车公共充电站,西安市,汽车相关 充电站,其他,6,其他
阿房一路公共充电站,汽车相关,充电站,108.843991,34.269877,陕西省,西安市,108.843991,34.269877,阿房一路公共充电站,西安市,汽车相关 充电站,其他,7,其他
小桔公共充电站,汽车相关,充电站,108.844209,34.269345,陕西省,西安市,108.844209,34.269345,小桔公共充电站,西安市,汽车相关 充电站,其他,2,其他
万马爱充阿房一路华银汽车公共充电站,汽车相关,充电站,108.84545,34.26935,陕西省,西安市,108.84545,34.26935,万马爱充阿房一路华银汽车公共充电站,西安市,汽车相关 充电站,其他,6,其他
国网西安枣园路汽车公共充电站,汽车相关,充电站,108.855806,34.283265,陕西省,西安市,108.855806,34.283265,国网西安枣园路汽车公共充电站,西安市,汽车相关 充电站,国家电网,2,其他
开迈斯汽车公共充电站,汽车相关,充电站,108.826369,34.270833,陕西省,西安市,108.826369,34.270833,开迈斯汽车公共充电站,西安市,汽车相关 充电站,其他,5,其他
电动汽车公共充电站,汽车相关,充电站,108.825953,34.271872,陕西省,西安市,108.825953,34.271872,电动汽车公共充电站,西安市,汽车相关 充电站,其他,3,其他
特来电公共充电站,汽车相关,充电站,108.836659,34.267577,陕西省,西安市,108.836659,34.267577,特来电公共充电站,西安市,汽车相关 充电站,特来电,7,其他
星星充电汽车公共充电站,汽车相关,充电站,108.836736,34.267431,陕西省,西安市,108.836736,34.267431,星星充电汽车公共充电站,西安市,汽车相关 充电站,星星充电,3,其他
特来电公共充电站,汽车相关,充电站,108.822155,34.290236,陕西省,西安市,108.822155,34.290236,特来电公共充电站,西安市,汽车相关 充电站,特来电,2,其他
特来电公共充电站,汽车相关,充电站,108.821954,34.292681,陕西省,西安市,108.821954,34.292681,特来电公共充电站,西安市,汽车相关 充电站,特来电,7,其他
速易充汽车公共充电站,汽车相关,充电站,108.823956,34.2957,陕西省,西安市,108.823956,34.2957,速易充汽车公共充电站,西安市,汽车相关 充电站,其他,3,其他
新未来北二环尚豪家园公共充电站,汽车相关,充电站,108.893961,34.293577,陕西省,西安市,108.893961,34.293577,新未来北二环尚豪家园公共充电站,西安市,汽车相关 充电站,其他,6,其他
沁园春公共充电站,汽车相关,充电站,108.896706,34.292819,陕西省,西安市,108.896706,34.292819,沁园春公共充电站,西安市,汽车相关 充电站,其他,4,其他
小桔充电西,汽车相关,充电站,108.895097,34.294771000000004,陕西省,西安市,108.895097,34.294771000000004,小桔充电西,西安市,汽车相关 充电站,其他,2,其他
腾势公共充电站,汽车相关,充电站,108.815608,34.299904999999995,陕西省,西安市,108.815608,34.299904999999995,腾势公共充电站,西安市,汽车相关 充电站,其他,3,其他
特来电公共充电站,汽车相关,充电站,108.81542,34.299856,陕西省,西安市,108.81542,34.299856,特来电公共充电站,西安市,汽车相关 充电站,特来电,2,其他
万马爱充汽车公共充电站,汽车相关,充电站,108.818904,34.303458,陕西省,西安市,108.818904,34.303458,万马爱充汽车公共充电站,西安市,汽车相关 充电站,其他,8,其他
特来电公共充电站,汽车相关,充电站,108.918714,34.195259,陕西省,西安市,108.918714,34.195259,特来电公共充电站,西安市,汽车相关 充电站,特来电,2,其他
速易充汽车公共充电站,汽车相关,充电站,108.944287,34.191913,陕西省,西安市,108.944287,34.191913,速易充汽车公共充电站,西安市,汽车相关 充电站,其他,7,其他
普天公共充电站,汽车相关,充电站,108.938801,34.188295,陕西省,西安市,108.938801,34.188295,普天公共充电站,西安市,汽车相关 充电站,其他,8,其他
特来电汽车公共充电站,汽车相关,充电站,108.938542,34.188493,陕西省,西安市,108.938542,34.188493,特来电汽车公共充电站,西安市,汽车相关 充电站,特来电,7,其他
烈士陵园公共充电站网约车出租车消毒点,交通设施,其他,108.932878,34.206898,陕西省,西安市,108.932878,34.206898,烈士陵园公共充电站网约车出租车消毒点,西安市,交通设施 其他,其他,4,其他
星星充电汽车公共充电站,汽车相关,充电站,108.932568,34.20675,陕西省,西安市,108.932568,34.20675,星星充电汽车公共充电站,西安市,汽车相关 充电站,星星充电,8,其他
特来电公共充电站,汽车相关,充电站,108.932587,34.206807,陕西省,西安市,108.932587,34.206807,特来电公共充电站,西安市,汽车相关 充电站,特来电,6,其他
星星充电汽车公共充电站,汽车相关,充电站,108.933324,34.207362,陕西省,西安市,108.933324,34.207362,星星充电汽车公共充电站,西安市,汽车相关 充电站,星星充电,2,其他
新未来动力电视塔汽车公共充电站,汽车相关,充电站,108.944511,34.198647,陕西省,西安市,108.944511,34.198647,新未来动力电视塔汽车公共充电站,西安市,汽车相关 充电站,其他,3,其他
老虎快充,汽车相关,其他,108.947571,34.199321,陕西省,西安市,108.947571,34.199321,老虎快充,西安市,汽车相关 其他,其他,5,其他
汽车公共充电站,汽车相关,充电站,108.951851,34.199391000000006,陕西省,西安市,108.951851,34.199391000000006,汽车公共充电站,西安市,汽车相关 充电站,其他,2,其他
西北政法大学北校区-电动车集中公共充电站,汽车相关,充电站,108.944796,34.208407,陕西省,西安市,108.944796,34.208407,西北政法大学北校区-电动车集中公共充电站,西安市,汽车相关 充电站,其他,2,其他
特来电公共充电站,汽车相关,充电站,108.946411,34.212505,陕西省,西安市,108.946411,34.212505,特来电公共充电站,西安市,汽车相关 充电站,特来电,4,其他
西八里社区电动车集中充电点,汽车相关,充电站,108.944234,34.214001999999994,陕西省,西安市,108.944234,34.214001999999994,西八里社区电动车集中充电点,西安市,汽车相关 充电站,其他,6,其他
速易充公共充电站,汽车相关,充电站,108.949373,34.223333000000004,陕西省,西安市,108.949373,34.223333000000004,速易充公共充电站,西安市,汽车相关 充电站,其他,5,其他
云杉智慧汽车公共充电站-宜人家园公共充电站,汽车相关,充电站,108.935206,34.217937,陕西省,西安市,108.935206,34.217937,云杉智慧汽车公共充电站-宜人家园公共充电站,西安市,汽车相关 充电站,其他,8,其他
老虎快充,汽车相关,其他,108.933107,34.217556,陕西省,西安市,108.933107,34.217556,老虎快充,西安市,汽车相关 其他,其他,8,其他
老虎快充汽车公共充电站,汽车相关,充电站,108.933127,34.217555999999995,陕西省,西安市,108.933127,34.217555999999995,老虎快充汽车公共充电站,西安市,汽车相关 充电站,其他,8,其他
特来电公共充电站,汽车相关,充电站,108.935322,34.22406,陕西省,西安市,108.935322,34.22406,特来电公共充电站,西安市,汽车相关 充电站,特来电,7,其他
特来电公共充电站,汽车相关,充电站,108.936553,34.228664,陕西省,西安市,108.936553,34.228664,特来电公共充电站,西安市,汽车相关 充电站,特来电,7,其他
特来电公共充电站,汽车相关,充电站,108.932626,34.226201,陕西省,西安市,108.932626,34.226201,特来电公共充电站,西安市,汽车相关 充电站,特来电,3,其他
万马爱充汽车公共充电站,汽车相关,充电站,108.915638,34.198003,陕西省,西安市,108.915638,34.198003,万马爱充汽车公共充电站,西安市,汽车相关 充电站,其他,5,其他
手机公共充电站,生活服务,其他,108.919367,34.19877,陕西省,西安市,108.919367,34.19877,手机公共充电站,西安市,生活服务 其他,其他,8,其他
小桔公共充电站,汽车相关,充电站,108.920458,34.203444000000005,陕西省,西安市,108.920458,34.203444000000005,小桔公共充电站,西安市,汽车相关 充电站,其他,7,其他
小桔充电汽车公共充电站,汽车相关,充电站,108.919826,34.203376,陕西省,西安市,108.919826,34.203376,小桔充电汽车公共充电站,西安市,汽车相关 充电站,其他,3,其他
e换电公共充电站,生活服务,其他,108.924584,34.220057,陕西省,西安市,108.924584,34.220057,e换电公共充电站,西安市,生活服务 其他,其他,6,其他
特来电充电站,汽车相关,充电站,108.927158,34.220859,陕西省,西安市,108.927158,34.220859,特来电充电站,西安市,汽车相关 充电站,特来电,3,其他
依威能源汽车公共充电站,汽车相关,充电站,108.911649,34.224193,陕西省,西安市,108.911649,34.224193,依威能源汽车公共充电站,西安市,汽车相关 充电站,其他,7,其他
ZEEKR Power西安西科大厦汽车公共充电站,汽车相关,充电站,108.911731,34.228032,陕西省,西安市,108.911731,34.228032,ZEEKR Power西安西科大厦汽车公共充电站,西安市,汽车相关 充电站,其他,4,其他
特来电公共充电站,汽车相关,充电站,108.959517,34.191034,陕西省,西安市,108.959517,34.191034,特来电公共充电站,西安市,汽车相关 充电站,特来电,4,其他
特斯拉目的地公共充电站,汽车相关,充电站,108.960302,34.196402,陕西省,西安市,108.960302,34.196402,特斯拉目的地公共充电站,西安市,汽车相关 充电站,特斯拉,8,其他
特来电公共充电站,汽车相关,充电站,108.956374,34.19572,陕西省,西安市,108.956374,34.19572,特来电公共充电站,西安市,汽车相关 充电站,特来电,4,其他
国网雁展路汽车公共充电站,汽车相关,充电站,108.957099,34.197185,陕西省,西安市,108.957099,34.197185,国网雁展路汽车公共充电站,西安市,汽车相关 充电站,国家电网,8,其他
腾势公共充电站,汽车相关,充电站,108.984947,34.203250999999995,陕西省,西安市,108.984947,34.203250999999995,腾势公共充电站,西安市,汽车相关 充电站,其他,8,其他
一电集团汽车公共充电站,汽车相关,充电站,108.956796,34.201576,陕西省,西安市,108.956796,34.201576,一电集团汽车公共充电站,西安市,汽车相关 充电站,其他,7,其他
新能源汽车公共充电站,汽车相关,充电站,108.956682,34.20135,陕西省,西安市,108.956682,34.20135,新能源汽车公共充电站,西安市,汽车相关 充电站,其他,4,其他
老虎快充汽车公共充电站,汽车相关,充电站,108.955477,34.212888,陕西省,西安市,108.955477,34.212888,老虎快充汽车公共充电站,西安市,汽车相关 充电站,其他,8,其他
老虎快充长庆坊公共充电站,汽车相关,充电站,108.956263,34.21299,陕西省,西安市,108.956263,34.21299,老虎快充长庆坊公共充电站,西安市,汽车相关 充电站,其他,5,其他
云快充汽车公共充电站,汽车相关,充电站,108.955353,34.212933,陕西省,西安市,108.955353,34.212933,云快充汽车公共充电站,西安市,汽车相关 充电站,云快充,6,其他
特来电公共充电站,汽车相关,充电站,108.968489,34.211796,陕西省,西安市,108.968489,34.211796,特来电公共充电站,西安市,汽车相关 充电站,特来电,3,其他
特来电公共充电站,汽车相关,充电站,108.967709,34.211746000000005,陕西省,西安市,108.967709,34.211746000000005,特来电公共充电站,西安市,汽车相关 充电站,特来电,3,其他
小桔公共充电站,汽车相关,充电站,108.977053,34.224419,陕西省,西安市,108.977053,34.224419,小桔公共充电站,西安市,汽车相关 充电站,其他,7,其他
依威能源汽车公共充电站,汽车相关,充电站,108.97584,34.221329,陕西省,西安市,108.97584,34.221329,依威能源汽车公共充电站,西安市,汽车相关 充电站,其他,4,其他
特来电公共充电站,汽车相关,充电站,108.971379,34.227041,陕西省,西安市,108.971379,34.227041,特来电公共充电站,西安市,汽车相关 充电站,特来电,4,其他
依威能源汽车公共充电站,汽车相关,充电站,108.957461,34.229319000000004,陕西省,西安市,108.957461,34.229319000000004,依威能源汽车公共充电站,西安市,汽车相关 充电站,其他,8,其他
星星充电西安科技大学雁塔校区公共充电站,汽车相关,充电站,108.961528,34.230523000000005,陕西省,西安市,108.961528,34.230523000000005,星星充电西安科技大学雁塔校区公共充电站,西安市,汽车相关 充电站,星星充电,2,其他
特来电公共充电站,汽车相关,充电站,108.972858,34.235966,陕西省,西安市,108.972858,34.235966,特来电公共充电站,西安市,汽车相关 充电站,特来电,8,其他
特来电公共充电站,汽车相关,充电站,108.974204,34.235203000000006,陕西省,西安市,108.974204,34.235203000000006,特来电公共充电站,西安市,汽车相关 充电站,特来电,6,其他
开泰实业汽车公共充电站,汽车相关,充电站,108.970042,34.245942,陕西省,西安市,108.970042,34.245942,开泰实业汽车公共充电站,西安市,汽车相关 充电站,其他,5,其他
开泰实业汽车公共充电站,汽车相关,充电站,108.974701,34.246057,陕西省,西安市,108.974701,34.246057,开泰实业汽车公共充电站,西安市,汽车相关 充电站,其他,3,其他
陕西充电站,生活服务,其他,108.964427,34.24725,陕西省,西安市,108.964427,34.24725,陕西充电站,西安市,生活服务 其他,其他,8,其他
速易充汽车公共充电站,汽车相关,充电站,108.963788,34.246545000000005,陕西省,西安市,108.963788,34.246545000000005,速易充汽车公共充电站,西安市,汽车相关 充电站,其他,2,其他
速易充汽车公共充电站,汽车相关,充电站,108.963702,34.247255,陕西省,西安市,108.963702,34.247255,速易充汽车公共充电站,西安市,汽车相关 充电站,其他,2,其他
冀东启明公共充电站,汽车相关,充电站,108.963735,34.24467,陕西省,西安市,108.963735,34.24467,冀东启明公共充电站,西安市,汽车相关 充电站,其他,8,其他
驿充电公共充电站,汽车相关,充电站,108.963692,34.257557000000006,陕西省,西安市,108.963692,34.257557000000006,驿充电公共充电站,西安市,汽车相关 充电站,其他,7,其他
开泰实业汽车公共充电站,汽车相关,充电站,108.98357,34.241024,陕西省,西安市,108.98357,34.241024,开泰实业汽车公共充电站,西安市,汽车相关 充电站,其他,3,其他
小桔充电汽车公共充电站,汽车相关,充电站,108.979361,34.240176,陕西省,西安市,108.979361,34.240176,小桔充电汽车公共充电站,西安市,汽车相关 充电站,其他,7,其他
开泰实业汽车公共充电站,汽车相关,充电站,108.999672,34.259334,陕西省,西安市,108.999672,34.259334,开泰实业汽车公共充电站,西安市,汽车相关 充电站,其他,5,其他
开泰实业汽车公共充电站,汽车相关,充电站,108.995976,34.257985,陕西省,西安市,108.995976,34.257985,开泰实业汽车公共充电站,西安市,汽车相关 充电站,其他,2,其他
人间公共充电站自习室,科教文化,其他,108.987862,34.249727,陕西省,西安市,108.987862,34.249727,人间公共充电站自习室,西安市,科教文化 其他,其他,2,其他
陕西开泰公共充电站,汽车相关,充电站,108.979681,34.259408,陕西省,西安市,108.979681,34.259408,陕西开泰公共充电站,西安市,汽车相关 充电站,其他,6,其他
开泰实业公共充电站,汽车相关,充电站,108.98765,34.264242,陕西省,西安市,108.98765,34.264242,开泰实业公共充电站,西安市,汽车相关 充电站,其他,5,其他
依威能源汽车公共充电站,汽车相关,充电站,108.988452,34.264315,陕西省,西安市,108.988452,34.264315,依威能源汽车公共充电站,西安市,汽车相关 充电站,其他,2,其他
陕西公共充电站,汽车相关,充电站,108.995194,34.265588,陕西省,西安市,108.995194,34.265588,陕西公共充电站,西安市,汽车相关 充电站,其他,5,其他
速易充汽车公共充电站,汽车相关,充电站,108.995212,34.265463,陕西省,西安市,108.995212,34.265463,速易充汽车公共充电站,西安市,汽车相关 充电站,其他,3,其他
云易公共充电站,生活服务,其他,108.998805,34.278882,陕西省,西安市,108.998805,34.278882,云易公共充电站,西安市,生活服务 其他,其他,4,其他
依威能源汽车公共充电站,汽车相关,充电站,108.997964,34.28215,陕西省,西安市,108.997964,34.28215,依威能源汽车公共充电站,西安市,汽车相关 充电站,其他,2,其他
小易公共充电站,汽车相关,充电站,108.956342,34.261255,陕西省,西安市,108.956342,34.261255,小易公共充电站,西安市,汽车相关 充电站,其他,6,其他
开迈斯汽车公共充电站,汽车相关,充电站,108.962349,34.265660999999994,陕西省,西安市,108.962349,34.265660999999994,开迈斯汽车公共充电站,西安市,汽车相关 充电站,其他,3,其他
开迈斯汽车公共充电站 ,汽车相关,充电站,108.962238,34.265666,陕西省,西安市,108.962238,34.265666,开迈斯汽车公共充电站 ,西安市,汽车相关 充电站,其他,8,其他
小桔公共充电站,汽车相关,充电站,108.964456,34.271730000000005,陕西省,西安市,108.964456,34.271730000000005,小桔公共充电站,西安市,汽车相关 充电站,其他,5,其他
菊超商店公共充电站,购物消费,便利店,108.977083,34.262572,陕西省,西安市,108.977083,34.262572,菊超商店公共充电站,西安市,购物消费 便利店,其他,8,商业
国网南二环西公共充电站,汽车相关,充电站,108.917591,34.236403,陕西省,西安市,108.917591,34.236403,国网南二环西公共充电站,西安市,汽车相关 充电站,国家电网,7,其他
蔚来换电站,汽车相关,充电站,108.917418,34.236454,陕西省,西安市,108.917418,34.236454,蔚来换电站,西安市,汽车相关 充电站,蔚来,3,其他
小桔公共充电站,汽车相关,充电站,108.924002,34.234905000000005,陕西省,西安市,108.924002,34.234905000000005,小桔公共充电站,西安市,汽车相关 充电站,其他,8,其他
依威能源汽车公共充电站,汽车相关,充电站,108.93044,34.229613,陕西省,西安市,108.93044,34.229613,依威能源汽车公共充电站,西安市,汽车相关 充电站,其他,2,其他
特来电充电站,汽车相关,充电站,108.922739,34.239752,陕西省,西安市,108.922739,34.239752,特来电充电站,西安市,汽车相关 充电站,特来电,5,其他
特来电公共充电站,汽车相关,充电站,108.923011,34.244138,陕西省,西安市,108.923011,34.244138,特来电公共充电站,西安市,汽车相关 充电站,特来电,4,其他
特来电公共充电站,汽车相关,充电站,108.930177,34.25874,陕西省,西安市,108.930177,34.25874,特来电公共充电站,西安市,汽车相关 充电站,特来电,3,其他
云易公共充电站,生活服务,其他,108.920865,34.255372,陕西省,西安市,108.920865,34.255372,云易公共充电站,西安市,生活服务 其他,其他,2,其他
依威能源汽车公共充电站,汽车相关,充电站,108.914233,34.257018,陕西省,西安市,108.914233,34.257018,依威能源汽车公共充电站,西安市,汽车相关 充电站,其他,6,其他
蔚来汽车公共充电站,汽车相关,充电站,108.911762,34.258894,陕西省,西安市,108.911762,34.258894,蔚来汽车公共充电站,西安市,汽车相关 充电站,蔚来,7,其他
特来电充电站,汽车相关,充电站,108.949723,34.238077999999994,陕西省,西安市,108.949723,34.238077999999994,特来电充电站,西安市,汽车相关 充电站,特来电,5,其他
卡丘充电充电站,汽车相关,充电站,108.946517,34.248929,陕西省,西安市,108.946517,34.248929,卡丘充电充电站,西安市,汽车相关 充电站,其他,3,其他
开泰实业公共充电站,汽车相关,充电站,108.950729,34.255506000000004,陕西省,西安市,108.950729,34.255506000000004,开泰实业公共充电站,西安市,汽车相关 充电站,其他,3,其他
能量公共充电站,购物消费,其他,108.934728,34.260906,陕西省,西安市,108.934728,34.260906,能量公共充电站,西安市,购物消费 其他,其他,4,其他
特来电公共充电站,汽车相关,充电站,108.939561,34.272227,陕西省,西安市,108.939561,34.272227,特来电公共充电站,西安市,汽车相关 充电站,特来电,4,其他
特来电充电站,汽车相关,充电站,108.946168,34.263749000000004,陕西省,西安市,108.946168,34.263749000000004,特来电充电站,西安市,汽车相关 充电站,特来电,6,其他
特来电汽车充电站,汽车相关,充电站,108.946122,34.263661000000006,陕西省,西安市,108.946122,34.263661000000006,特来电汽车充电站,西安市,汽车相关 充电站,特来电,7,其他
陕西公共充电站,汽车相关,充电站,108.949804,34.269565,陕西省,西安市,108.949804,34.269565,陕西公共充电站,西安市,汽车相关 充电站,其他,6,其他
速易充汽车公共充电站,汽车相关,充电站,108.946884,34.274702,陕西省,西安市,108.946884,34.274702,速易充汽车公共充电站,西安市,汽车相关 充电站,其他,2,其他
星星充电青年路公共充电站,汽车相关,充电站,108.945866,34.271575,陕西省,西安市,108.945866,34.271575,星星充电青年路公共充电站,西安市,汽车相关 充电站,星星充电,2,其他
星星充电汽车公共充电站,汽车相关,充电站,108.945413,34.27123,陕西省,西安市,108.945413,34.27123,星星充电汽车公共充电站,西安市,汽车相关 充电站,星星充电,6,其他
特来电公共充电站,汽车相关,充电站,108.946914,34.281938,陕西省,西安市,108.946914,34.281938,特来电公共充电站,西安市,汽车相关 充电站,特来电,7,其他
依威能源汽车公共充电站,汽车相关,充电站,108.920032,34.261957,陕西省,西安市,108.920032,34.261957,依威能源汽车公共充电站,西安市,汽车相关 充电站,其他,6,其他
特来电公共充电站,汽车相关,充电站,108.912402,34.270099,陕西省,西安市,108.912402,34.270099,特来电公共充电站,西安市,汽车相关 充电站,特来电,7,其他
特来电公共充电站,汽车相关,充电站,108.912679,34.271008,陕西省,西安市,108.912679,34.271008,特来电公共充电站,西安市,汽车相关 充电站,特来电,7,其他
小桔充电汽车公共充电站,汽车相关,充电站,108.923372,34.260264,陕西省,西安市,108.923372,34.260264,小桔充电汽车公共充电站,西安市,汽车相关 充电站,其他,8,其他
陕西公共充电站,汽车相关,充电站,108.929218,34.270696,陕西省,西安市,108.929218,34.270696,陕西公共充电站,西安市,汽车相关 充电站,其他,5,其他
陕西公共充电站,汽车相关,充电站,108.927816,34.269431000000004,陕西省,西安市,108.927816,34.269431000000004,陕西公共充电站,西安市,汽车相关 充电站,其他,7,其他
速易充汽车公共充电站,汽车相关,充电站,108.929141,34.270613,陕西省,西安市,108.929141,34.270613,速易充汽车公共充电站,西安市,汽车相关 充电站,其他,4,其他
小桔充电汽车公共充电站,汽车相关,充电站,108.930923,34.269125,陕西省,西安市,108.930923,34.269125,小桔充电汽车公共充电站,西安市,汽车相关 充电站,其他,7,其他
依威能源汽车公共充电站,汽车相关,充电站,108.922941,34.268073,陕西省,西安市,108.922941,34.268073,依威能源汽车公共充电站,西安市,汽车相关 充电站,其他,7,其他
特来电公共充电站,汽车相关,充电站,108.921388,34.26817,陕西省,西安市,108.921388,34.26817,特来电公共充电站,西安市,汽车相关 充电站,特来电,7,其他
新未来环北汽车公共充电站,汽车相关,充电站,108.926429,34.276796000000004,陕西省,西安市,108.926429,34.276796000000004,新未来环北汽车公共充电站,西安市,汽车相关 充电站,其他,8,其他
云快充汽车公共充电站,汽车相关,充电站,108.926465,34.276731,陕西省,西安市,108.926465,34.276731,云快充汽车公共充电站,西安市,汽车相关 充电站,云快充,8,其他
汽车公共充电站,汽车相关,充电站,108.921332,34.284607,陕西省,西安市,108.921332,34.284607,汽车公共充电站,西安市,汽车相关 充电站,其他,2,其他
星星充电汽车公共充电站,汽车相关,充电站,108.922502,34.283186,陕西省,西安市,108.922502,34.283186,星星充电汽车公共充电站,西安市,汽车相关 充电站,星星充电,8,其他
依威能源汽车公共充电站,汽车相关,充电站,108.911886,34.288272,陕西省,西安市,108.911886,34.288272,依威能源汽车公共充电站,西安市,汽车相关 充电站,其他,4,其他
特来电公共充电站,汽车相关,充电站,109.070723,34.281435,陕西省,西安市,109.070723,34.281435,特来电公共充电站,西安市,汽车相关 充电站,特来电,4,其他
特来电公共充电站,汽车相关,充电站,109.070659,34.281223999999995,陕西省,西安市,109.070659,34.281223999999995,特来电公共充电站,西安市,汽车相关 充电站,特来电,8,其他
特来电公共充电站,汽车相关,充电站,109.068946,34.279368000000005,陕西省,西安市,109.068946,34.279368000000005,特来电公共充电站,西安市,汽车相关 充电站,特来电,6,其他
老虎快充,汽车相关,充电站,109.069401,34.283964,陕西省,西安市,109.069401,34.283964,老虎快充,西安市,汽车相关 充电站,其他,5,其他
汽车公共充电站,汽车相关,充电站,109.069647,34.283764000000005,陕西省,西安市,109.069647,34.283764000000005,汽车公共充电站,西安市,汽车相关 充电站,其他,8,其他
小易公共充电站,生活服务,其他,109.059787,34.270765000000004,陕西省,西安市,109.059787,34.270765000000004,小易公共充电站,西安市,生活服务 其他,其他,7,其他
汽车充电站,汽车相关,充电站,109.059049,34.270898,陕西省,西安市,109.059049,34.270898,汽车充电站,西安市,汽车相关 充电站,其他,3,其他
依威能源汽车充电站,汽车相关,充电站,109.058503,34.271802,陕西省,西安市,109.058503,34.271802,依威能源汽车充电站,西安市,汽车相关 充电站,其他,5,其他
星星充电汽车公共充电站,汽车相关,充电站,109.065045,34.277632,陕西省,西安市,109.065045,34.277632,星星充电汽车公共充电站,西安市,汽车相关 充电站,星星充电,5,其他
星星充电汽车公共充电站,汽车相关,充电站,109.065089,34.277649,陕西省,西安市,109.065089,34.277649,星星充电汽车公共充电站,西安市,汽车相关 充电站,星星充电,4,其他
依威能源汽车公共充电站,汽车相关,充电站,109.006816,34.241651000000005,陕西省,西安市,109.006816,34.241651000000005,依威能源汽车公共充电站,西安市,汽车相关 充电站,其他,5,其他
星星充电汽车公共充电站,汽车相关,充电站,109.02222,34.251386999999994,陕西省,西安市,109.02222,34.251386999999994,星星充电汽车公共充电站,西安市,汽车相关 充电站,星星充电,8,其他
特来电公共充电站,汽车相关,充电站,109.018671,34.251399000000006,陕西省,西安市,109.018671,34.251399000000006,特来电公共充电站,西安市,汽车相关 充电站,特来电,7,其他
卡丘公共充电站,汽车相关,充电站,109.01032,34.250896000000004,陕西省,西安市,109.01032,34.250896000000004,卡丘公共充电站,西安市,汽车相关 充电站,其他,7,其他
新未来公共充电站,汽车相关,充电站,109.043689,34.246764,陕西省,西安市,109.043689,34.246764,新未来公共充电站,西安市,汽车相关 充电站,其他,2,其他
依威能源汽车充电站,汽车相关,充电站,109.04406,34.246867,陕西省,西安市,109.04406,34.246867,依威能源汽车充电站,西安市,汽车相关 充电站,其他,7,其他
云快充汽车公共充电站,汽车相关,充电站,109.037146,34.262964000000004,陕西省,西安市,109.037146,34.262964000000004,云快充汽车公共充电站,西安市,汽车相关 充电站,云快充,7,其他
汽车公共充电站,汽车相关,充电站,109.037145,34.262995,陕西省,西安市,109.037145,34.262995,汽车公共充电站,西安市,汽车相关 充电站,其他,4,其他
快客星城市汽车公共充电站,汽车相关,充电站,109.002196,34.277282,陕西省,西安市,109.002196,34.277282,快客星城市汽车公共充电站,西安市,汽车相关 充电站,其他,7,其他
快客星公共充电站,汽车相关,充电站,109.002116,34.277296,陕西省,西安市,109.002116,34.277296,快客星公共充电站,西安市,汽车相关 充电站,其他,2,其他
汽车公共充电站,汽车相关,充电站,109.001837,34.276895,陕西省,西安市,109.001837,34.276895,汽车公共充电站,西安市,汽车相关 充电站,其他,3,其他
依威能源汽车公共充电站,汽车相关,充电站,109.002427,34.280453,陕西省,西安市,109.002427,34.280453,依威能源汽车公共充电站,西安市,汽车相关 充电站,其他,8,其他
逢源物流公共充电站,汽车相关,充电站,109.011446,34.311233,陕西省,西安市,109.011446,34.311233,逢源物流公共充电站,西安市,汽车相关 充电站,其他,4,其他
特来电公共充电站,汽车相关,充电站,109.013563,34.310216,陕西省,西安市,109.013563,34.310216,特来电公共充电站,西安市,汽车相关 充电站,特来电,3,其他
星星公共充电站,汽车相关,充电站,109.013518,34.310233,陕西省,西安市,109.013518,34.310233,星星公共充电站,西安市,汽车相关 充电站,其他,4,其他
汽车公共充电站,汽车相关,充电站,109.013525,34.310282,陕西省,西安市,109.013525,34.310282,汽车公共充电站,西安市,汽车相关 充电站,其他,6,其他
万马爱充新房村华银公共充电站,汽车相关,其他,109.017974,34.311217,陕西省,西安市,109.017974,34.311217,万马爱充新房村华银公共充电站,西安市,汽车相关 其他,其他,5,其他
万马爱充汽车公共充电站,汽车相关,充电站,109.018062,34.311657,陕西省,西安市,109.018062,34.311657,万马爱充汽车公共充电站,西安市,汽车相关 充电站,其他,6,其他
星星充电汽车公共充电站,汽车相关,充电站,109.022423,34.295314,陕西省,西安市,109.022423,34.295314,星星充电汽车公共充电站,西安市,汽车相关 充电站,星星充电,7,其他
科陆科技公共充电站,生活服务,其他,109.0225,34.295209,陕西省,西安市,109.0225,34.295209,科陆科技公共充电站,西安市,生活服务 其他,其他,3,其他
云快充汽车公共充电站,汽车相关,充电站,109.022508,34.295238,陕西省,西安市,109.022508,34.295238,云快充汽车公共充电站,西安市,汽车相关 充电站,云快充,7,其他
充电桩APP公共充电站,汽车相关,充电站,109.02302,34.295902,陕西省,西安市,109.02302,34.295902,充电桩APP公共充电站,西安市,汽车相关 充电站,其他,5,其他
汽车公共充电站,汽车相关,充电站,109.02236,34.295732,陕西省,西安市,109.02236,34.295732,汽车公共充电站,西安市,汽车相关 充电站,其他,4,其他
星星充电汽车公共充电站,汽车相关,充电站,109.022397,34.296795,陕西省,西安市,109.022397,34.296795,星星充电汽车公共充电站,西安市,汽车相关 充电站,星星充电,5,其他
星星盛鑫博瑞公共充电站,汽车相关,其他,109.013299,34.330552,陕西省,西安市,109.013299,34.330552,星星盛鑫博瑞公共充电站,西安市,汽车相关 其他,其他,2,其他
星星充电汽车公共充电站,汽车相关,充电站,109.013023,34.33091,陕西省,西安市,109.013023,34.33091,星星充电汽车公共充电站,西安市,汽车相关 充电站,星星充电,5,其他
依威能源汽车公共充电站,汽车相关,充电站,108.931832,34.293932,陕西省,西安市,108.931832,34.293932,依威能源汽车公共充电站,西安市,汽车相关 充电站,其他,2,其他
富海北二环中联汽车公共充电站,汽车相关,充电站,108.93017,34.310748000000004,陕西省,西安市,108.93017,34.310748000000004,富海北二环中联汽车公共充电站,西安市,汽车相关 充电站,其他,5,其他
国家电网公共充电站,汽车相关,充电站,108.930129,34.310956,陕西省,西安市,108.930129,34.310956,国家电网公共充电站,西安市,汽车相关 充电站,国家电网,8,其他
特来电公共充电站,汽车相关,充电站,108.939831,34.290974,陕西省,西安市,108.939831,34.290974,特来电公共充电站,西安市,汽车相关 充电站,特来电,2,其他
速易充汽车公共充电站,汽车相关,充电站,108.938573,34.304617,陕西省,西安市,108.938573,34.304617,速易充汽车公共充电站,西安市,汽车相关 充电站,其他,3,其他
驿充电汽车公共充电站,汽车相关,充电站,108.93883,34.304493,陕西省,西安市,108.93883,34.304493,驿充电汽车公共充电站,西安市,汽车相关 充电站,其他,7,其他
依威能源汽车公共充电站,汽车相关,充电站,108.954671,34.293685,陕西省,西安市,108.954671,34.293685,依威能源汽车公共充电站,西安市,汽车相关 充电站,其他,7,其他
天滙电力汽车公共充电站,汽车相关,充电站,108.946757,34.305268000000005,陕西省,西安市,108.946757,34.305268000000005,天滙电力汽车公共充电站,西安市,汽车相关 充电站,其他,6,其他
依威能源汽车公共充电站,汽车相关,充电站,108.952446,34.310612,陕西省,西安市,108.952446,34.310612,依威能源汽车公共充电站,西安市,汽车相关 充电站,其他,7,其他
依威能源汽车公共充电站,汽车相关,充电站,108.95263,34.32018,陕西省,西安市,108.95263,34.32018,依威能源汽车公共充电站,西安市,汽车相关 充电站,其他,4,其他
依威能源汽车公共充电站,汽车相关,充电站,108.945448,34.317556,陕西省,西安市,108.945448,34.317556,依威能源汽车公共充电站,西安市,汽车相关 充电站,其他,8,其他
名京九合院公共充电站,汽车相关,充电站,108.942193,34.308093,陕西省,西安市,108.942193,34.308093,名京九合院公共充电站,西安市,汽车相关 充电站,其他,5,其他
延长壳牌名京九合院汽车公共充电站,汽车相关,充电站,108.942999,34.308211,陕西省,西安市,108.942999,34.308211,延长壳牌名京九合院汽车公共充电站,西安市,汽车相关 充电站,其他,6,其他
星星充电汽车公共充电站,汽车相关,充电站,108.941368,34.308122000000004,陕西省,西安市,108.941368,34.308122000000004,星星充电汽车公共充电站,西安市,汽车相关 充电站,星星充电,4,其他
综合缴费办卡耳机充电宝,汽车相关,充电站,108.942163,34.310858,陕西省,西安市,108.942163,34.310858,综合缴费办卡耳机充电宝,西安市,汽车相关 充电站,其他,4,其他
速易充汽车公共充电站,汽车相关,充电站,108.942497,34.310384,陕西省,西安市,108.942497,34.310384,速易充汽车公共充电站,西安市,汽车相关 充电站,其他,2,其他
汽车公共充电站,汽车相关,充电站,108.941064,34.310379999999995,陕西省,西安市,108.941064,34.310379999999995,汽车公共充电站,西安市,汽车相关 充电站,其他,7,其他
依威能源汽车公共充电站,汽车相关,充电站,108.939781,34.313547,陕西省,西安市,108.939781,34.313547,依威能源汽车公共充电站,西安市,汽车相关 充电站,其他,3,其他
星星充电汽车公共充电站,汽车相关,充电站,108.93962,34.313644,陕西省,西安市,108.93962,34.313644,星星充电汽车公共充电站,西安市,汽车相关 充电站,星星充电,3,其他
比亚迪汽车公共充电站,汽车相关,充电站,108.934886,34.326319,陕西省,西安市,108.934886,34.326319,比亚迪汽车公共充电站,西安市,汽车相关 充电站,其他,6,其他
星星充电汽车公共充电站,汽车相关,充电站,108.940542,34.329365,陕西省,西安市,108.940542,34.329365,星星充电汽车公共充电站,西安市,汽车相关 充电站,星星充电,8,其他
星星充电公共充电站,汽车相关,充电站,108.940518,34.329292,陕西省,西安市,108.940518,34.329292,星星充电公共充电站,西安市,汽车相关 充电站,星星充电,3,其他
小桔充电汽车公共充电站,汽车相关,充电站,108.940438,34.333749999999995,陕西省,西安市,108.940438,34.333749999999995,小桔充电汽车公共充电站,西安市,汽车相关 充电站,其他,5,其他
延长壳牌凤城三路公共充电站,汽车相关,充电站,108.947606,34.323335,陕西省,西安市,108.947606,34.323335,延长壳牌凤城三路公共充电站,西安市,汽车相关 充电站,其他,3,其他
小桔充电汽车公共充电站,汽车相关,充电站,108.947927,34.323113,陕西省,西安市,108.947927,34.323113,小桔充电汽车公共充电站,西安市,汽车相关 充电站,其他,6,其他
陕西公共充电站,汽车相关,充电站,108.946787,34.327705,陕西省,西安市,108.946787,34.327705,陕西公共充电站,西安市,汽车相关 充电站,其他,3,其他
依威能源汽车充电站,汽车相关,充电站,108.950112,34.330193,陕西省,西安市,108.950112,34.330193,依威能源汽车充电站,西安市,汽车相关 充电站,其他,5,其他
星星充电汽车公共充电站,汽车相关,充电站,108.945376,34.341718,陕西省,西安市,108.945376,34.341718,星星充电汽车公共充电站,西安市,汽车相关 充电站,星星充电,2,其他
小桔公共充电站,汽车相关,充电站,108.945214,34.345055,陕西省,西安市,108.945214,34.345055,小桔公共充电站,西安市,汽车相关 充电站,其他,8,其他
依威能源汽车公共充电站,汽车相关,充电站,108.948249,34.348633,陕西省,西安市,108.948249,34.348633,依威能源汽车公共充电站,西安市,汽车相关 充电站,其他,6,其他
中榆能源联益中心公共充电站,汽车相关,充电站,108.929314,34.337885,陕西省,西安市,108.929314,34.337885,中榆能源联益中心公共充电站,西安市,汽车相关 充电站,其他,2,其他
云快充公共充电站,汽车相关,充电站,108.971837,34.290218,陕西省,西安市,108.971837,34.290218,云快充公共充电站,西安市,汽车相关 充电站,云快充,2,其他
星星充电公交车汽车公共充电站,汽车相关,充电站,108.971828,34.290483,陕西省,西安市,108.971828,34.290483,星星充电公交车汽车公共充电站,西安市,汽车相关 充电站,星星充电,2,其他
百环广场公共充电站网约车出租车消毒点,交通设施,其他,108.97527,34.310362000000005,陕西省,西安市,108.97527,34.310362000000005,百环广场公共充电站网约车出租车消毒点,西安市,交通设施 其他,其他,4,其他
ZEEKR Power西安百寰易达汽车超充站,汽车相关,充电站,108.974924,34.311901,陕西省,西安市,108.974924,34.311901,ZEEKR Power西安百寰易达汽车超充站,西安市,汽车相关 充电站,其他,8,其他
汽车公共充电站,汽车相关,充电站,108.97576,34.312002,陕西省,西安市,108.97576,34.312002,汽车公共充电站,西安市,汽车相关 充电站,其他,7,其他
云快充汽车公共充电站,汽车相关,充电站,108.976388,34.318209,陕西省,西安市,108.976388,34.318209,云快充汽车公共充电站,西安市,汽车相关 充电站,云快充,8,其他
小桔充电汽车公共充电站,汽车相关,充电站,108.959894,34.30924,陕西省,西安市,108.959894,34.30924,小桔充电汽车公共充电站,西安市,汽车相关 充电站,其他,4,其他
云快充汽车公共充电站,汽车相关,充电站,108.963558,34.310251,陕西省,西安市,108.963558,34.310251,云快充汽车公共充电站,西安市,汽车相关 充电站,云快充,7,其他
星星电动汽车公共充电站,汽车相关,充电站,108.960753,34.31324,陕西省,西安市,108.960753,34.31324,星星电动汽车公共充电站,西安市,汽车相关 充电站,其他,8,其他
华帝金座11号公共充电站,汽车相关,充电站,108.960776,34.310816,陕西省,西安市,108.960776,34.310816,华帝金座11号公共充电站,西安市,汽车相关 充电站,其他,2,其他
星星充电汽车公共充电站,汽车相关,充电站,108.961783,34.311127000000006,陕西省,西安市,108.961783,34.311127000000006,星星充电汽车公共充电站,西安市,汽车相关 充电站,星星充电,6,其他
电动汽车快充站,汽车相关,充电站,108.995834,34.293951,陕西省,西安市,108.995834,34.293951,电动汽车快充站,西安市,汽车相关 充电站,其他,7,其他
汽车公共充电站,汽车相关,充电站,108.997447,34.291875,陕西省,西安市,108.997447,34.291875,汽车公共充电站,西安市,汽车相关 充电站,其他,5,其他
星星充电汽车公共充电站,汽车相关,充电站,108.997736,34.292192,陕西省,西安市,108.997736,34.292192,星星充电汽车公共充电站,西安市,汽车相关 充电站,星星充电,5,其他
星星充电汽车公共充电站,汽车相关,充电站,108.997621,34.292221999999995,陕西省,西安市,108.997621,34.292221999999995,星星充电汽车公共充电站,西安市,汽车相关 充电站,星星充电,3,其他
万马爱充诚通石家街站,汽车相关,充电站,108.996162,34.294203,陕西省,西安市,108.996162,34.294203,万马爱充诚通石家街站,西安市,汽车相关 充电站,其他,7,其他
万马爱充汽车公共充电站,汽车相关,充电站,108.996199,34.294276,陕西省,西安市,108.996199,34.294276,万马爱充汽车公共充电站,西安市,汽车相关 充电站,其他,6,其他
云易公共充电站,生活服务,其他,108.994505,34.300333,陕西省,西安市,108.994505,34.300333,云易公共充电站,西安市,生活服务 其他,其他,4,其他
特来电汽车公共充电站,汽车相关,充电站,108.995155,34.300065,陕西省,西安市,108.995155,34.300065,特来电汽车公共充电站,西安市,汽车相关 充电站,特来电,2,其他
星星充电汽车公共充电站,汽车相关,充电站,108.991238,34.315064,陕西省,西安市,108.991238,34.315064,星星充电汽车公共充电站,西安市,汽车相关 充电站,星星充电,3,其他
星星充电汽车公共充电站,汽车相关,充电站,108.991271,34.315008,陕西省,西安市,108.991271,34.315008,星星充电汽车公共充电站,西安市,汽车相关 充电站,星星充电,5,其他
新未来凤城九路首府尚苑汽车公共充电站,汽车相关,充电站,108.959873,34.347026,陕西省,西安市,108.959873,34.347026,新未来凤城九路首府尚苑汽车公共充电站,西安市,汽车相关 充电站,其他,4,其他
小桔充电汽车公共充电站,汽车相关,充电站,108.982195,34.356151000000004,陕西省,西安市,108.982195,34.356151000000004,小桔充电汽车公共充电站,西安市,汽车相关 充电站,其他,4,其他
大明宫红木灯饰公共充电站网约车出租车消毒点,交通设施,其他,108.980909,34.37707,陕西省,西安市,108.980909,34.37707,大明宫红木灯饰公共充电站网约车出租车消毒点,西安市,交通设施 其他,其他,2,其他
万马爱充汽车充电站,汽车相关,充电站,108.981485,34.377893,陕西省,西安市,108.981485,34.377893,万马爱充汽车充电站,西安市,汽车相关 充电站,其他,7,其他
特来电公共充电站,汽车相关,充电站,108.981348,34.382003,陕西省,西安市,108.981348,34.382003,特来电公共充电站,西安市,汽车相关 充电站,特来电,5,其他
小桔充电,汽车相关,充电站,108.981388,34.381991,陕西省,西安市,108.981388,34.381991,小桔充电,西安市,汽车相关 充电站,其他,6,其他
汽车公共充电站,汽车相关,充电站,108.93985,34.358085,陕西省,西安市,108.93985,34.358085,汽车公共充电站,西安市,汽车相关 充电站,其他,4,其他
星星公共充电站,汽车相关,充电站,108.939236,34.358119,陕西省,西安市,108.939236,34.358119,星星公共充电站,西安市,汽车相关 充电站,其他,2,其他
小沃凤城十二路公共充电站,汽车相关,充电站,108.939297,34.358096,陕西省,西安市,108.939297,34.358096,小沃凤城十二路公共充电站,西安市,汽车相关 充电站,其他,6,其他
星星充电汽车公共充电站,汽车相关,充电站,108.939601,34.358235,陕西省,西安市,108.939601,34.358235,星星充电汽车公共充电站,西安市,汽车相关 充电站,星星充电,7,其他
星星充电汽车公共充电站,汽车相关,充电站,108.939202,34.358096999999994,陕西省,西安市,108.939202,34.358096999999994,星星充电汽车公共充电站,西安市,汽车相关 充电站,星星充电,5,其他
特来电公共充电站,汽车相关,充电站,108.939323,34.359877000000004,陕西省,西安市,108.939323,34.359877000000004,特来电公共充电站,西安市,汽车相关 充电站,特来电,7,其他
ZEEKR Power西安一方中港国际轻充站汽车公共充电站,汽车相关,充电站,108.938159,34.363293,陕西省,西安市,108.938159,34.363293,ZEEKR Power西安一方中港国际轻充站汽车公共充电站,西安市,汽车相关 充电站,其他,4,其他
ZEEKR Power西安一方中港国际极充站,汽车相关,充电站,108.938528,34.363428,陕西省,西安市,108.938528,34.363428,ZEEKR Power西安一方中港国际极充站,西安市,汽车相关 充电站,其他,6,其他
特来电公共充电站,汽车相关,充电站,108.984087,34.446395,陕西省,西安市,108.984087,34.446395,特来电公共充电站,西安市,汽车相关 充电站,特来电,6,其他
云易公共充电站,生活服务,其他,109.004734,34.461739,陕西省,西安市,109.004734,34.461739,云易公共充电站,西安市,生活服务 其他,其他,6,其他
依威能源汽车公共充电站,汽车相关,充电站,109.31817,34.164024000000005,陕西省,西安市,109.31817,34.164024000000005,依威能源汽车公共充电站,西安市,汽车相关 充电站,其他,4,其他
星星充电汽车公共充电站,汽车相关,充电站,109.318677,34.163792,陕西省,西安市,109.318677,34.163792,星星充电汽车公共充电站,西安市,汽车相关 充电站,星星充电,4,其他
依威能源汽车充电站,汽车相关,充电站,109.315701,34.164871999999995,陕西省,西安市,109.315701,34.164871999999995,依威能源汽车充电站,西安市,汽车相关 充电站,其他,7,其他
云快充汽车公共充电站,汽车相关,充电站,109.312504,34.157818,陕西省,西安市,109.312504,34.157818,云快充汽车公共充电站,西安市,汽车相关 充电站,云快充,3,其他
星星充电汽车公共充电站,汽车相关,充电站,109.311591,34.157837,陕西省,西安市,109.311591,34.157837,星星充电汽车公共充电站,西安市,汽车相关 充电站,星星充电,7,其他
星星充电汽车公共充电站,汽车相关,充电站,109.311607,34.157832000000006,陕西省,西安市,109.311607,34.157832000000006,星星充电汽车公共充电站,西安市,汽车相关 充电站,星星充电,5,其他
特来电公共充电站,汽车相关,充电站,109.102195,34.076024,陕西省,西安市,109.102195,34.076024,特来电公共充电站,西安市,汽车相关 充电站,特来电,2,其他
特来电公共充电站,汽车相关,充电站,109.19588,34.369784,陕西省,西安市,109.19588,34.369784,特来电公共充电站,西安市,汽车相关 充电站,特来电,6,其他
陕西特快电石油城公共充电站,汽车相关,充电站,109.2021,34.379292,陕西省,西安市,109.2021,34.379292,陕西特快电石油城公共充电站,西安市,汽车相关 充电站,其他,3,其他
星星充电汽车公共充电站,汽车相关,充电站,109.219254,34.381929,陕西省,西安市,109.219254,34.381929,星星充电汽车公共充电站,西安市,汽车相关 充电站,星星充电,2,其他
星星充电汽车公共充电站,汽车相关,充电站,109.095574,34.533679,陕西省,西安市,109.095574,34.533679,星星充电汽车公共充电站,西安市,汽车相关 充电站,星星充电,3,其他
星星充电汽车公共充电站,汽车相关,充电站,109.095581,34.533633,陕西省,西安市,109.095581,34.533633,星星充电汽车公共充电站,西安市,汽车相关 充电站,星星充电,8,其他
国家电网公共充电站,汽车相关,充电站,109.245256,34.658475,陕西省,西安市,109.245256,34.658475,国家电网公共充电站,西安市,汽车相关 充电站,国家电网,7,其他
国家电网汽车公共充电站,汽车相关,充电站,109.245216,34.658546,陕西省,西安市,109.245216,34.658546,国家电网汽车公共充电站,西安市,汽车相关 充电站,国家电网,4,其他
国家电网公共充电站,汽车相关,充电站,109.233513,34.665213,陕西省,西安市,109.233513,34.665213,国家电网公共充电站,西安市,汽车相关 充电站,国家电网,6,其他
甘家寨社区电动车便民存放公共充电站,生活服务,其他,108.902616,34.218172,陕西省,西安市,108.902616,34.218172,甘家寨社区电动车便民存放公共充电站,西安市,生活服务 其他,其他,7,其他
蔚来公共充电站,汽车相关,充电站,108.893818,34.237614,陕西省,西安市,108.893818,34.237614,蔚来公共充电站,西安市,汽车相关 充电站,蔚来,2,其他
蔚来公共充电站,汽车相关,充电站,108.895586,34.237872,陕西省,西安市,108.895586,34.237872,蔚来公共充电站,西安市,汽车相关 充电站,蔚来,8,其他
汽车公共充电站,汽车相关,充电站,108.892704,34.23721,陕西省,西安市,108.892704,34.23721,汽车公共充电站,西安市,汽车相关 充电站,其他,8,其他
特来电公共充电站,汽车相关,充电站,108.902611,34.232974,陕西省,西安市,108.902611,34.232974,特来电公共充电站,西安市,汽车相关 充电站,特来电,8,其他
特来电公共充电站,汽车相关,充电站,108.908604,34.24497,陕西省,西安市,108.908604,34.24497,特来电公共充电站,西安市,汽车相关 充电站,特来电,2,其他
依威能源汽车公共充电站,汽车相关,充电站,108.830105,34.286477999999995,陕西省,西安市,108.830105,34.286477999999995,依威能源汽车公共充电站,西安市,汽车相关 充电站,其他,2,其他
国家电网汽车公共充电站,汽车相关,充电站,108.948602,34.221809,陕西省,西安市,108.948602,34.221809,国家电网汽车公共充电站,西安市,汽车相关 充电站,国家电网,2,其他
特来电公共充电站,汽车相关,充电站,108.988203,34.203251,陕西省,西安市,108.988203,34.203251,特来电公共充电站,西安市,汽车相关 充电站,特来电,2,其他
汽车公共充电站,汽车相关,充电站,108.991478,34.214873000000004,陕西省,西安市,108.991478,34.214873000000004,汽车公共充电站,西安市,汽车相关 充电站,其他,8,其他
特来电公共充电站,汽车相关,充电站,108.963135,34.209121,陕西省,西安市,108.963135,34.209121,特来电公共充电站,西安市,汽车相关 充电站,特来电,8,其他
依威能源汽车公共充电站,汽车相关,充电站,108.962065,34.215233000000005,陕西省,西安市,108.962065,34.215233000000005,依威能源汽车公共充电站,西安市,汽车相关 充电站,其他,3,其他
保时捷汽车公共充电站,汽车相关,充电站,108.962329,34.214791,陕西省,西安市,108.962329,34.214791,保时捷汽车公共充电站,西安市,汽车相关 充电站,其他,7,其他
特来电公共充电站,汽车相关,充电站,108.962133,34.215296,陕西省,西安市,108.962133,34.215296,特来电公共充电站,西安市,汽车相关 充电站,特来电,6,其他
普天公共充电站,汽车相关,充电站,108.965575,34.242253,陕西省,西安市,108.965575,34.242253,普天公共充电站,西安市,汽车相关 充电站,其他,4,其他
万马爱充公共充电站,汽车相关,充电站,108.964091,34.242656000000004,陕西省,西安市,108.964091,34.242656000000004,万马爱充公共充电站,西安市,汽车相关 充电站,其他,8,其他
开泰实业汽车公共充电站,汽车相关,充电站,108.979243,34.262789,陕西省,西安市,108.979243,34.262789,开泰实业汽车公共充电站,西安市,汽车相关 充电站,其他,4,其他
开泰实业公共充电站,汽车相关,充电站,108.977502,34.2622,陕西省,西安市,108.977502,34.2622,开泰实业公共充电站,西安市,汽车相关 充电站,其他,7,其他
汽车公共充电站,汽车相关,充电站,108.981287,34.26827,陕西省,西安市,108.981287,34.26827,汽车公共充电站,西安市,汽车相关 充电站,其他,7,其他
汽车公共充电站,汽车相关,充电站,108.980544,34.269241,陕西省,西安市,108.980544,34.269241,汽车公共充电站,西安市,汽车相关 充电站,其他,4,其他
万马爱充公共充电站,汽车相关,充电站,108.980625,34.269198,陕西省,西安市,108.980625,34.269198,万马爱充公共充电站,西安市,汽车相关 充电站,其他,8,其他
特来电公共充电站,汽车相关,充电站,108.993593,34.26923,陕西省,西安市,108.993593,34.26923,特来电公共充电站,西安市,汽车相关 充电站,特来电,4,其他
星星无人公共充电站,汽车相关,充电站,108.995943,34.277117000000004,陕西省,西安市,108.995943,34.277117000000004,星星无人公共充电站,西安市,汽车相关 充电站,其他,3,其他
星星充电汽车公共充电站,汽车相关,充电站,108.996025,34.277111000000005,陕西省,西安市,108.996025,34.277111000000005,星星充电汽车公共充电站,西安市,汽车相关 充电站,星星充电,5,其他
美丽充汽车充电站,汽车相关,充电站,108.994918,34.280009,陕西省,西安市,108.994918,34.280009,美丽充汽车充电站,西安市,汽车相关 充电站,其他,8,其他
特来电公共充电站,汽车相关,充电站,108.973903,34.268991,陕西省,西安市,108.973903,34.268991,特来电公共充电站,西安市,汽车相关 充电站,特来电,8,其他
汽车公共充电站,汽车相关,充电站,108.974182,34.270845,陕西省,西安市,108.974182,34.270845,汽车公共充电站,西安市,汽车相关 充电站,其他,6,其他
11号公共充电站,汽车相关,充电站,108.977076,34.269555999999994,陕西省,西安市,108.977076,34.269555999999994,11号公共充电站,西安市,汽车相关 充电站,其他,2,其他
万马爱充公共充电站,汽车相关,充电站,108.971868,34.289984,陕西省,西安市,108.971868,34.289984,万马爱充公共充电站,西安市,汽车相关 充电站,其他,5,其他
依威能源汽车公共充电站,汽车相关,充电站,108.965817,34.27626,陕西省,西安市,108.965817,34.27626,依威能源汽车公共充电站,西安市,汽车相关 充电站,其他,7,其他
特斯拉公共充电站,汽车相关,充电站,108.947744,34.247141,陕西省,西安市,108.947744,34.247141,特斯拉公共充电站,西安市,汽车相关 充电站,特斯拉,8,其他
小桔充电汽车公共充电站,汽车相关,充电站,109.002431,34.271196,陕西省,西安市,109.002431,34.271196,小桔充电汽车公共充电站,西安市,汽车相关 充电站,其他,4,其他
星星充电汽车公共充电站,汽车相关,充电站,108.947455,34.291381,陕西省,西安市,108.947455,34.291381,星星充电汽车公共充电站,西安市,汽车相关 充电站,星星充电,5,其他
特来电公共充电站,汽车相关,充电站,108.947927,34.293305999999994,陕西省,西安市,108.947927,34.293305999999994,特来电公共充电站,西安市,汽车相关 充电站,特来电,6,其他
特斯拉超级充电站,汽车相关,充电站,108.947913,34.294417,陕西省,西安市,108.947913,34.294417,特斯拉超级充电站,西安市,汽车相关 充电站,特斯拉,7,其他
普天充电站,汽车相关,充电站,108.944902,34.295702,陕西省,西安市,108.944902,34.295702,普天充电站,西安市,汽车相关 充电站,其他,2,其他
依威能源汽车公共充电站,汽车相关,充电站,108.946361,34.301451,陕西省,西安市,108.946361,34.301451,依威能源汽车公共充电站,西安市,汽车相关 充电站,其他,2,其他
国家电网汽车公共充电站,汽车相关,充电站,108.947704,34.300405000000005,陕西省,西安市,108.947704,34.300405000000005,国家电网汽车公共充电站,西安市,汽车相关 充电站,国家电网,6,其他
依威能源汽车公共充电站,汽车相关,充电站,108.948641,34.317283,陕西省,西安市,108.948641,34.317283,依威能源汽车公共充电站,西安市,汽车相关 充电站,其他,6,其他
保时捷超级公共充电站,汽车相关,充电站,108.944811,34.337924,陕西省,西安市,108.944811,34.337924,保时捷超级公共充电站,西安市,汽车相关 充电站,其他,4,其他
陕西公共充电站,生活服务,其他,108.944071,34.338604999999994,陕西省,西安市,108.944071,34.338604999999994,陕西公共充电站,西安市,生活服务 其他,其他,8,其他
小桔充电公共充电站,生活服务,其他,108.946763,34.339754,陕西省,西安市,108.946763,34.339754,小桔充电公共充电站,西安市,生活服务 其他,其他,2,其他
依威能源汽车公共充电站,汽车相关,充电站,108.936323,34.343049,陕西省,西安市,108.936323,34.343049,依威能源汽车公共充电站,西安市,汽车相关 充电站,其他,7,其他
汽车公共充电站,汽车相关,充电站,108.947322,34.225759000000004,陕西省,西安市,108.947322,34.225759000000004,汽车公共充电站,西安市,汽车相关 充电站,其他,5,其他
陕西公共充电站,生活服务,其他,108.94758,34.226271999999994,陕西省,西安市,108.94758,34.226271999999994,陕西公共充电站,西安市,生活服务 其他,其他,7,其他
冲公共充电站-李家村万达超级公共充电站,汽车相关,充电站,108.961701,34.243364,陕西省,西安市,108.961701,34.243364,冲公共充电站-李家村万达超级公共充电站,西安市,汽车相关 充电站,其他,3,其他
汽车公共充电站,汽车相关,充电站,108.960973,34.243853,陕西省,西安市,108.960973,34.243853,汽车公共充电站,西安市,汽车相关 充电站,其他,3,其他
陕西公共充电站,生活服务,其他,108.983268,34.268208,陕西省,西安市,108.983268,34.268208,陕西公共充电站,西安市,生活服务 其他,其他,6,其他
依威能源汽车充电站,汽车相关,充电站,108.999298,34.269901000000004,陕西省,西安市,108.999298,34.269901000000004,依威能源汽车充电站,西安市,汽车相关 充电站,其他,4,其他
汽车公共充电站,汽车相关,充电站,108.999008,34.270558,陕西省,西安市,108.999008,34.270558,汽车公共充电站,西安市,汽车相关 充电站,其他,3,其他
冲公共充电站-西北轻工超级汽车公共充电站,汽车相关,充电站,108.99897,34.270749,陕西省,西安市,108.99897,34.270749,冲公共充电站-西北轻工超级汽车公共充电站,西安市,汽车相关 充电站,其他,2,其他
开迈斯汽车公共充电站,汽车相关,充电站,108.918465,34.285806,陕西省,西安市,108.918465,34.285806,开迈斯汽车公共充电站,西安市,汽车相关 充电站,其他,7,其他
云快充汽车公共充电站,汽车相关,充电站,109.000325,34.269696,陕西省,西安市,109.000325,34.269696,云快充汽车公共充电站,西安市,汽车相关 充电站,云快充,7,其他
万马爱充汽车公共充电站,汽车相关,充电站,108.999868,34.270787,陕西省,西安市,108.999868,34.270787,万马爱充汽车公共充电站,西安市,汽车相关 充电站,其他,6,其他
特来电公共充电站,汽车相关,充电站,108.999819,34.270976,陕西省,西安市,108.999819,34.270976,特来电公共充电站,西安市,汽车相关 充电站,特来电,8,其他
冲公共充电站-大明宫万达超级公共充电站,汽车相关,充电站,108.97307,34.314813,陕西省,西安市,108.97307,34.314813,冲公共充电站-大明宫万达超级公共充电站,西安市,汽车相关 充电站,其他,8,其他
特斯拉公共充电站,汽车相关,充电站,108.965369,34.182195,陕西省,西安市,108.965369,34.182195,特斯拉公共充电站,西安市,汽车相关 充电站,特斯拉,5,其他
星星充电汽车公共充电站,汽车相关,充电站,108.544056,34.067642,陕西省,西安市,108.544056,34.067642,星星充电汽车公共充电站,西安市,汽车相关 充电站,星星充电,6,其他
星星充电汽车公共充电站,汽车相关,充电站,108.542534,34.079109,陕西省,西安市,108.542534,34.079109,星星充电汽车公共充电站,西安市,汽车相关 充电站,星星充电,5,其他
星星充电汽车公共充电站,汽车相关,充电站,108.544428,34.081171,陕西省,西安市,108.544428,34.081171,星星充电汽车公共充电站,西安市,汽车相关 充电站,星星充电,8,其他
星星充电汽车公共充电站,汽车相关,充电站,108.513141,34.061728,陕西省,西安市,108.513141,34.061728,星星充电汽车公共充电站,西安市,汽车相关 充电站,星星充电,6,其他
星星充电汽车公共充电站,汽车相关,充电站,108.517559,34.086436,陕西省,西安市,108.517559,34.086436,星星充电汽车公共充电站,西安市,汽车相关 充电站,星星充电,6,其他
星星充电汽车公共充电站,汽车相关,充电站,108.5136,34.083022,陕西省,西安市,108.5136,34.083022,星星充电汽车公共充电站,西安市,汽车相关 充电站,星星充电,6,其他
星星充电汽车公共充电站,汽车相关,充电站,108.509482,34.07777299999999,陕西省,西安市,108.509482,34.07777299999999,星星充电汽车公共充电站,西安市,汽车相关 充电站,星星充电,8,其他
星星充电汽车公共充电站,汽车相关,充电站,108.515559,34.084958,陕西省,西安市,108.515559,34.084958,星星充电汽车公共充电站,西安市,汽车相关 充电站,星星充电,5,其他
星星充电汽车公共充电站,汽车相关,充电站,108.520263,34.091950000000004,陕西省,西安市,108.520263,34.091950000000004,星星充电汽车公共充电站,西安市,汽车相关 充电站,星星充电,5,其他
星星充电汽车公共充电站,汽车相关,充电站,108.507693,34.052757,陕西省,西安市,108.507693,34.052757,星星充电汽车公共充电站,西安市,汽车相关 充电站,星星充电,6,其他
星星充电汽车公共充电站,汽车相关,充电站,108.541862,34.051785,陕西省,西安市,108.541862,34.051785,星星充电汽车公共充电站,西安市,汽车相关 充电站,星星充电,3,其他
特来电公共充电站,汽车相关,充电站,109.019076,34.16220199999999,陕西省,西安市,109.019076,34.16220199999999,特来电公共充电站,西安市,汽车相关 充电站,特来电,4,其他
特来电公共充电站,汽车相关,充电站,109.017808,34.162103,陕西省,西安市,109.017808,34.162103,特来电公共充电站,西安市,汽车相关 充电站,特来电,8,其他
特来电公共充电站,汽车相关,充电站,109.019055,34.162214,陕西省,西安市,109.019055,34.162214,特来电公共充电站,西安市,汽车相关 充电站,特来电,4,其他
国家电网汽车公共充电站,汽车相关,充电站,109.014792,34.15408,陕西省,西安市,109.014792,34.15408,国家电网汽车公共充电站,西安市,汽车相关 充电站,国家电网,4,其他
驿充电汽车公共充电站,汽车相关,充电站,108.799564,34.120228,陕西省,西安市,108.799564,34.120228,驿充电汽车公共充电站,西安市,汽车相关 充电站,其他,5,其他
速充电汽车公共充电站,汽车相关,充电站,108.909832,34.055093,陕西省,西安市,108.909832,34.055093,速充电汽车公共充电站,西安市,汽车相关 充电站,其他,5,其他
云快充汽车公共充电站,汽车相关,充电站,108.909825,34.055112,陕西省,西安市,108.909825,34.055112,云快充汽车公共充电站,西安市,汽车相关 充电站,云快充,3,其他
迪卡侬汽车公共充电站,汽车相关,充电站,108.99633,34.318533,陕西省,西安市,108.99633,34.318533,迪卡侬汽车公共充电站,西安市,汽车相关 充电站,其他,4,其他
特来电公共充电站,汽车相关,充电站,108.995133,34.315949,陕西省,西安市,108.995133,34.315949,特来电公共充电站,西安市,汽车相关 充电站,特来电,4,其他
小桔充电汽车公共充电站,汽车相关,充电站,108.996431,34.31801,陕西省,西安市,108.996431,34.31801,小桔充电汽车公共充电站,西安市,汽车相关 充电站,其他,6,其他
佰欧特凤翔阁汽车公共充电站,汽车相关,充电站,108.829875,33.862274,陕西省,西安市,108.829875,33.862274,佰欧特凤翔阁汽车公共充电站,西安市,汽车相关 充电站,其他,5,其他
理想汽车充电站,汽车相关,充电站,109.465926,33.957949,陕西省,西安市,109.465926,33.957949,理想汽车充电站,西安市,汽车相关 充电站,理想,4,其他
汽车公共充电站,汽车相关,充电站,109.50447,33.920929,陕西省,西安市,109.50447,33.920929,汽车公共充电站,西安市,汽车相关 充电站,其他,7,其他
快电汽车公共充电站,汽车相关,充电站,108.27181,34.101198,陕西省,西安市,108.27181,34.101198,快电汽车公共充电站,西安市,汽车相关 充电站,其他,3,其他
国家电网汽车公共充电站,汽车相关,充电站,108.165068,34.074176,陕西省,西安市,108.165068,34.074176,国家电网汽车公共充电站,西安市,汽车相关 充电站,国家电网,7,其他
牛人充电汽车公共充电站,汽车相关,充电站,108.043623,34.215551000000005,陕西省,西安市,108.043623,34.215551000000005,牛人充电汽车公共充电站,西安市,汽车相关 充电站,其他,7,其他
快电汽车公共充电站,汽车相关,充电站,108.136001,34.170772,陕西省,西安市,108.136001,34.170772,快电汽车公共充电站,西安市,汽车相关 充电站,其他,8,其他
特来电汽车公共充电站,汽车相关,充电站,108.118697,34.175397000000004,陕西省,西安市,108.118697,34.175397000000004,特来电汽车公共充电站,西安市,汽车相关 充电站,特来电,8,其他
汽车公共充电站,汽车相关,充电站,108.327463,34.179323000000004,陕西省,西安市,108.327463,34.179323000000004,汽车公共充电站,西安市,汽车相关 充电站,其他,3,其他
鄠邑能源汽车公共充电站,汽车相关,充电站,108.575499,34.02675,陕西省,西安市,108.575499,34.02675,鄠邑能源汽车公共充电站,西安市,汽车相关 充电站,其他,7,其他
星星充电汽车公共充电站,汽车相关,充电站,108.681463,33.949983,陕西省,西安市,108.681463,33.949983,星星充电汽车公共充电站,西安市,汽车相关 充电站,星星充电,4,其他
香山寺汽车公共充电站,汽车相关,充电站,108.418603,34.062949,陕西省,西安市,108.418603,34.062949,香山寺汽车公共充电站,西安市,汽车相关 充电站,其他,5,其他
国家电网汽车公共充电站,汽车相关,充电站,108.429954,34.08074,陕西省,西安市,108.429954,34.08074,国家电网汽车公共充电站,西安市,汽车相关 充电站,国家电网,3,其他
云快充汽车公共充电站,汽车相关,充电站,109.084294,34.093892000000004,陕西省,西安市,109.084294,34.093892000000004,云快充汽车公共充电站,西安市,汽车相关 充电站,云快充,6,其他
驴充充汽车充电站,汽车相关,充电站,108.531346,34.218523000000005,陕西省,西安市,108.531346,34.218523000000005,驴充充汽车充电站,西安市,汽车相关 充电站,其他,7,其他
星星充电汽车公共充电站,汽车相关,充电站,108.545707,34.170491,陕西省,西安市,108.545707,34.170491,星星充电汽车公共充电站,西安市,汽车相关 充电站,星星充电,3,其他
星星充电汽车公共充电站,汽车相关,充电站,108.517272,34.208286,陕西省,西安市,108.517272,34.208286,星星充电汽车公共充电站,西安市,汽车相关 充电站,星星充电,2,其他
星星充电汽车公共充电站,汽车相关,充电站,109.20297,34.061811,陕西省,西安市,109.20297,34.061811,星星充电汽车公共充电站,西安市,汽车相关 充电站,星星充电,2,其他
直道充电汽车充电站,汽车相关,充电站,109.147128,34.060664,陕西省,西安市,109.147128,34.060664,直道充电汽车充电站,西安市,汽车相关 充电站,其他,8,其他
特来电汽车公共充电站,汽车相关,充电站,109.35392,34.472902999999995,陕西省,西安市,109.35392,34.472902999999995,特来电汽车公共充电站,西安市,汽车相关 充电站,特来电,5,其他
云快充汽车公共充电站,汽车相关,充电站,109.32347,34.50975,陕西省,西安市,109.32347,34.50975,云快充汽车公共充电站,西安市,汽车相关 充电站,云快充,4,其他
驴充充汽车公共充电站,汽车相关,充电站,109.414923,34.428327,陕西省,西安市,109.414923,34.428327,驴充充汽车公共充电站,西安市,汽车相关 充电站,其他,5,其他
驴充充汽车公共充电站,汽车相关,充电站,109.392437,34.558222,陕西省,西安市,109.392437,34.558222,驴充充汽车公共充电站,西安市,汽车相关 充电站,其他,5,其他
驴充充汽车公共充电站,汽车相关,充电站,109.439313,34.562251,陕西省,西安市,109.439313,34.562251,驴充充汽车公共充电站,西安市,汽车相关 充电站,其他,5,其他
汽车公共充电站,汽车相关,充电站,109.297166,34.549421,陕西省,西安市,109.297166,34.549421,汽车公共充电站,西安市,汽车相关 充电站,其他,5,其他
慢充汽车公共充电站,汽车相关,充电站,109.33226,34.592822000000005,陕西省,西安市,109.33226,34.592822000000005,慢充汽车公共充电站,西安市,汽车相关 充电站,其他,6,其他
特来电汽车公共充电站,汽车相关,充电站,108.320378,34.079979,陕西省,西安市,108.320378,34.079979,特来电汽车公共充电站,西安市,汽车相关 充电站,特来电,6,其他
特来电汽车公共充电站,汽车相关,充电站,108.304067,34.085853,陕西省,西安市,108.304067,34.085853,特来电汽车公共充电站,西安市,汽车相关 充电站,特来电,8,其他
云快充汽车公共充电站,汽车相关,充电站,108.282834,34.092593,陕西省,西安市,108.282834,34.092593,云快充汽车公共充电站,西安市,汽车相关 充电站,云快充,3,其他
云快充汽车公共充电站,汽车相关,充电站,108.352054,34.087172,陕西省,西安市,108.352054,34.087172,云快充汽车公共充电站,西安市,汽车相关 充电站,云快充,2,其他
国家电网汽车公共充电站,汽车相关,充电站,108.195673,34.071385,陕西省,西安市,108.195673,34.071385,国家电网汽车公共充电站,西安市,汽车相关 充电站,国家电网,5,其他
汽车公共充电站,汽车相关,充电站,108.061075,34.184563,陕西省,西安市,108.061075,34.184563,汽车公共充电站,西安市,汽车相关 充电站,其他,8,其他
特来电汽车公共充电站,汽车相关,充电站,108.074586,34.216438000000004,陕西省,西安市,108.074586,34.216438000000004,特来电汽车公共充电站,西安市,汽车相关 充电站,特来电,3,其他
牛人充电汽车公共充电站,汽车相关,充电站,108.067918,34.216834,陕西省,西安市,108.067918,34.216834,牛人充电汽车公共充电站,西安市,汽车相关 充电站,其他,2,其他
特来电公共充电站,汽车相关,充电站,108.074571,34.216134,陕西省,西安市,108.074571,34.216134,特来电公共充电站,西安市,汽车相关 充电站,特来电,7,其他
特来电汽车公共充电站,汽车相关,充电站,108.221089,34.168024,陕西省,西安市,108.221089,34.168024,特来电汽车公共充电站,西安市,汽车相关 充电站,特来电,4,其他
小桔充电汽车公共充电站,汽车相关,充电站,108.69107,34.024853,陕西省,西安市,108.69107,34.024853,小桔充电汽车公共充电站,西安市,汽车相关 充电站,其他,6,其他
星星充电汽车公共充电站,汽车相关,充电站,108.676562,34.086613,陕西省,西安市,108.676562,34.086613,星星充电汽车公共充电站,西安市,汽车相关 充电站,星星充电,7,其他
云快充汽车公共充电站,汽车相关,充电站,108.715355,34.105495000000005,陕西省,西安市,108.715355,34.105495000000005,云快充汽车公共充电站,西安市,汽车相关 充电站,云快充,2,其他
星星充电汽车公共充电站,汽车相关,充电站,108.695415,34.076702999999995,陕西省,西安市,108.695415,34.076702999999995,星星充电汽车公共充电站,西安市,汽车相关 充电站,星星充电,7,其他
星星充电汽车公共充电站,汽车相关,充电站,108.694295,34.079687,陕西省,西安市,108.694295,34.079687,星星充电汽车公共充电站,西安市,汽车相关 充电站,星星充电,4,其他
星星充电汽车公共充电站,汽车相关,充电站,108.704122,34.126138,陕西省,西安市,108.704122,34.126138,星星充电汽车公共充电站,西安市,汽车相关 充电站,星星充电,8,其他
星星充电汽车公共充电站,汽车相关,充电站,108.717069,34.108036,陕西省,西安市,108.717069,34.108036,星星充电汽车公共充电站,西安市,汽车相关 充电站,星星充电,2,其他
星星充电汽车公共充电站,汽车相关,充电站,108.727356,34.160374,陕西省,西安市,108.727356,34.160374,星星充电汽车公共充电站,西安市,汽车相关 充电站,星星充电,7,其他
星星充电汽车公共充电站,汽车相关,充电站,108.650294,34.141154,陕西省,西安市,108.650294,34.141154,星星充电汽车公共充电站,西安市,汽车相关 充电站,星星充电,6,其他
星星充电汽车公共充电站,汽车相关,充电站,108.556587,34.133852000000005,陕西省,西安市,108.556587,34.133852000000005,星星充电汽车公共充电站,西安市,汽车相关 充电站,星星充电,6,其他
蒋村公共充电站,汽车相关,充电站,108.470372,34.077651,陕西省,西安市,108.470372,34.077651,蒋村公共充电站,西安市,汽车相关 充电站,其他,3,其他
星星充电汽车公共充电站,汽车相关,充电站,108.538853,34.128281,陕西省,西安市,108.538853,34.128281,星星充电汽车公共充电站,西安市,汽车相关 充电站,星星充电,7,其他
云快充汽车公共充电站,汽车相关,充电站,108.489831,34.163989,陕西省,西安市,108.489831,34.163989,云快充汽车公共充电站,西安市,汽车相关 充电站,云快充,5,其他
星星充电汽车公共充电站,汽车相关,充电站,108.483954,34.148507,陕西省,西安市,108.483954,34.148507,星星充电汽车公共充电站,西安市,汽车相关 充电站,星星充电,7,其他
云快充汽车公共充电站,汽车相关,充电站,108.381692,34.07697,陕西省,西安市,108.381692,34.07697,云快充汽车公共充电站,西安市,汽车相关 充电站,云快充,8,其他
理想汽车充电站,汽车相关,充电站,108.996799,34.026337,陕西省,西安市,108.996799,34.026337,理想汽车充电站,西安市,汽车相关 充电站,理想,2,其他
理想汽车充电站,汽车相关,充电站,108.993903,34.027513,陕西省,西安市,108.993903,34.027513,理想汽车充电站,西安市,汽车相关 充电站,理想,2,其他
国家电网汽车充电站,汽车相关,充电站,108.994146,34.025763000000005,陕西省,西安市,108.994146,34.025763000000005,国家电网汽车充电站,西安市,汽车相关 充电站,国家电网,8,其他
国家电网汽车充电站,汽车相关,充电站,108.995757,34.028689,陕西省,西安市,108.995757,34.028689,国家电网汽车充电站,西安市,汽车相关 充电站,国家电网,7,其他
驴充充汽车公共充电站,汽车相关,充电站,109.016498,34.056519,陕西省,西安市,109.016498,34.056519,驴充充汽车公共充电站,西安市,汽车相关 充电站,其他,8,其他
驴充充汽车公共充电站,汽车相关,充电站,109.040808,34.064707,陕西省,西安市,109.040808,34.064707,驴充充汽车公共充电站,西安市,汽车相关 充电站,其他,4,其他
驴充充汽车公共充电站,汽车相关,充电站,109.042964,34.063069,陕西省,西安市,109.042964,34.063069,驴充充汽车公共充电站,西安市,汽车相关 充电站,其他,8,其他
小桔充电汽车公共充电站,汽车相关,充电站,109.082334,34.132147,陕西省,西安市,109.082334,34.132147,小桔充电汽车公共充电站,西安市,汽车相关 充电站,其他,6,其他
畅鑫科技汽车公共充电站,汽车相关,充电站,109.072769,34.114429,陕西省,西安市,109.072769,34.114429,畅鑫科技汽车公共充电站,西安市,汽车相关 充电站,其他,8,其他
特来电汽车公共充电站,汽车相关,充电站,109.05797,34.139698,陕西省,西安市,109.05797,34.139698,特来电汽车公共充电站,西安市,汽车相关 充电站,特来电,2,其他
云快充汽车公共充电站,汽车相关,充电站,109.057708,34.146699,陕西省,西安市,109.057708,34.146699,云快充汽车公共充电站,西安市,汽车相关 充电站,云快充,6,其他
特来电汽车公共充电站,汽车相关,充电站,109.022713,34.159518,陕西省,西安市,109.022713,34.159518,特来电汽车公共充电站,西安市,汽车相关 充电站,特来电,2,其他
直道充电汽车充电站,汽车相关,充电站,108.910749,34.066189,陕西省,西安市,108.910749,34.066189,直道充电汽车充电站,西安市,汽车相关 充电站,其他,3,其他
驴充充汽车公共充电站,汽车相关,充电站,108.926933,34.061764,陕西省,西安市,108.926933,34.061764,驴充充汽车公共充电站,西安市,汽车相关 充电站,其他,5,其他
小桔充电汽车公共充电站,汽车相关,充电站,108.930271,34.125907000000005,陕西省,西安市,108.930271,34.125907000000005,小桔充电汽车公共充电站,西安市,汽车相关 充电站,其他,2,其他
云快充汽车公共充电站,汽车相关,充电站,108.749941,34.055854,陕西省,西安市,108.749941,34.055854,云快充汽车公共充电站,西安市,汽车相关 充电站,云快充,6,其他
星星充电汽车公共充电站,汽车相关,充电站,108.819777,34.050695,陕西省,西安市,108.819777,34.050695,星星充电汽车公共充电站,西安市,汽车相关 充电站,星星充电,3,其他
特来电汽车公共充电站,汽车相关,充电站,108.812899,34.101440000000004,陕西省,西安市,108.812899,34.101440000000004,特来电汽车公共充电站,西安市,汽车相关 充电站,特来电,2,其他
特来电汽车公共充电站,汽车相关,充电站,108.813066,34.10055,陕西省,西安市,108.813066,34.10055,特来电汽车公共充电站,西安市,汽车相关 充电站,特来电,4,其他
特来电汽车公共充电站,汽车相关,充电站,108.772373,34.174302,陕西省,西安市,108.772373,34.174302,特来电汽车公共充电站,西安市,汽车相关 充电站,特来电,8,其他
莱比森汽车公共充电站,汽车相关,充电站,108.824972,34.358048,陕西省,西安市,108.824972,34.358048,莱比森汽车公共充电站,西安市,汽车相关 充电站,其他,5,其他
万马爱充汽车公共充电站,汽车相关,充电站,108.81341,34.321489,陕西省,西安市,108.81341,34.321489,万马爱充汽车公共充电站,西安市,汽车相关 充电站,其他,2,其他
云快充汽车充电站,汽车相关,充电站,109.024398,34.194807,陕西省,西安市,109.024398,34.194807,云快充汽车充电站,西安市,汽车相关 充电站,云快充,3,其他
汽车公共充电站,汽车相关,充电站,109.088509,34.225398,陕西省,西安市,109.088509,34.225398,汽车公共充电站,西安市,汽车相关 充电站,其他,4,其他
小桔充电汽车公共充电站,汽车相关,充电站,108.919635,34.384489,陕西省,西安市,108.919635,34.384489,小桔充电汽车公共充电站,西安市,汽车相关 充电站,其他,7,其他
渭塬充电站有限责任公司,汽车相关,其他,108.975974,34.440887999999994,陕西省,西安市,108.975974,34.440887999999994,渭塬充电站有限责任公司,西安市,汽车相关 其他,其他,3,其他
四所村公共充电站,汽车相关,充电站,109.035325,34.528277,陕西省,西安市,109.035325,34.528277,四所村公共充电站,西安市,汽车相关 充电站,其他,8,其他
坡任星星充电汽车公共充电站,汽车相关,充电站,109.00609,34.50691,陕西省,西安市,109.00609,34.50691,坡任星星充电汽车公共充电站,西安市,汽车相关 充电站,星星充电,3,其他
云快充汽车公共充电站,汽车相关,充电站,108.555772,34.172857,陕西省,西安市,108.555772,34.172857,云快充汽车公共充电站,西安市,汽车相关 充电站,云快充,4,其他
汽车公共充电站,汽车相关,充电站,108.580669,34.180595000000004,陕西省,西安市,108.580669,34.180595000000004,汽车公共充电站,西安市,汽车相关 充电站,其他,3,其他
特来电汽车公共充电站,汽车相关,充电站,108.588829,34.182039,陕西省,西安市,108.588829,34.182039,特来电汽车公共充电站,西安市,汽车相关 充电站,特来电,4,其他
星星充电汽车公共充电站,汽车相关,充电站,108.575358,34.184225,陕西省,西安市,108.575358,34.184225,星星充电汽车公共充电站,西安市,汽车相关 充电站,星星充电,2,其他
星星充电汽车公共充电站,汽车相关,充电站,108.59075,34.167105,陕西省,西安市,108.59075,34.167105,星星充电汽车公共充电站,西安市,汽车相关 充电站,星星充电,4,其他
特来电,汽车相关,充电站,108.588574,34.181982000000005,陕西省,西安市,108.588574,34.181982000000005,特来电,西安市,汽车相关 充电站,特来电,4,其他
云快充汽车公共充电站,汽车相关,充电站,108.632928,34.219984,陕西省,西安市,108.632928,34.219984,云快充汽车公共充电站,西安市,汽车相关 充电站,云快充,5,其他
云快充汽车公共充电站,汽车相关,充电站,108.62968,34.227014,陕西省,西安市,108.62968,34.227014,云快充汽车公共充电站,西安市,汽车相关 充电站,云快充,4,其他
国家电网汽车充电站,汽车相关,充电站,108.667429,34.174219,陕西省,西安市,108.667429,34.174219,国家电网汽车充电站,西安市,汽车相关 充电站,国家电网,4,其他
沣京服务站国家电网电动汽车充电站,汽车相关,充电站,108.663604,34.17546,陕西省,西安市,108.663604,34.17546,沣京服务站国家电网电动汽车充电站,西安市,汽车相关 充电站,国家电网,7,其他
星星充电汽车公共充电站,汽车相关,充电站,108.706677,34.257163000000006,陕西省,西安市,108.706677,34.257163000000006,星星充电汽车公共充电站,西安市,汽车相关 充电站,星星充电,2,其他
蓝田东服务站国家电网电动汽车充电站,汽车相关,充电站,109.401853,34.160371,陕西省,西安市,109.401853,34.160371,蓝田东服务站国家电网电动汽车充电站,西安市,汽车相关 充电站,国家电网,8,其他
汽车公共充电站,汽车相关,充电站,109.316064,34.132383999999995,陕西省,西安市,109.316064,34.132383999999995,汽车公共充电站,西安市,汽车相关 充电站,其他,5,其他
蓝田公共充电站,汽车相关,充电站,109.346947,34.156715000000005,陕西省,西安市,109.346947,34.156715000000005,蓝田公共充电站,西安市,汽车相关 充电站,其他,7,其他
驴充充汽车公共充电站,汽车相关,充电站,109.230024,34.13426,陕西省,西安市,109.230024,34.13426,驴充充汽车公共充电站,西安市,汽车相关 充电站,其他,6,其他
特来电汽车公共充电站,汽车相关,充电站,109.123255,34.122604,陕西省,西安市,109.123255,34.122604,特来电汽车公共充电站,西安市,汽车相关 充电站,特来电,2,其他
畅鑫科技汽车公共充电站,汽车相关,充电站,109.127475,34.138365,陕西省,西安市,109.127475,34.138365,畅鑫科技汽车公共充电站,西安市,汽车相关 充电站,其他,2,其他
五菱汽车交流公共充电站,汽车相关,充电站,109.128355,34.136866,陕西省,西安市,109.128355,34.136866,五菱汽车交流公共充电站,西安市,汽车相关 充电站,其他,6,其他
云快充汽车公共充电站,汽车相关,充电站,109.513088,34.185364,陕西省,西安市,109.513088,34.185364,云快充汽车公共充电站,西安市,汽车相关 充电站,云快充,8,其他
特来电汽车公共充电站,汽车相关,充电站,109.497832,34.194404,陕西省,西安市,109.497832,34.194404,特来电汽车公共充电站,西安市,汽车相关 充电站,特来电,4,其他
蔚来西安万科四季花城汽车公共充电站,汽车相关,充电站,109.170828,34.220904,陕西省,西安市,109.170828,34.220904,蔚来西安万科四季花城汽车公共充电站,西安市,汽车相关 充电站,蔚来,7,其他
特来电汽车公共充电站,汽车相关,充电站,109.092234,34.238752,陕西省,西安市,109.092234,34.238752,特来电汽车公共充电站,西安市,汽车相关 充电站,特来电,3,其他
佰欧特公共充电站,汽车相关,充电站,109.267132,34.411953000000004,陕西省,西安市,109.267132,34.411953000000004,佰欧特公共充电站,西安市,汽车相关 充电站,其他,5,其他
云快充汽车公共充电站,汽车相关,充电站,109.141172,34.390598999999995,陕西省,西安市,109.141172,34.390598999999995,云快充汽车公共充电站,西安市,汽车相关 充电站,云快充,3,其他
特来电汽车公共充电站,汽车相关,充电站,109.284925,34.190115000000006,陕西省,西安市,109.284925,34.190115000000006,特来电汽车公共充电站,西安市,汽车相关 充电站,特来电,6,其他
特来电汽车公共充电站,汽车相关,充电站,109.379781,34.370726,陕西省,西安市,109.379781,34.370726,特来电汽车公共充电站,西安市,汽车相关 充电站,特来电,2,其他
特来电汽车公共充电站,汽车相关,充电站,109.383761,34.405282,陕西省,西安市,109.383761,34.405282,特来电汽车公共充电站,西安市,汽车相关 充电站,特来电,8,其他
云快充汽车公共充电站,汽车相关,充电站,109.277067,34.377145,陕西省,西安市,109.277067,34.377145,云快充汽车公共充电站,西安市,汽车相关 充电站,云快充,2,其他
南樊村任我充公共充电站,汽车相关,充电站,109.385319,34.653168,陕西省,西安市,109.385319,34.653168,南樊村任我充公共充电站,西安市,汽车相关 充电站,其他,5,其他
云快充汽车公共充电站,汽车相关,充电站,109.283801,34.604505,陕西省,西安市,109.283801,34.604505,云快充汽车公共充电站,西安市,汽车相关 充电站,云快充,2,其他
屈家汽车公共充电站,汽车相关,充电站,109.271833,34.658555,陕西省,西安市,109.271833,34.658555,屈家汽车公共充电站,西安市,汽车相关 充电站,其他,2,其他
充电桩,汽车相关,充电站,109.126278,34.444657,陕西省,西安市,109.126278,34.444657,充电桩,西安市,汽车相关 充电站,其他,5,其他
万马爱充汽车公共充电站,汽车相关,充电站,109.202846,34.465223,陕西省,西安市,109.202846,34.465223,万马爱充汽车公共充电站,西安市,汽车相关 充电站,其他,7,其他
辰宇公共充电站,汽车相关,充电站,109.242382,34.494717,陕西省,西安市,109.242382,34.494717,辰宇公共充电站,西安市,汽车相关 充电站,其他,7,其他
汽车公共充电站,汽车相关,充电站,109.239728,34.52727599999999,陕西省,西安市,109.239728,34.52727599999999,汽车公共充电站,西安市,汽车相关 充电站,其他,5,其他
特来电汽车公共充电站,汽车相关,充电站,109.196969,34.57976,陕西省,西安市,109.196969,34.57976,特来电汽车公共充电站,西安市,汽车相关 充电站,特来电,8,其他
绿能慧充汽车公共充电站,汽车相关,充电站,109.198382,34.571887,陕西省,西安市,109.198382,34.571887,绿能慧充汽车公共充电站,西安市,汽车相关 充电站,其他,6,其他
驴充充汽车公共充电站,汽车相关,充电站,109.198244,34.572097,陕西省,西安市,109.198244,34.572097,驴充充汽车公共充电站,西安市,汽车相关 充电站,其他,2,其他
特来电汽车公共充电站,汽车相关,充电站,109.237293,34.53996,陕西省,西安市,109.237293,34.53996,特来电汽车公共充电站,西安市,汽车相关 充电站,特来电,8,其他
绿能慧充汽车公共充电站,汽车相关,充电站,109.23243,34.562294,陕西省,西安市,109.23243,34.562294,绿能慧充汽车公共充电站,西安市,汽车相关 充电站,其他,2,其他
汽车公共充电站,汽车相关,充电站,109.248708,34.554742,陕西省,西安市,109.248708,34.554742,汽车公共充电站,西安市,汽车相关 充电站,其他,6,其他
特来电汽车公共充电站,汽车相关,充电站,109.22665,34.597357,陕西省,西安市,109.22665,34.597357,特来电汽车公共充电站,西安市,汽车相关 充电站,特来电,7,其他
蔚享天成汽车公共充电站,汽车相关,充电站,109.104561,34.568833,陕西省,西安市,109.104561,34.568833,蔚享天成汽车公共充电站,西安市,汽车相关 充电站,其他,8,其他
特来电汽车公共充电站,汽车相关,充电站,109.178468,34.651004,陕西省,西安市,109.178468,34.651004,特来电汽车公共充电站,西安市,汽车相关 充电站,特来电,4,其他
特来电汽车公共充电站,汽车相关,充电站,109.154856,34.638804,陕西省,西安市,109.154856,34.638804,特来电汽车公共充电站,西安市,汽车相关 充电站,特来电,4,其他
特来电人人乐公共充电站,汽车相关,充电站,109.191493,34.666738,陕西省,西安市,109.191493,34.666738,特来电人人乐公共充电站,西安市,汽车相关 充电站,特来电,4,其他
国家电网汽车公共充电站,汽车相关,充电站,109.274314,34.663629,陕西省,西安市,109.274314,34.663629,国家电网汽车公共充电站,西安市,汽车相关 充电站,国家电网,7,其他
星星充电汽车公共充电站,汽车相关,充电站,109.273788,34.662336,陕西省,西安市,109.273788,34.662336,星星充电汽车公共充电站,西安市,汽车相关 充电站,星星充电,7,其他
汽车公共充电站,汽车相关,充电站,109.383836,34.686552,陕西省,西安市,109.383836,34.686552,汽车公共充电站,西安市,汽车相关 充电站,其他,6,其他
特来电公共充电站,汽车相关,充电站,108.659499,34.109055999999995,陕西省,西安市,108.659499,34.109055999999995,特来电公共充电站,西安市,汽车相关 充电站,特来电,2,其他
星星充电汽车公共充电站,汽车相关,充电站,108.638663,34.052451999999995,陕西省,西安市,108.638663,34.052451999999995,星星充电汽车公共充电站,西安市,汽车相关 充电站,星星充电,6,其他
云快充汽车公共充电站,汽车相关,充电站,108.630095,34.073023,陕西省,西安市,108.630095,34.073023,云快充汽车公共充电站,西安市,汽车相关 充电站,云快充,6,其他
星星充电汽车公共充电站,汽车相关,充电站,108.59986,34.078203,陕西省,西安市,108.59986,34.078203,星星充电汽车公共充电站,西安市,汽车相关 充电站,星星充电,7,其他
星星充电汽车公共充电站,汽车相关,充电站,108.601196,34.089695,陕西省,西安市,108.601196,34.089695,星星充电汽车公共充电站,西安市,汽车相关 充电站,星星充电,4,其他
小桔充电汽车公共充电站,汽车相关,充电站,108.604382,34.124577,陕西省,西安市,108.604382,34.124577,小桔充电汽车公共充电站,西安市,汽车相关 充电站,其他,3,其他
星星充电汽车公共充电站,汽车相关,充电站,108.604207,34.124447999999994,陕西省,西安市,108.604207,34.124447999999994,星星充电汽车公共充电站,西安市,汽车相关 充电站,星星充电,2,其他
理想汽车公共充电站,汽车相关,充电站,108.605364,34.124654,陕西省,西安市,108.605364,34.124654,理想汽车公共充电站,西安市,汽车相关 充电站,理想,7,其他
驴充充汽车公共充电站,汽车相关,充电站,108.965117,34.025079000000005,陕西省,西安市,108.965117,34.025079000000005,驴充充汽车公共充电站,西安市,汽车相关 充电站,其他,4,其他
特来电汽车公共充电站,汽车相关,充电站,108.971505,34.018551,陕西省,西安市,108.971505,34.018551,特来电汽车公共充电站,西安市,汽车相关 充电站,特来电,8,其他
雪玲超市汽车公共充电站,汽车相关,充电站,108.956797,34.041766,陕西省,西安市,108.956797,34.041766,雪玲超市汽车公共充电站,西安市,汽车相关 充电站,其他,3,其他
特来电公共充电站,汽车相关,充电站,109.015433,34.033688,陕西省,西安市,109.015433,34.033688,特来电公共充电站,西安市,汽车相关 充电站,特来电,3,其他
特来电汽车公共充电站,汽车相关,充电站,109.014717,34.033591,陕西省,西安市,109.014717,34.033591,特来电汽车公共充电站,西安市,汽车相关 充电站,特来电,7,其他
小桔充电汽车公共充电站,汽车相关,充电站,108.989159,34.138141999999995,陕西省,西安市,108.989159,34.138141999999995,小桔充电汽车公共充电站,西安市,汽车相关 充电站,其他,5,其他
特来电汽车充电站,汽车相关,充电站,108.991462,34.15086,陕西省,西安市,108.991462,34.15086,特来电汽车充电站,西安市,汽车相关 充电站,特来电,2,其他
特来电汽车公共充电站,汽车相关,充电站,108.943992,34.135283,陕西省,西安市,108.943992,34.135283,特来电汽车公共充电站,西安市,汽车相关 充电站,特来电,3,其他
国家电网汽车公共充电站,汽车相关,充电站,108.945629,34.127686000000004,陕西省,西安市,108.945629,34.127686000000004,国家电网汽车公共充电站,西安市,汽车相关 充电站,国家电网,7,其他
特来电汽车公共充电站,汽车相关,充电站,108.768713,34.026501,陕西省,西安市,108.768713,34.026501,特来电汽车公共充电站,西安市,汽车相关 充电站,特来电,7,其他
云快充汽车公共充电站,汽车相关,充电站,108.763803,34.017153,陕西省,西安市,108.763803,34.017153,云快充汽车公共充电站,西安市,汽车相关 充电站,云快充,4,其他
小桔充电汽车公共充电站,汽车相关,充电站,108.821907,34.058572,陕西省,西安市,108.821907,34.058572,小桔充电汽车公共充电站,西安市,汽车相关 充电站,其他,8,其他
直道充电汽车充电站,汽车相关,充电站,108.908776,34.063936,陕西省,西安市,108.908776,34.063936,直道充电汽车充电站,西安市,汽车相关 充电站,其他,5,其他
汽车公共充电站,汽车相关,充电站,108.896434,34.07147,陕西省,西安市,108.896434,34.07147,汽车公共充电站,西安市,汽车相关 充电站,其他,2,其他
汽车公共充电站,汽车相关,充电站,108.897352,34.08961,陕西省,西安市,108.897352,34.08961,汽车公共充电站,西安市,汽车相关 充电站,其他,6,其他
兖充电汽车公共充电站,汽车相关,充电站,108.833057,34.106967,陕西省,西安市,108.833057,34.106967,兖充电汽车公共充电站,西安市,汽车相关 充电站,其他,8,其他
特来电汽车公共充电站,汽车相关,充电站,108.836114,34.11821,陕西省,西安市,108.836114,34.11821,特来电汽车公共充电站,西安市,汽车相关 充电站,特来电,8,其他
特来电汽车公共充电站,汽车相关,充电站,108.827721,34.130886,陕西省,西安市,108.827721,34.130886,特来电汽车公共充电站,西安市,汽车相关 充电站,特来电,4,其他
小桔充电汽车公共充电站,汽车相关,充电站,108.859993,34.144954,陕西省,西安市,108.859993,34.144954,小桔充电汽车公共充电站,西安市,汽车相关 充电站,其他,3,其他
蔚来能源超级公共充电站,汽车相关,充电站,108.860034,34.14518,陕西省,西安市,108.860034,34.14518,蔚来能源超级公共充电站,西安市,汽车相关 充电站,蔚来,3,其他
云快充汽车公共充电站,汽车相关,充电站,108.797442,34.072826,陕西省,西安市,108.797442,34.072826,云快充汽车公共充电站,西安市,汽车相关 充电站,云快充,4,其他
汽车公共充电站,汽车相关,充电站,108.773306,34.213211,陕西省,西安市,108.773306,34.213211,汽车公共充电站,西安市,汽车相关 充电站,其他,7,其他
星星充电汽车公共充电站,汽车相关,充电站,108.780362,34.240046,陕西省,西安市,108.780362,34.240046,星星充电汽车公共充电站,西安市,汽车相关 充电站,星星充电,3,其他
特来电汽车公共充电站,汽车相关,充电站,108.78074,34.257058,陕西省,西安市,108.78074,34.257058,特来电汽车公共充电站,西安市,汽车相关 充电站,特来电,5,其他
星星充电汽车公共充电站,汽车相关,充电站,108.80129,34.254304000000005,陕西省,西安市,108.80129,34.254304000000005,星星充电汽车公共充电站,西安市,汽车相关 充电站,星星充电,2,其他
小桔充电汽车公共充电站,汽车相关,充电站,108.813322,34.260096000000004,陕西省,西安市,108.813322,34.260096000000004,小桔充电汽车公共充电站,西安市,汽车相关 充电站,其他,8,其他
蔚来能源汽车充电站,汽车相关,充电站,108.827388,34.185847,陕西省,西安市,108.827388,34.185847,蔚来能源汽车充电站,西安市,汽车相关 充电站,蔚来,8,其他
万马爱充汽车公共充电站,汽车相关,充电站,108.827443,34.184956,陕西省,西安市,108.827443,34.184956,万马爱充汽车公共充电站,西安市,汽车相关 充电站,其他,5,其他
亘享充汽车公共充电站,汽车相关,充电站,108.833874,34.213873,陕西省,西安市,108.833874,34.213873,亘享充汽车公共充电站,西安市,汽车相关 充电站,其他,3,其他
特来电充电站,汽车相关,充电站,108.899677,34.171761,陕西省,西安市,108.899677,34.171761,特来电充电站,西安市,汽车相关 充电站,特来电,8,其他
中上新能源,汽车相关,充电站,108.859881,34.320758,陕西省,西安市,108.859881,34.320758,中上新能源,西安市,汽车相关 充电站,其他,6,其他
国网京昆高速汉城服务站充电站,汽车相关,充电站,108.863773,34.349553,陕西省,西安市,108.863773,34.349553,国网京昆高速汉城服务站充电站,西安市,汽车相关 充电站,国家电网,2,其他
云快充汽车公共充电站,汽车相关,充电站,108.88632,34.307404,陕西省,西安市,108.88632,34.307404,云快充汽车公共充电站,西安市,汽车相关 充电站,云快充,2,其他
小桔充电汽车公共充电站,汽车相关,充电站,108.899031,34.326053,陕西省,西安市,108.899031,34.326053,小桔充电汽车公共充电站,西安市,汽车相关 充电站,其他,8,其他
超翔汽车公共充电站,汽车相关,充电站,108.897948,34.342765,陕西省,西安市,108.897948,34.342765,超翔汽车公共充电站,西安市,汽车相关 充电站,其他,4,其他
云快充汽车公共充电站,汽车相关,充电站,108.86914,34.322802,陕西省,西安市,108.86914,34.322802,云快充汽车公共充电站,西安市,汽车相关 充电站,云快充,8,其他
特来电汽车公共充电站,汽车相关,充电站,108.873028,34.363549,陕西省,西安市,108.873028,34.363549,特来电汽车公共充电站,西安市,汽车相关 充电站,特来电,4,其他
星星充电汽车公共充电站,汽车相关,充电站,108.874559,34.370032,陕西省,西安市,108.874559,34.370032,星星充电汽车公共充电站,西安市,汽车相关 充电站,星星充电,8,其他
润诚达汽车公共充电站,汽车相关,充电站,108.874645,34.370087,陕西省,西安市,108.874645,34.370087,润诚达汽车公共充电站,西安市,汽车相关 充电站,其他,6,其他
云快充汽车公共充电站,汽车相关,充电站,108.87503,34.379829,陕西省,西安市,108.87503,34.379829,云快充汽车公共充电站,西安市,汽车相关 充电站,云快充,7,其他
云快充汽车公共充电站,汽车相关,充电站,108.888907,34.365634,陕西省,西安市,108.888907,34.365634,云快充汽车公共充电站,西安市,汽车相关 充电站,云快充,2,其他
小桔充电汽车公共充电站,汽车相关,充电站,108.794435,34.307265,陕西省,西安市,108.794435,34.307265,小桔充电汽车公共充电站,西安市,汽车相关 充电站,其他,8,其他
小桔充电汽车公共充电站,汽车相关,充电站,108.807127,34.319969,陕西省,西安市,108.807127,34.319969,小桔充电汽车公共充电站,西安市,汽车相关 充电站,其他,6,其他
小桔充电汽车公共充电站,汽车相关,充电站,109.000182,34.168538,陕西省,西安市,109.000182,34.168538,小桔充电汽车公共充电站,西安市,汽车相关 充电站,其他,4,其他
小桔充电汽车公共充电站,汽车相关,充电站,109.01245,34.186361999999995,陕西省,西安市,109.01245,34.186361999999995,小桔充电汽车公共充电站,西安市,汽车相关 充电站,其他,4,其他
特来电汽车公共充电站,汽车相关,充电站,109.042932,34.223696,陕西省,西安市,109.042932,34.223696,特来电汽车公共充电站,西安市,汽车相关 充电站,特来电,2,其他
特来电公共充电站,汽车相关,充电站,109.051776,34.212913,陕西省,西安市,109.051776,34.212913,特来电公共充电站,西安市,汽车相关 充电站,特来电,5,其他
汽车公共充电站,汽车相关,充电站,109.051267,34.212024,陕西省,西安市,109.051267,34.212024,汽车公共充电站,西安市,汽车相关 充电站,其他,8,其他
广汽能源汽车公共充电站,汽车相关,充电站,109.055778,34.242243,陕西省,西安市,109.055778,34.242243,广汽能源汽车公共充电站,西安市,汽车相关 充电站,其他,3,其他
小桔充电汽车公共充电站,汽车相关,充电站,109.083885,34.282838000000005,陕西省,西安市,109.083885,34.282838000000005,小桔充电汽车公共充电站,西安市,汽车相关 充电站,其他,4,其他
乐电东等汽车公共充电站,汽车相关,充电站,109.025872,34.23305,陕西省,西安市,109.025872,34.23305,乐电东等汽车公共充电站,西安市,汽车相关 充电站,其他,7,其他
星星充电汽车公共充电站,汽车相关,充电站,109.050485,34.306275,陕西省,西安市,109.050485,34.306275,星星充电汽车公共充电站,西安市,汽车相关 充电站,星星充电,7,其他
特来电汽车公共充电站,汽车相关,充电站,109.080886,34.298024000000005,陕西省,西安市,109.080886,34.298024000000005,特来电汽车公共充电站,西安市,汽车相关 充电站,特来电,4,其他
小桔快充公共充电站,汽车相关,充电站,109.081141,34.298026,陕西省,西安市,109.081141,34.298026,小桔快充公共充电站,西安市,汽车相关 充电站,其他,5,其他
特来电汽车公共充电站,汽车相关,充电站,109.080941,34.308618,陕西省,西安市,109.080941,34.308618,特来电汽车公共充电站,西安市,汽车相关 充电站,特来电,5,其他
特来电汽车公共充电站,汽车相关,充电站,109.079981,34.30931,陕西省,西安市,109.079981,34.30931,特来电汽车公共充电站,西安市,汽车相关 充电站,特来电,6,其他
延长壳牌汽车公共充电站,汽车相关,充电站,109.051993,34.329637,陕西省,西安市,109.051993,34.329637,延长壳牌汽车公共充电站,西安市,汽车相关 充电站,其他,7,其他
小桔充电汽车公共充电站,汽车相关,充电站,109.058748,34.334682,陕西省,西安市,109.058748,34.334682,小桔充电汽车公共充电站,西安市,汽车相关 充电站,其他,6,其他
云快充汽车公共充电站,汽车相关,充电站,109.065728,34.364020000000004,陕西省,西安市,109.065728,34.364020000000004,云快充汽车公共充电站,西安市,汽车相关 充电站,云快充,7,其他
快电汽车公共充电站,汽车相关,充电站,109.064644,34.381667,陕西省,西安市,109.064644,34.381667,快电汽车公共充电站,西安市,汽车相关 充电站,其他,8,其他
热雪奇迹汽车公共充电站,汽车相关,充电站,109.066651,34.370797,陕西省,西安市,109.066651,34.370797,热雪奇迹汽车公共充电站,西安市,汽车相关 充电站,其他,8,其他
云快充汽车公共充电站,汽车相关,充电站,109.081211,34.359449,陕西省,西安市,109.081211,34.359449,云快充汽车公共充电站,西安市,汽车相关 充电站,云快充,3,其他
云快充汽车公共充电站,汽车相关,充电站,109.08289,34.360658,陕西省,西安市,109.08289,34.360658,云快充汽车公共充电站,西安市,汽车相关 充电站,云快充,8,其他
星星充电汽车公共充电站,汽车相关,充电站,109.087248,34.381894,陕西省,西安市,109.087248,34.381894,星星充电汽车公共充电站,西安市,汽车相关 充电站,星星充电,3,其他
星星充电汽车公共充电站,汽车相关,充电站,109.086256,34.381514,陕西省,西安市,109.086256,34.381514,星星充电汽车公共充电站,西安市,汽车相关 充电站,星星充电,8,其他
小桔充电汽车公共充电站,汽车相关,充电站,109.045998,34.396354,陕西省,西安市,109.045998,34.396354,小桔充电汽车公共充电站,西安市,汽车相关 充电站,其他,2,其他
驴充充汽车公共充电站,汽车相关,充电站,109.064963,34.397532000000005,陕西省,西安市,109.064963,34.397532000000005,驴充充汽车公共充电站,西安市,汽车相关 充电站,其他,8,其他
小桔充电汽车公共充电站,汽车相关,充电站,109.059771,34.403654,陕西省,西安市,109.059771,34.403654,小桔充电汽车公共充电站,西安市,汽车相关 充电站,其他,6,其他
小桔充电汽车公共充电站,汽车相关,充电站,109.058527,34.403304,陕西省,西安市,109.058527,34.403304,小桔充电汽车公共充电站,西安市,汽车相关 充电站,其他,4,其他
理想汽车公共充电站,汽车相关,充电站,109.02106,34.375739,陕西省,西安市,109.02106,34.375739,理想汽车公共充电站,西安市,汽车相关 充电站,理想,6,其他
平江公共充电站,汽车相关,充电站,109.005646,34.375023,陕西省,西安市,109.005646,34.375023,平江公共充电站,西安市,汽车相关 充电站,其他,4,其他
西安奥体中心游泳馆公共充电站,汽车相关,充电站,109.027125,34.378214,陕西省,西安市,109.027125,34.378214,西安奥体中心游泳馆公共充电站,西安市,汽车相关 充电站,其他,5,其他
小桔充电汽车公共充电站,汽车相关,充电站,108.912828,34.313176000000006,陕西省,西安市,108.912828,34.313176000000006,小桔充电汽车公共充电站,西安市,汽车相关 充电站,其他,6,其他
小桔充电汽车公共充电站,汽车相关,充电站,108.964505,34.303431,陕西省,西安市,108.964505,34.303431,小桔充电汽车公共充电站,西安市,汽车相关 充电站,其他,5,其他
特来电汽车公共充电站,汽车相关,充电站,108.966951,34.387974,陕西省,西安市,108.966951,34.387974,特来电汽车公共充电站,西安市,汽车相关 充电站,特来电,3,其他
小桔充电汽车充电站,汽车相关,充电站,108.987464,34.442587,陕西省,西安市,108.987464,34.442587,小桔充电汽车充电站,西安市,汽车相关 充电站,其他,3,其他
小桔充电汽车公共充电站,汽车相关,充电站,108.98335,34.440312,陕西省,西安市,108.98335,34.440312,小桔充电汽车公共充电站,西安市,汽车相关 充电站,其他,2,其他
特来电汽车公共充电站,汽车相关,充电站,108.985047,34.462871,陕西省,西安市,108.985047,34.462871,特来电汽车公共充电站,西安市,汽车相关 充电站,特来电,8,其他
广州蔚星汽车公共充电站,汽车相关,充电站,108.995017,34.494107,陕西省,西安市,108.995017,34.494107,广州蔚星汽车公共充电站,西安市,汽车相关 充电站,其他,6,其他
小桔充电汽车公共充电站,汽车相关,充电站,109.005561,34.442856,陕西省,西安市,109.005561,34.442856,小桔充电汽车公共充电站,西安市,汽车相关 充电站,其他,5,其他
万马爱充汽车公共充电站,汽车相关,充电站,109.037205,34.464431,陕西省,西安市,109.037205,34.464431,万马爱充汽车公共充电站,西安市,汽车相关 充电站,其他,4,其他
特来电汽车公共充电站,汽车相关,充电站,109.011987,34.447066,陕西省,西安市,109.011987,34.447066,特来电汽车公共充电站,西安市,汽车相关 充电站,特来电,3,其他
特来电汽车公共充电站,汽车相关,充电站,109.015286,34.476249,陕西省,西安市,109.015286,34.476249,特来电汽车公共充电站,西安市,汽车相关 充电站,特来电,8,其他
汽车公共充电站,汽车相关,充电站,109.031234,34.487444999999994,陕西省,西安市,109.031234,34.487444999999994,汽车公共充电站,西安市,汽车相关 充电站,其他,3,其他
开鑫充电汽车公共充电站,汽车相关,充电站,109.03855,34.476669,陕西省,西安市,109.03855,34.476669,开鑫充电汽车公共充电站,西安市,汽车相关 充电站,其他,4,其他
国桩智充汽车公共充电站,汽车相关,充电站,109.336532,34.143038000000004,陕西省,西安市,109.336532,34.143038000000004,国桩智充汽车公共充电站,西安市,汽车相关 充电站,其他,8,其他
云快充汽车公共充电站,汽车相关,充电站,109.215467,34.029071,陕西省,西安市,109.215467,34.029071,云快充汽车公共充电站,西安市,汽车相关 充电站,云快充,8,其他
高寨汽车公共充电站,汽车相关,充电站,109.105358,34.096121,陕西省,西安市,109.105358,34.096121,高寨汽车公共充电站,西安市,汽车相关 充电站,其他,5,其他
灞桥服务站电动汽车充电站,汽车相关,充电站,109.118634,34.264783,陕西省,西安市,109.118634,34.264783,灞桥服务站电动汽车充电站,西安市,汽车相关 充电站,其他,5,其他
汽车公共充电站,汽车相关,充电站,109.132041,34.264293,陕西省,西安市,109.132041,34.264293,汽车公共充电站,西安市,汽车相关 充电站,其他,6,其他
快电汽车公共充电站,汽车相关,充电站,109.117086,34.27589,陕西省,西安市,109.117086,34.27589,快电汽车公共充电站,西安市,汽车相关 充电站,其他,6,其他
特来电汽车公共充电站,汽车相关,充电站,109.236641,34.366782,陕西省,西安市,109.236641,34.366782,特来电汽车公共充电站,西安市,汽车相关 充电站,特来电,7,其他
特来电汽车公共充电站,汽车相关,充电站,109.239539,34.39991,陕西省,西安市,109.239539,34.39991,特来电汽车公共充电站,西安市,汽车相关 充电站,特来电,7,其他
佰欧特公共充电站,汽车相关,充电站,109.107469,34.324599,陕西省,西安市,109.107469,34.324599,佰欧特公共充电站,西安市,汽车相关 充电站,其他,2,其他
万马爱充汽车公共充电站,汽车相关,充电站,109.100443,34.343123,陕西省,西安市,109.100443,34.343123,万马爱充汽车公共充电站,西安市,汽车相关 充电站,其他,3,其他
特来电汽车充电站,汽车相关,充电站,109.101329,34.357495,陕西省,西安市,109.101329,34.357495,特来电汽车充电站,西安市,汽车相关 充电站,特来电,6,其他
特来电汽车充电站,汽车相关,充电站,109.101322,34.357567,陕西省,西安市,109.101322,34.357567,特来电汽车充电站,西安市,汽车相关 充电站,特来电,5,其他
达克云汽车公共充电站,汽车相关,充电站,109.101696,34.373548,陕西省,西安市,109.101696,34.373548,达克云汽车公共充电站,西安市,汽车相关 充电站,其他,4,其他
特来电汽车公共充电站,汽车相关,充电站,109.129657,34.391104000000006,陕西省,西安市,109.129657,34.391104000000006,特来电汽车公共充电站,西安市,汽车相关 充电站,特来电,5,其他
特来电汽车公共充电站,汽车相关,充电站,109.105257,34.413086,陕西省,西安市,109.105257,34.413086,特来电汽车公共充电站,西安市,汽车相关 充电站,特来电,3,其他
西部新材料交易中心公共充电站,汽车相关,充电站,109.102378,34.398416000000005,陕西省,西安市,109.102378,34.398416000000005,西部新材料交易中心公共充电站,西安市,汽车相关 充电站,其他,7,其他
特来电汽车公共充电站,汽车相关,充电站,109.279236,34.388878,陕西省,西安市,109.279236,34.388878,特来电汽车公共充电站,西安市,汽车相关 充电站,特来电,5,其他
汽车公共充电站,汽车相关,充电站,109.273125,34.388020999999995,陕西省,西安市,109.273125,34.388020999999995,汽车公共充电站,西安市,汽车相关 充电站,其他,2,其他
延长壳牌汽车公共充电站,汽车相关,充电站,109.10264,34.44173,陕西省,西安市,109.10264,34.44173,延长壳牌汽车公共充电站,西安市,汽车相关 充电站,其他,3,其他
驴充充汽车公共充电站,汽车相关,充电站,109.102136,34.439781,陕西省,西安市,109.102136,34.439781,驴充充汽车公共充电站,西安市,汽车相关 充电站,其他,7,其他
星星充电汽车公共充电站,汽车相关,充电站,109.25303,34.419754,陕西省,西安市,109.25303,34.419754,星星充电汽车公共充电站,西安市,汽车相关 充电站,星星充电,4,其他
驴充充汽车公共充电站,汽车相关,充电站,109.259446,34.419231,陕西省,西安市,109.259446,34.419231,驴充充汽车公共充电站,西安市,汽车相关 充电站,其他,7,其他
航源新能源汽车公共充电站,汽车相关,充电站,109.195524,34.635853000000004,陕西省,西安市,109.195524,34.635853000000004,航源新能源汽车公共充电站,西安市,汽车相关 充电站,其他,8,其他
星星充电汽车公共充电站,汽车相关,充电站,109.101301,34.538023,陕西省,西安市,109.101301,34.538023,星星充电汽车公共充电站,西安市,汽车相关 充电站,星星充电,2,其他
蔚来能源超级公共充电站,汽车相关,充电站,109.21338,34.672218,陕西省,西安市,109.21338,34.672218,蔚来能源超级公共充电站,西安市,汽车相关 充电站,蔚来,3,其他
云快充汽车公共充电站,汽车相关,充电站,109.205081,34.677897,陕西省,西安市,109.205081,34.677897,云快充汽车公共充电站,西安市,汽车相关 充电站,云快充,4,其他
星星充电汽车公共充电站,汽车相关,其他,109.239796,34.675971999999994,陕西省,西安市,109.239796,34.675971999999994,星星充电汽车公共充电站,西安市,汽车相关 其他,星星充电,2,其他
万马爱充汽车充电站,汽车相关,充电站,109.238367,34.68556,陕西省,西安市,109.238367,34.68556,万马爱充汽车充电站,西安市,汽车相关 充电站,其他,7,其他
阎良城投航通超级充电站,汽车相关,充电站,109.238486,34.685437,陕西省,西安市,109.238486,34.685437,阎良城投航通超级充电站,西安市,汽车相关 充电站,其他,2,其他
快电汽车公共充电站,汽车相关,充电站,109.264461,34.661416,陕西省,西安市,109.264461,34.661416,快电汽车公共充电站,西安市,汽车相关 充电站,其他,3,其他
特来电汽车公共充电站,汽车相关,充电站,109.261548,34.668593,陕西省,西安市,109.261548,34.668593,特来电汽车公共充电站,西安市,汽车相关 充电站,特来电,6,其他
小马充电桩,汽车相关,充电站,108.365217,34.14594,陕西省,西安市,108.365217,34.14594,小马充电桩,西安市,汽车相关 充电站,其他,2,其他
特来电汽车公共充电站,汽车相关,充电站,108.229125,34.157257,陕西省,西安市,108.229125,34.157257,特来电汽车公共充电站,西安市,汽车相关 充电站,特来电,8,其他
星星充电汽车公共充电站,汽车相关,充电站,108.229106,34.157169,陕西省,西安市,108.229106,34.157169,星星充电汽车公共充电站,西安市,汽车相关 充电站,星星充电,2,其他
特来电汽车公共充电站,汽车相关,充电站,108.232884,34.165682999999994,陕西省,西安市,108.232884,34.165682999999994,特来电汽车公共充电站,西安市,汽车相关 充电站,特来电,7,其他
快电汽车公共充电站,汽车相关,充电站,108.233497,34.165682000000004,陕西省,西安市,108.233497,34.165682000000004,快电汽车公共充电站,西安市,汽车相关 充电站,其他,7,其他
国家电网汽车公共充电站,汽车相关,充电站,108.090016,34.177799,陕西省,西安市,108.090016,34.177799,国家电网汽车公共充电站,西安市,汽车相关 充电站,国家电网,4,其他
特来电汽车公共充电站,汽车相关,充电站,108.598169,34.108788,陕西省,西安市,108.598169,34.108788,特来电汽车公共充电站,西安市,汽车相关 充电站,特来电,7,其他
便民充电服务运营中心,汽车相关,充电站,108.598253,34.108346999999995,陕西省,西安市,108.598253,34.108346999999995,便民充电服务运营中心,西安市,汽车相关 充电站,其他,5,其他
星星充电汽车充电站,汽车相关,充电站,108.601449,34.115718,陕西省,西安市,108.601449,34.115718,星星充电汽车充电站,西安市,汽车相关 充电站,星星充电,3,其他
特来电汽车公共充电站,汽车相关,充电站,108.612689,34.115827,陕西省,西安市,108.612689,34.115827,特来电汽车公共充电站,西安市,汽车相关 充电站,特来电,3,其他
便民充电服务运营中心,汽车相关,充电站,108.624902,34.113812,陕西省,西安市,108.624902,34.113812,便民充电服务运营中心,西安市,汽车相关 充电站,其他,6,其他
特来电汽车公共充电站,汽车相关,充电站,108.637997,34.107534,陕西省,西安市,108.637997,34.107534,特来电汽车公共充电站,西安市,汽车相关 充电站,特来电,6,其他
快电汽车充电站,汽车相关,充电站,108.971606,34.153932999999995,陕西省,西安市,108.971606,34.153932999999995,快电汽车充电站,西安市,汽车相关 充电站,其他,3,其他
快电汽车公共充电站,汽车相关,充电站,108.973691,34.153104,陕西省,西安市,108.973691,34.153104,快电汽车公共充电站,西安市,汽车相关 充电站,其他,8,其他
小桔充电汽车公共充电站,汽车相关,充电站,108.957314,34.15392799999999,陕西省,西安市,108.957314,34.15392799999999,小桔充电汽车公共充电站,西安市,汽车相关 充电站,其他,6,其他
驴充充汽车公共充电站,汽车相关,充电站,108.932609,34.12117,陕西省,西安市,108.932609,34.12117,驴充充汽车公共充电站,西安市,汽车相关 充电站,其他,4,其他
星星充电汽车公共充电站,汽车相关,充电站,108.949571,34.148161,陕西省,西安市,108.949571,34.148161,星星充电汽车公共充电站,西安市,汽车相关 充电站,星星充电,7,其他
星星充电汽车公共充电站,汽车相关,充电站,108.949703,34.144773,陕西省,西安市,108.949703,34.144773,星星充电汽车公共充电站,西安市,汽车相关 充电站,星星充电,3,其他
快电汽车公共充电站,汽车相关,充电站,108.950588,34.165363,陕西省,西安市,108.950588,34.165363,快电汽车公共充电站,西安市,汽车相关 充电站,其他,6,其他
小鹏超级充电站,汽车相关,充电站,108.912775,34.159528,陕西省,西安市,108.912775,34.159528,小鹏超级充电站,西安市,汽车相关 充电站,小鹏,3,其他
特来电汽车充电站,汽车相关,充电站,108.766935,34.037987,陕西省,西安市,108.766935,34.037987,特来电汽车充电站,西安市,汽车相关 充电站,特来电,5,其他
星星充电汽车公共充电站,汽车相关,充电站,108.824114,34.068254,陕西省,西安市,108.824114,34.068254,星星充电汽车公共充电站,西安市,汽车相关 充电站,星星充电,2,其他
蔚享天成汽车公共充电站,汽车相关,充电站,108.869085,34.14162,陕西省,西安市,108.869085,34.14162,蔚享天成汽车公共充电站,西安市,汽车相关 充电站,其他,7,其他
小桔充电汽车公共充电站,汽车相关,充电站,108.887216,34.149642,陕西省,西安市,108.887216,34.149642,小桔充电汽车公共充电站,西安市,汽车相关 充电站,其他,3,其他
快电汽车公共充电站,汽车相关,充电站,108.870551,34.157827,陕西省,西安市,108.870551,34.157827,快电汽车公共充电站,西安市,汽车相关 充电站,其他,2,其他
九电充电站内部地面专用停车场,交通设施,停车场,108.875532,34.161987,陕西省,西安市,108.875532,34.161987,九电充电站内部地面专用停车场,西安市,交通设施 停车场,其他,6,交通
礼贤嘉苑新能源汽车公共充电站,汽车相关,充电站,108.855001,34.159243000000004,陕西省,西安市,108.855001,34.159243000000004,礼贤嘉苑新能源汽车公共充电站,西安市,汽车相关 充电站,其他,2,其他
开迈斯汽车公共充电站,汽车相关,充电站,108.855751,34.160566,陕西省,西安市,108.855751,34.160566,开迈斯汽车公共充电站,西安市,汽车相关 充电站,其他,7,其他
小桔充电汽车公共充电站,汽车相关,充电站,108.819003,34.285354,陕西省,西安市,108.819003,34.285354,小桔充电汽车公共充电站,西安市,汽车相关 充电站,其他,3,其他
快电汽车公共充电站,汽车相关,充电站,108.817085,34.286174,陕西省,西安市,108.817085,34.286174,快电汽车公共充电站,西安市,汽车相关 充电站,其他,5,其他
天台八路星星奥达公共充电站,汽车相关,充电站,108.810251,34.285423,陕西省,西安市,108.810251,34.285423,天台八路星星奥达公共充电站,西安市,汽车相关 充电站,其他,8,其他
云快充汽车公共充电站,汽车相关,充电站,108.825181,34.172334,陕西省,西安市,108.825181,34.172334,云快充汽车公共充电站,西安市,汽车相关 充电站,云快充,6,其他
小桔充电汽车公共充电站,汽车相关,充电站,108.829457,34.182208,陕西省,西安市,108.829457,34.182208,小桔充电汽车公共充电站,西安市,汽车相关 充电站,其他,3,其他
超翔汽车公共充电站,汽车相关,充电站,108.827361,34.177307000000006,陕西省,西安市,108.827361,34.177307000000006,超翔汽车公共充电站,西安市,汽车相关 充电站,其他,7,其他
快电汽车公共充电站,汽车相关,充电站,108.860644,34.18298,陕西省,西安市,108.860644,34.18298,快电汽车公共充电站,西安市,汽车相关 充电站,其他,6,其他
小桔充电汽车公共充电站,汽车相关,充电站,108.842195,34.198897,陕西省,西安市,108.842195,34.198897,小桔充电汽车公共充电站,西安市,汽车相关 充电站,其他,4,其他
小桔充电汽车公共充电站,汽车相关,充电站,108.883577,34.174145,陕西省,西安市,108.883577,34.174145,小桔充电汽车公共充电站,西安市,汽车相关 充电站,其他,2,其他
老虎快充,汽车相关,其他,108.908348,34.187439,陕西省,西安市,108.908348,34.187439,老虎快充,西安市,汽车相关 其他,其他,8,其他
广汽能源汽车公共充电站,汽车相关,充电站,108.902043,34.197425,陕西省,西安市,108.902043,34.197425,广汽能源汽车公共充电站,西安市,汽车相关 充电站,其他,7,其他
万马爱充汽车公共充电站,汽车相关,充电站,108.88813,34.187648,陕西省,西安市,108.88813,34.187648,万马爱充汽车公共充电站,西安市,汽车相关 充电站,其他,4,其他
华为永泰光储液冷超充公共充电站,汽车相关,充电站,108.889951,34.188305,陕西省,西安市,108.889951,34.188305,华为永泰光储液冷超充公共充电站,西安市,汽车相关 充电站,其他,3,其他
快电汽车公共充电站,汽车相关,充电站,108.889862,34.188395,陕西省,西安市,108.889862,34.188395,快电汽车公共充电站,西安市,汽车相关 充电站,其他,5,其他
小桔充电汽车公共充电站,汽车相关,充电站,108.890875,34.189342,陕西省,西安市,108.890875,34.189342,小桔充电汽车公共充电站,西安市,汽车相关 充电站,其他,6,其他
特来电汽车公共充电站,汽车相关,充电站,108.886305,34.2036,陕西省,西安市,108.886305,34.2036,特来电汽车公共充电站,西安市,汽车相关 充电站,特来电,2,其他
星星充电汽车公共充电站,汽车相关,充电站,108.88083,34.212921,陕西省,西安市,108.88083,34.212921,星星充电汽车公共充电站,西安市,汽车相关 充电站,星星充电,6,其他
汽车公共充电站,汽车相关,充电站,108.868834,34.237643,陕西省,西安市,108.868834,34.237643,汽车公共充电站,西安市,汽车相关 充电站,其他,8,其他
小桔充电汽车公共充电站,汽车相关,充电站,108.900844,34.247446,陕西省,西安市,108.900844,34.247446,小桔充电汽车公共充电站,西安市,汽车相关 充电站,其他,3,其他
小桔充电汽车充电站,汽车相关,充电站,108.907108,34.274828,陕西省,西安市,108.907108,34.274828,小桔充电汽车充电站,西安市,汽车相关 充电站,其他,6,其他
特来电汽车公共充电站,汽车相关,充电站,108.890345,34.278923000000006,陕西省,西安市,108.890345,34.278923000000006,特来电汽车公共充电站,西安市,汽车相关 充电站,特来电,2,其他
小桔充电汽车公共充电站,汽车相关,充电站,108.869508,34.265119,陕西省,西安市,108.869508,34.265119,小桔充电汽车公共充电站,西安市,汽车相关 充电站,其他,3,其他
汽车公共充电站,汽车相关,充电站,108.88352,34.277716,陕西省,西安市,108.88352,34.277716,汽车公共充电站,西安市,汽车相关 充电站,其他,6,其他
汽车公共充电站,汽车相关,充电站,108.879982,34.28666,陕西省,西安市,108.879982,34.28666,汽车公共充电站,西安市,汽车相关 充电站,其他,5,其他
特来电公共充电站,汽车相关,充电站,108.868305,34.282459,陕西省,西安市,108.868305,34.282459,特来电公共充电站,西安市,汽车相关 充电站,特来电,7,其他
特来电汽车公共充电站,汽车相关,充电站,108.839537,34.250801,陕西省,西安市,108.839537,34.250801,特来电汽车公共充电站,西安市,汽车相关 充电站,特来电,3,其他
三峡小充汽车公共充电站,汽车相关,充电站,108.824118,34.244934,陕西省,西安市,108.824118,34.244934,三峡小充汽车公共充电站,西安市,汽车相关 充电站,其他,7,其他
特来电汽车公共充电站,汽车相关,充电站,108.830505,34.245475,陕西省,西安市,108.830505,34.245475,特来电汽车公共充电站,西安市,汽车相关 充电站,特来电,3,其他
延长壳牌汽车公共充电站,汽车相关,充电站,108.828982,34.259066000000004,陕西省,西安市,108.828982,34.259066000000004,延长壳牌汽车公共充电站,西安市,汽车相关 充电站,其他,5,其他
小桔充电汽车公共充电站,汽车相关,充电站,108.84871,34.237691,陕西省,西安市,108.84871,34.237691,小桔充电汽车公共充电站,西安市,汽车相关 充电站,其他,7,其他
小桔充电汽车公共充电站,汽车相关,充电站,108.854559,34.24427,陕西省,西安市,108.854559,34.24427,小桔充电汽车公共充电站,西安市,汽车相关 充电站,其他,4,其他
小桔充电汽车充电站,汽车相关,充电站,108.86249,34.27916,陕西省,西安市,108.86249,34.27916,小桔充电汽车充电站,西安市,汽车相关 充电站,其他,2,其他
小桔充电汽车公共充电站,汽车相关,充电站,108.850586,34.275381,陕西省,西安市,108.850586,34.275381,小桔充电汽车公共充电站,西安市,汽车相关 充电站,其他,4,其他
小桔充电汽车公共充电站,汽车相关,充电站,108.844003,34.284578,陕西省,西安市,108.844003,34.284578,小桔充电汽车公共充电站,西安市,汽车相关 充电站,其他,6,其他
小桔充电汽车公共充电站,汽车相关,充电站,108.844395,34.284435,陕西省,西安市,108.844395,34.284435,小桔充电汽车公共充电站,西安市,汽车相关 充电站,其他,5,其他
星星充电汽车公共充电站,汽车相关,充电站,108.833563,34.262935,陕西省,西安市,108.833563,34.262935,星星充电汽车公共充电站,西安市,汽车相关 充电站,星星充电,4,其他
星星充电汽车公共充电站,汽车相关,充电站,108.83325,34.265106,陕西省,西安市,108.83325,34.265106,星星充电汽车公共充电站,西安市,汽车相关 充电站,星星充电,3,其他
卡丘充电汽车公共充电站,汽车相关,充电站,108.840056,34.28958,陕西省,西安市,108.840056,34.28958,卡丘充电汽车公共充电站,西安市,汽车相关 充电站,其他,6,其他
国家电网汽车公共充电站,汽车相关,充电站,108.828201,34.27733,陕西省,西安市,108.828201,34.27733,国家电网汽车公共充电站,西安市,汽车相关 充电站,国家电网,6,其他
开鑫充电汽车公共充电站,汽车相关,充电站,108.846153,34.303631,陕西省,西安市,108.846153,34.303631,开鑫充电汽车公共充电站,西安市,汽车相关 充电站,其他,4,其他
西咸汽服汽车公共充电站,汽车相关,充电站,108.847891,34.301151,陕西省,西安市,108.847891,34.301151,西咸汽服汽车公共充电站,西安市,汽车相关 充电站,其他,4,其他
星星充电汽车公共充电站,汽车相关,充电站,108.84919,34.321432,陕西省,西安市,108.84919,34.321432,星星充电汽车公共充电站,西安市,汽车相关 充电站,星星充电,5,其他
小桔充电汽车公共充电站,汽车相关,充电站,108.849564,34.331826,陕西省,西安市,108.849564,34.331826,小桔充电汽车公共充电站,西安市,汽车相关 充电站,其他,2,其他
小桔充电汽车公共充电站,汽车相关,充电站,108.841568,34.330040999999994,陕西省,西安市,108.841568,34.330040999999994,小桔充电汽车公共充电站,西安市,汽车相关 充电站,其他,4,其他
小桔充电汽车公共充电站,汽车相关,充电站,108.892692,34.290464,陕西省,西安市,108.892692,34.290464,小桔充电汽车公共充电站,西安市,汽车相关 充电站,其他,8,其他
星星充电汽车公共充电站,汽车相关,充电站,108.926563,34.187359,陕西省,西安市,108.926563,34.187359,星星充电汽车公共充电站,西安市,汽车相关 充电站,星星充电,4,其他
星星充电汽车公共充电站,汽车相关,充电站,108.919369,34.187313,陕西省,西安市,108.919369,34.187313,星星充电汽车公共充电站,西安市,汽车相关 充电站,星星充电,7,其他
中石化龙禹新能源汽车充电站,汽车相关,充电站,108.919222,34.188708,陕西省,西安市,108.919222,34.188708,中石化龙禹新能源汽车充电站,西安市,汽车相关 充电站,其他,3,其他
快电汽车公共充电站,汽车相关,充电站,108.936441,34.17558699999999,陕西省,西安市,108.936441,34.17558699999999,快电汽车公共充电站,西安市,汽车相关 充电站,其他,8,其他
小桔充电汽车公共充电站,汽车相关,充电站,108.945434,34.177296,陕西省,西安市,108.945434,34.177296,小桔充电汽车公共充电站,西安市,汽车相关 充电站,其他,8,其他
理想汽车公共充电站,汽车相关,充电站,108.944979,34.176955,陕西省,西安市,108.944979,34.176955,理想汽车公共充电站,西安市,汽车相关 充电站,理想,7,其他
小鹏超级公共充电站,汽车相关,充电站,108.944215,34.187335999999995,陕西省,西安市,108.944215,34.187335999999995,小鹏超级公共充电站,西安市,汽车相关 充电站,小鹏,7,其他
汽车公共充电站,汽车相关,充电站,108.952667,34.189086,陕西省,西安市,108.952667,34.189086,汽车公共充电站,西安市,汽车相关 充电站,其他,6,其他
广汽能源汽车公共充电站,汽车相关,充电站,108.93524,34.18725,陕西省,西安市,108.93524,34.18725,广汽能源汽车公共充电站,西安市,汽车相关 充电站,其他,2,其他
小桔充电汽车公共充电站,汽车相关,充电站,108.937964,34.187377999999995,陕西省,西安市,108.937964,34.187377999999995,小桔充电汽车公共充电站,西安市,汽车相关 充电站,其他,3,其他
星星充电汽车公共充电站,汽车相关,充电站,108.925565,34.205307000000005,陕西省,西安市,108.925565,34.205307000000005,星星充电汽车公共充电站,西安市,汽车相关 充电站,星星充电,5,其他
汽车公共充电站,汽车相关,其他,108.963552,34.172124000000004,陕西省,西安市,108.963552,34.172124000000004,汽车公共充电站,西安市,汽车相关 其他,其他,8,其他
小桔充电途源观山悦汽车公共充电站,汽车相关,充电站,108.96726,34.172198,陕西省,西安市,108.96726,34.172198,小桔充电途源观山悦汽车公共充电站,西安市,汽车相关 充电站,其他,5,其他
延长壳牌汽车公共充电站,汽车相关,充电站,108.984269,34.173594,陕西省,西安市,108.984269,34.173594,延长壳牌汽车公共充电站,西安市,汽车相关 充电站,其他,4,其他
蔚来超充汽车公共充电站,汽车相关,充电站,108.988368,34.184632,陕西省,西安市,108.988368,34.184632,蔚来超充汽车公共充电站,西安市,汽车相关 充电站,蔚来,4,其他
蔚来目充站西安盛美利亚豪华酒店,汽车相关,充电站,108.977512,34.208054999999995,陕西省,西安市,108.977512,34.208054999999995,蔚来目充站西安盛美利亚豪华酒店,西安市,汽车相关 充电站,蔚来,5,其他
小桔充电汽车公共充电站,汽车相关,充电站,108.971417,34.240726,陕西省,西安市,108.971417,34.240726,小桔充电汽车公共充电站,西安市,汽车相关 充电站,其他,4,其他
星星充电汽车公共充电站,汽车相关,充电站,108.993395,34.231087,陕西省,西安市,108.993395,34.231087,星星充电汽车公共充电站,西安市,汽车相关 充电站,星星充电,2,其他
广汽能源汽车公共充电站,汽车相关,充电站,108.993215,34.231098,陕西省,西安市,108.993215,34.231098,广汽能源汽车公共充电站,西安市,汽车相关 充电站,其他,7,其他
小桔充电汽车公共充电站,汽车相关,充电站,108.990151,34.235362,陕西省,西安市,108.990151,34.235362,小桔充电汽车公共充电站,西安市,汽车相关 充电站,其他,4,其他
快电汽车公共充电站,汽车相关,充电站,108.999446,34.229274000000004,陕西省,西安市,108.999446,34.229274000000004,快电汽车公共充电站,西安市,汽车相关 充电站,其他,6,其他
小桔充电汽车公共充电站,汽车相关,充电站,108.994985,34.28967,陕西省,西安市,108.994985,34.28967,小桔充电汽车公共充电站,西安市,汽车相关 充电站,其他,4,其他
小桔充电汽车公共充电站,汽车相关,充电站,108.967913,34.283435,陕西省,西安市,108.967913,34.283435,小桔充电汽车公共充电站,西安市,汽车相关 充电站,其他,3,其他
小桔充电汽车公共充电站,汽车相关,充电站,108.970579,34.286872,陕西省,西安市,108.970579,34.286872,小桔充电汽车公共充电站,西安市,汽车相关 充电站,其他,2,其他
蔚来能源目的地公共充电站,汽车相关,充电站,109.010781,34.194257,陕西省,西安市,109.010781,34.194257,蔚来能源目的地公共充电站,西安市,汽车相关 充电站,蔚来,3,其他
依威能源汽车公共充电站,汽车相关,充电站,109.003906,34.204383,陕西省,西安市,109.003906,34.204383,依威能源汽车公共充电站,西安市,汽车相关 充电站,其他,3,其他
小桔充电汽车公共充电站,汽车相关,充电站,109.02026,34.224815,陕西省,西安市,109.02026,34.224815,小桔充电汽车公共充电站,西安市,汽车相关 充电站,其他,6,其他
特来电汽车公共充电站,汽车相关,充电站,109.058802,34.251056000000005,陕西省,西安市,109.058802,34.251056000000005,特来电汽车公共充电站,西安市,汽车相关 充电站,特来电,2,其他
特来电汽车公共充电站,汽车相关,充电站,109.060416,34.250803,陕西省,西安市,109.060416,34.250803,特来电汽车公共充电站,西安市,汽车相关 充电站,特来电,2,其他
特来电汽车公共充电站,汽车相关,充电站,109.062955,34.25035,陕西省,西安市,109.062955,34.25035,特来电汽车公共充电站,西安市,汽车相关 充电站,特来电,2,其他
特来电汽车公共充电站,汽车相关,充电站,109.064058,34.250457,陕西省,西安市,109.064058,34.250457,特来电汽车公共充电站,西安市,汽车相关 充电站,特来电,2,其他
汽车公共充电站,汽车相关,充电站,109.0625,34.252509,陕西省,西安市,109.0625,34.252509,汽车公共充电站,西安市,汽车相关 充电站,其他,2,其他
小桔充电汽车公共充电站,汽车相关,充电站,109.056228,34.255833,陕西省,西安市,109.056228,34.255833,小桔充电汽车公共充电站,西安市,汽车相关 充电站,其他,6,其他
特来电汽车公共充电站,汽车相关,充电站,109.058537,34.25481,陕西省,西安市,109.058537,34.25481,特来电汽车公共充电站,西安市,汽车相关 充电站,特来电,4,其他
星星充电汽车公共充电站,汽车相关,充电站,109.045957,34.246618000000005,陕西省,西安市,109.045957,34.246618000000005,星星充电汽车公共充电站,西安市,汽车相关 充电站,星星充电,3,其他
特来电汽车公共充电站,汽车相关,充电站,109.045485,34.246727,陕西省,西安市,109.045485,34.246727,特来电汽车公共充电站,西安市,汽车相关 充电站,特来电,2,其他
中石化龙禹新能源汽车公共充电站,汽车相关,充电站,109.055578,34.254208,陕西省,西安市,109.055578,34.254208,中石化龙禹新能源汽车公共充电站,西安市,汽车相关 充电站,其他,8,其他
星星充电汽车公共充电站,汽车相关,充电站,109.055888,34.254006999999994,陕西省,西安市,109.055888,34.254006999999994,星星充电汽车公共充电站,西安市,汽车相关 充电站,星星充电,4,其他
特来电汽车公共充电站,汽车相关,充电站,109.048471,34.252657,陕西省,西安市,109.048471,34.252657,特来电汽车公共充电站,西安市,汽车相关 充电站,特来电,4,其他
小桔充电汽车公共充电站,汽车相关,充电站,109.046739,34.258372,陕西省,西安市,109.046739,34.258372,小桔充电汽车公共充电站,西安市,汽车相关 充电站,其他,3,其他
特来电汽车公共充电站,汽车相关,充电站,109.074188,34.265331,陕西省,西安市,109.074188,34.265331,特来电汽车公共充电站,西安市,汽车相关 充电站,特来电,6,其他
特来电汽车公共充电站,汽车相关,充电站,109.073511,34.2797,陕西省,西安市,109.073511,34.2797,特来电汽车公共充电站,西安市,汽车相关 充电站,特来电,5,其他
小桔充电汽车公共充电站,汽车相关,充电站,109.074359,34.275357,陕西省,西安市,109.074359,34.275357,小桔充电汽车公共充电站,西安市,汽车相关 充电站,其他,5,其他
快电汽车充电站,汽车相关,充电站,109.045576,34.271724,陕西省,西安市,109.045576,34.271724,快电汽车充电站,西安市,汽车相关 充电站,其他,4,其他
特来电汽车公共充电站,汽车相关,充电站,109.058928,34.26389,陕西省,西安市,109.058928,34.26389,特来电汽车公共充电站,西安市,汽车相关 充电站,特来电,7,其他
特来电汽车公共充电站,汽车相关,充电站,109.058843,34.287556,陕西省,西安市,109.058843,34.287556,特来电汽车公共充电站,西安市,汽车相关 充电站,特来电,7,其他
特来电汽车公共充电站,汽车相关,充电站,109.058139,34.282997,陕西省,西安市,109.058139,34.282997,特来电汽车公共充电站,西安市,汽车相关 充电站,特来电,3,其他
特来电汽车公共充电站,汽车相关,充电站,109.058276,34.284582,陕西省,西安市,109.058276,34.284582,特来电汽车公共充电站,西安市,汽车相关 充电站,特来电,5,其他
西安易源充中企汽配城汽车公共充电站,汽车相关,充电站,109.050258,34.278976,陕西省,西安市,109.050258,34.278976,西安易源充中企汽配城汽车公共充电站,西安市,汽车相关 充电站,其他,4,其他
蔚来西安万科东望汽车公共充电站,汽车相关,充电站,109.018564,34.231545,陕西省,西安市,109.018564,34.231545,蔚来西安万科东望汽车公共充电站,西安市,汽车相关 充电站,蔚来,6,其他
云快充汽车公共充电站,汽车相关,充电站,109.033961,34.256155,陕西省,西安市,109.033961,34.256155,云快充汽车公共充电站,西安市,汽车相关 充电站,云快充,5,其他
星星充电汽车公共充电站,汽车相关,充电站,109.025022,34.250976,陕西省,西安市,109.025022,34.250976,星星充电汽车公共充电站,西安市,汽车相关 充电站,星星充电,4,其他
星星充电汽车公共充电站,汽车相关,充电站,109.031006,34.251064,陕西省,西安市,109.031006,34.251064,星星充电汽车公共充电站,西安市,汽车相关 充电站,星星充电,4,其他
小桔充电汽车公共充电站,汽车相关,充电站,109.024402,34.259215,陕西省,西安市,109.024402,34.259215,小桔充电汽车公共充电站,西安市,汽车相关 充电站,其他,2,其他
星星充电汽车公共充电站,汽车相关,充电站,109.005124,34.293775,陕西省,西安市,109.005124,34.293775,星星充电汽车公共充电站,西安市,汽车相关 充电站,星星充电,6,其他
汽车公共充电站,汽车相关,充电站,109.01299,34.295765,陕西省,西安市,109.01299,34.295765,汽车公共充电站,西安市,汽车相关 充电站,其他,2,其他
星星充电汽车公共充电站,汽车相关,充电站,109.022175,34.295264,陕西省,西安市,109.022175,34.295264,星星充电汽车公共充电站,西安市,汽车相关 充电站,星星充电,3,其他
西安澳秦炉料有限责任公司汽车充电站,汽车相关,充电站,109.022245,34.295196000000004,陕西省,西安市,109.022245,34.295196000000004,西安澳秦炉料有限责任公司汽车充电站,西安市,汽车相关 充电站,其他,2,其他
延长壳牌公共充电站,汽车相关,充电站,109.00505,34.313965,陕西省,西安市,109.00505,34.313965,延长壳牌公共充电站,西安市,汽车相关 充电站,其他,8,其他
小鹏超级公共充电站,汽车相关,充电站,109.004432,34.313868,陕西省,西安市,109.004432,34.313868,小鹏超级公共充电站,西安市,汽车相关 充电站,小鹏,2,其他
特来电汽车公共充电站,汽车相关,充电站,109.04447,34.31204,陕西省,西安市,109.04447,34.31204,特来电汽车公共充电站,西安市,汽车相关 充电站,特来电,8,其他
小桔充电汽车公共充电站,汽车相关,充电站,109.042575,34.316285,陕西省,西安市,109.042575,34.316285,小桔充电汽车公共充电站,西安市,汽车相关 充电站,其他,5,其他
小桔充电汽车公共充电站,汽车相关,充电站,109.036152,34.320766,陕西省,西安市,109.036152,34.320766,小桔充电汽车公共充电站,西安市,汽车相关 充电站,其他,7,其他
星星充电汽车公共充电站,汽车相关,充电站,109.033073,34.310156,陕西省,西安市,109.033073,34.310156,星星充电汽车公共充电站,西安市,汽车相关 充电站,星星充电,4,其他
快电汽车公共充电站,汽车相关,充电站,109.000534,34.322424000000005,陕西省,西安市,109.000534,34.322424000000005,快电汽车公共充电站,西安市,汽车相关 充电站,其他,8,其他
心语花园公共充电站,汽车相关,充电站,109.007182,34.322291,陕西省,西安市,109.007182,34.322291,心语花园公共充电站,西安市,汽车相关 充电站,其他,6,其他
小桔充电汽车公共充电站,汽车相关,充电站,109.009233,34.332791,陕西省,西安市,109.009233,34.332791,小桔充电汽车公共充电站,西安市,汽车相关 充电站,其他,2,其他
星星充电汽车公共充电站,汽车相关,充电站,109.050097,34.292302,陕西省,西安市,109.050097,34.292302,星星充电汽车公共充电站,西安市,汽车相关 充电站,星星充电,8,其他
延长壳牌通塬路汽车公共充电站,汽车相关,充电站,109.04818,34.299279,陕西省,西安市,109.04818,34.299279,延长壳牌通塬路汽车公共充电站,西安市,汽车相关 充电站,其他,6,其他
特来电公共充电站,汽车相关,充电站,109.058732,34.296611,陕西省,西安市,109.058732,34.296611,特来电公共充电站,西安市,汽车相关 充电站,特来电,7,其他
星星充电汽车公共充电站,汽车相关,充电站,109.05873,34.296601,陕西省,西安市,109.05873,34.296601,星星充电汽车公共充电站,西安市,汽车相关 充电站,星星充电,7,其他
特来电汽车公共充电站,汽车相关,充电站,109.075959,34.290227,陕西省,西安市,109.075959,34.290227,特来电汽车公共充电站,西安市,汽车相关 充电站,特来电,2,其他
特来电汽车公共充电站,汽车相关,充电站,109.05869,34.348446,陕西省,西安市,109.05869,34.348446,特来电汽车公共充电站,西安市,汽车相关 充电站,特来电,3,其他
星星充电汽车公共充电站,汽车相关,充电站,109.057474,34.351399,陕西省,西安市,109.057474,34.351399,星星充电汽车公共充电站,西安市,汽车相关 充电站,星星充电,2,其他
小桔充电汽车公共充电站,汽车相关,充电站,109.050499,34.339999,陕西省,西安市,109.050499,34.339999,小桔充电汽车公共充电站,西安市,汽车相关 充电站,其他,5,其他
小桔充电汽车公共充电站,汽车相关,充电站,109.047201,34.357029,陕西省,西安市,109.047201,34.357029,小桔充电汽车公共充电站,西安市,汽车相关 充电站,其他,8,其他
理想汽车充电站,汽车相关,充电站,109.047275,34.357586,陕西省,西安市,109.047275,34.357586,理想汽车充电站,西安市,汽车相关 充电站,理想,4,其他
特来电汽车公共充电站,汽车相关,充电站,109.042757,34.359341,陕西省,西安市,109.042757,34.359341,特来电汽车公共充电站,西安市,汽车相关 充电站,特来电,3,其他
小飞象充电汽车公共充电站,汽车相关,充电站,108.919773,34.2999,陕西省,西安市,108.919773,34.2999,小飞象充电汽车公共充电站,西安市,汽车相关 充电站,其他,2,其他
汽车公共充电站,汽车相关,充电站,108.923185,34.311548,陕西省,西安市,108.923185,34.311548,汽车公共充电站,西安市,汽车相关 充电站,其他,6,其他
星星充电汽车公共充电站,汽车相关,充电站,108.936603,34.314628,陕西省,西安市,108.936603,34.314628,星星充电汽车公共充电站,西安市,汽车相关 充电站,星星充电,3,其他
星星充电汽车公共充电站,汽车相关,充电站,108.937078,34.314612,陕西省,西安市,108.937078,34.314612,星星充电汽车公共充电站,西安市,汽车相关 充电站,星星充电,8,其他
小桔充电汽车公共充电站,汽车相关,充电站,108.953562,34.325503,陕西省,西安市,108.953562,34.325503,小桔充电汽车公共充电站,西安市,汽车相关 充电站,其他,3,其他
小桔充电汽车公共充电站,汽车相关,充电站,108.911747,34.326613,陕西省,西安市,108.911747,34.326613,小桔充电汽车公共充电站,西安市,汽车相关 充电站,其他,8,其他
星星充电汽车公共充电站,汽车相关,充电站,108.913244,34.342153,陕西省,西安市,108.913244,34.342153,星星充电汽车公共充电站,西安市,汽车相关 充电站,星星充电,2,其他
小桔充电汽车公共充电站,汽车相关,充电站,108.972574,34.302765,陕西省,西安市,108.972574,34.302765,小桔充电汽车公共充电站,西安市,汽车相关 充电站,其他,8,其他
小桔充电汽车公共充电站,汽车相关,充电站,108.971056,34.298016,陕西省,西安市,108.971056,34.298016,小桔充电汽车公共充电站,西安市,汽车相关 充电站,其他,3,其他
更新能源42号汽车公共充电站,汽车相关,充电站,108.9883,34.293485000000004,陕西省,西安市,108.9883,34.293485000000004,更新能源42号汽车公共充电站,西安市,汽车相关 充电站,其他,6,其他
延长壳牌汽车公共充电站,汽车相关,充电站,108.986561,34.318465,陕西省,西安市,108.986561,34.318465,延长壳牌汽车公共充电站,西安市,汽车相关 充电站,其他,7,其他
驴充充汽车充电站,汽车相关,充电站,108.986632,34.331966,陕西省,西安市,108.986632,34.331966,驴充充汽车充电站,西安市,汽车相关 充电站,其他,3,其他
小桔充电汽车公共充电站,汽车相关,充电站,108.998972,34.336202,陕西省,西安市,108.998972,34.336202,小桔充电汽车公共充电站,西安市,汽车相关 充电站,其他,8,其他
迁顺新能源汽车公共充电站,汽车相关,充电站,108.975521,34.334988,陕西省,西安市,108.975521,34.334988,迁顺新能源汽车公共充电站,西安市,汽车相关 充电站,其他,7,其他
正好汽车公共充电站,汽车相关,充电站,108.970775,34.330154,陕西省,西安市,108.970775,34.330154,正好汽车公共充电站,西安市,汽车相关 充电站,其他,8,其他
快电汽车公共充电站,汽车相关,充电站,108.968523,34.340934000000004,陕西省,西安市,108.968523,34.340934000000004,快电汽车公共充电站,西安市,汽车相关 充电站,其他,6,其他
老虎快充,汽车相关,充电站,108.972538,34.342036,陕西省,西安市,108.972538,34.342036,老虎快充,西安市,汽车相关 充电站,其他,8,其他
小桔充电汽车公共充电站,汽车相关,充电站,108.975799,34.338849,陕西省,西安市,108.975799,34.338849,小桔充电汽车公共充电站,西安市,汽车相关 充电站,其他,2,其他
延长壳牌汽车公共充电站,汽车相关,充电站,108.967836,34.344745,陕西省,西安市,108.967836,34.344745,延长壳牌汽车公共充电站,西安市,汽车相关 充电站,其他,4,其他
小桔充电汽车公共充电站,汽车相关,充电站,108.955933,34.356621999999994,陕西省,西安市,108.955933,34.356621999999994,小桔充电汽车公共充电站,西安市,汽车相关 充电站,其他,3,其他
快电汽车公共充电站,汽车相关,充电站,108.956737,34.353242,陕西省,西安市,108.956737,34.353242,快电汽车公共充电站,西安市,汽车相关 充电站,其他,4,其他
汽车公共充电站,汽车相关,充电站,108.960732,34.365482,陕西省,西安市,108.960732,34.365482,汽车公共充电站,西安市,汽车相关 充电站,其他,8,其他
汽车公共充电站,汽车相关,充电站,108.973802,34.351881,陕西省,西安市,108.973802,34.351881,汽车公共充电站,西安市,汽车相关 充电站,其他,6,其他
汽车公共充电站,汽车相关,充电站,108.985703,34.354479000000005,陕西省,西安市,108.985703,34.354479000000005,汽车公共充电站,西安市,汽车相关 充电站,其他,3,其他
小桔充电汽车公共充电站,汽车相关,充电站,108.981641,34.366634,陕西省,西安市,108.981641,34.366634,小桔充电汽车公共充电站,西安市,汽车相关 充电站,其他,8,其他
小桔充电汽车公共充电站,汽车相关,充电站,108.981228,34.364132999999995,陕西省,西安市,108.981228,34.364132999999995,小桔充电汽车公共充电站,西安市,汽车相关 充电站,其他,7,其他
延长壳牌汽车公共充电站,汽车相关,充电站,108.995253,34.366593,陕西省,西安市,108.995253,34.366593,延长壳牌汽车公共充电站,西安市,汽车相关 充电站,其他,5,其他
小桔充电汽车公共充电站,汽车相关,充电站,108.988671,34.359851,陕西省,西安市,108.988671,34.359851,小桔充电汽车公共充电站,西安市,汽车相关 充电站,其他,8,其他
小桔充电汽车公共充电站,汽车相关,充电站,108.994139,34.371417,陕西省,西安市,108.994139,34.371417,小桔充电汽车公共充电站,西安市,汽车相关 充电站,其他,4,其他
小桔充电汽车公共充电站,汽车相关,充电站,108.992126,34.372444,陕西省,西安市,108.992126,34.372444,小桔充电汽车公共充电站,西安市,汽车相关 充电站,其他,3,其他
小桔充电汽车公共充电站,汽车相关,充电站,108.989021,34.369712,陕西省,西安市,108.989021,34.369712,小桔充电汽车公共充电站,西安市,汽车相关 充电站,其他,4,其他
小桔充电汽车公共充电站,汽车相关,充电站,108.987714,34.372316999999995,陕西省,西安市,108.987714,34.372316999999995,小桔充电汽车公共充电站,西安市,汽车相关 充电站,其他,3,其他
小桔充电汽车公共充电站,汽车相关,充电站,108.988513,34.394025,陕西省,西安市,108.988513,34.394025,小桔充电汽车公共充电站,西安市,汽车相关 充电站,其他,8,其他
莱比森超级汽车公共充电站未央湖华浮宫站,汽车相关,充电站,108.98073,34.398547,陕西省,西安市,108.98073,34.398547,莱比森超级汽车公共充电站未央湖华浮宫站,西安市,汽车相关 充电站,其他,2,其他
星星充电汽车公共充电站,汽车相关,充电站,108.916305,34.355757000000004,陕西省,西安市,108.916305,34.355757000000004,星星充电汽车公共充电站,西安市,汽车相关 充电站,星星充电,7,其他
小桔充电汽车公共充电站,汽车相关,充电站,108.917687,34.358487000000004,陕西省,西安市,108.917687,34.358487000000004,小桔充电汽车公共充电站,西安市,汽车相关 充电站,其他,8,其他
特来电汽车公共充电站,汽车相关,充电站,108.918258,34.363812,陕西省,西安市,108.918258,34.363812,特来电汽车公共充电站,西安市,汽车相关 充电站,特来电,4,其他
快电汽车公共充电站,汽车相关,充电站,108.919306,34.372018,陕西省,西安市,108.919306,34.372018,快电汽车公共充电站,西安市,汽车相关 充电站,其他,5,其他
万马爱充汽车公共充电站,汽车相关,充电站,108.947643,34.360636,陕西省,西安市,108.947643,34.360636,万马爱充汽车公共充电站,西安市,汽车相关 充电站,其他,5,其他
星星充电汽车公共充电站,汽车相关,充电站,108.948862,34.370712,陕西省,西安市,108.948862,34.370712,星星充电汽车公共充电站,西安市,汽车相关 充电站,星星充电,6,其他
延长壳牌汽车公共充电站,汽车相关,充电站,108.948445,34.367816000000005,陕西省,西安市,108.948445,34.367816000000005,延长壳牌汽车公共充电站,西安市,汽车相关 充电站,其他,3,其他
小桔充电汽车公共充电站,汽车相关,充电站,108.950109,34.381105000000005,陕西省,西安市,108.950109,34.381105000000005,小桔充电汽车公共充电站,西安市,汽车相关 充电站,其他,4,其他
北客站西停车楼汽车公共充电站,汽车相关,充电站,108.933675,34.376747,陕西省,西安市,108.933675,34.376747,北客站西停车楼汽车公共充电站,西安市,汽车相关 充电站,其他,6,其他
万马爱充汽车公共充电站,汽车相关,充电站,109.018722,34.468613,陕西省,西安市,109.018722,34.468613,万马爱充汽车公共充电站,西安市,汽车相关 充电站,其他,4,其他
小桔充电汽车公共充电站,汽车相关,充电站,109.002923,34.472362000000004,陕西省,西安市,109.002923,34.472362000000004,小桔充电汽车公共充电站,西安市,汽车相关 充电站,其他,3,其他
依威能源汽车公共充电站,汽车相关,充电站,109.079091,34.509613,陕西省,西安市,109.079091,34.509613,依威能源汽车公共充电站,西安市,汽车相关 充电站,其他,8,其他
高川广场公共充电站,汽车相关,充电站,109.08833,34.520615,陕西省,西安市,109.08833,34.520615,高川广场公共充电站,西安市,汽车相关 充电站,其他,8,其他
星星充电汽车公共充电站,汽车相关,充电站,109.027388,34.503946,陕西省,西安市,109.027388,34.503946,星星充电汽车公共充电站,西安市,汽车相关 充电站,星星充电,5,其他
驴充充汽车公共充电站,汽车相关,充电站,108.647648,34.203471,陕西省,西安市,108.647648,34.203471,驴充充汽车公共充电站,西安市,汽车相关 充电站,其他,8,其他
云快充汽车公共充电站,汽车相关,充电站,108.65806,34.199753,陕西省,西安市,108.65806,34.199753,云快充汽车公共充电站,西安市,汽车相关 充电站,云快充,8,其他
国家电网汽车公共充电站,汽车相关,充电站,109.2225,34.020507,陕西省,西安市,109.2225,34.020507,国家电网汽车公共充电站,西安市,汽车相关 充电站,国家电网,2,其他
星星充电汽车公共充电站,汽车相关,充电站,109.217158,34.023105,陕西省,西安市,109.217158,34.023105,星星充电汽车公共充电站,西安市,汽车相关 充电站,星星充电,5,其他
国家电网汽车公共充电站,汽车相关,充电站,109.217409,34.022639,陕西省,西安市,109.217409,34.022639,国家电网汽车公共充电站,西安市,汽车相关 充电站,国家电网,6,其他
驴充充汽车公共充电站,汽车相关,充电站,109.111235,34.077683,陕西省,西安市,109.111235,34.077683,驴充充汽车公共充电站,西安市,汽车相关 充电站,其他,7,其他
小桔充电汽车公共充电站,汽车相关,充电站,109.224737,34.376493,陕西省,西安市,109.224737,34.376493,小桔充电汽车公共充电站,西安市,汽车相关 充电站,其他,2,其他
快电汽车公共充电站,汽车相关,充电站,109.230058,34.390696,陕西省,西安市,109.230058,34.390696,快电汽车公共充电站,西安市,汽车相关 充电站,其他,6,其他
小桔充电汽车充电站,汽车相关,充电站,109.237182,34.396697,陕西省,西安市,109.237182,34.396697,小桔充电汽车充电站,西安市,汽车相关 充电站,其他,3,其他
小桔充电汽车充电站,汽车相关,充电站,109.237174,34.396706,陕西省,西安市,109.237174,34.396706,小桔充电汽车充电站,西安市,汽车相关 充电站,其他,2,其他
小桔充电汽车公共充电站,汽车相关,充电站,109.204204,34.37024,陕西省,西安市,109.204204,34.37024,小桔充电汽车公共充电站,西安市,汽车相关 充电站,其他,6,其他
星星晟方集中式快速公共充电站,汽车相关,充电站,109.217647,34.392611,陕西省,西安市,109.217647,34.392611,星星晟方集中式快速公共充电站,西安市,汽车相关 充电站,其他,3,其他
星星充电汽车公共充电站,汽车相关,充电站,109.217984,34.393694,陕西省,西安市,109.217984,34.393694,星星充电汽车公共充电站,西安市,汽车相关 充电站,星星充电,5,其他
小桔充电汽车公共充电站,汽车相关,充电站,109.122684,34.307741,陕西省,西安市,109.122684,34.307741,小桔充电汽车公共充电站,西安市,汽车相关 充电站,其他,7,其他
特来电汽车公共充电站,汽车相关,充电站,109.122751,34.315564,陕西省,西安市,109.122751,34.315564,特来电汽车公共充电站,西安市,汽车相关 充电站,特来电,3,其他
达克云汽车公共充电站,汽车相关,充电站,109.113107,34.317461,陕西省,西安市,109.113107,34.317461,达克云汽车公共充电站,西安市,汽车相关 充电站,其他,8,其他
小桔充电汽车公共充电站,汽车相关,充电站,109.222331,34.655576,陕西省,西安市,109.222331,34.655576,小桔充电汽车公共充电站,西安市,汽车相关 充电站,其他,4,其他
国家电网汽车公共充电站,汽车相关,充电站,109.208467,34.647786,陕西省,西安市,109.208467,34.647786,国家电网汽车公共充电站,西安市,汽车相关 充电站,国家电网,3,其他
驴充充汽车公共充电站,汽车相关,充电站,109.191869,34.652327,陕西省,西安市,109.191869,34.652327,驴充充汽车公共充电站,西安市,汽车相关 充电站,其他,3,其他
昆仑网电汽车公共充电站,汽车相关,充电站,109.247621,34.668679000000004,陕西省,西安市,109.247621,34.668679000000004,昆仑网电汽车公共充电站,西安市,汽车相关 充电站,其他,7,其他
特来电汽车充电站,汽车相关,充电站,108.221343,34.161255000000004,陕西省,西安市,108.221343,34.161255000000004,特来电汽车充电站,西安市,汽车相关 充电站,特来电,4,其他
开迈斯汽车公共充电站,汽车相关,充电站,108.60936,34.108724,陕西省,西安市,108.60936,34.108724,开迈斯汽车公共充电站,西安市,汽车相关 充电站,其他,8,其他
小桔充电汽车公共充电站,汽车相关,充电站,108.627049,34.107675,陕西省,西安市,108.627049,34.107675,小桔充电汽车公共充电站,西安市,汽车相关 充电站,其他,6,其他
汽车公共充电站,汽车相关,充电站,108.955832,34.159856,陕西省,西安市,108.955832,34.159856,汽车公共充电站,西安市,汽车相关 充电站,其他,6,其他
宇翔汽车公共充电站,汽车相关,充电站,108.954944,34.162601,陕西省,西安市,108.954944,34.162601,宇翔汽车公共充电站,西安市,汽车相关 充电站,其他,3,其他
快电汽车公共充电站,汽车相关,充电站,108.93613,34.160142,陕西省,西安市,108.93613,34.160142,快电汽车公共充电站,西安市,汽车相关 充电站,其他,4,其他
小桔充电汽车公共充电站,汽车相关,充电站,108.894106,34.163333,陕西省,西安市,108.894106,34.163333,小桔充电汽车公共充电站,西安市,汽车相关 充电站,其他,4,其他
快电汽车充电站,汽车相关,充电站,108.865734,34.166456000000004,陕西省,西安市,108.865734,34.166456000000004,快电汽车充电站,西安市,汽车相关 充电站,其他,8,其他
城润充电桩,公司企业,公司,108.862056,34.159336,陕西省,西安市,108.862056,34.159336,城润充电桩,西安市,公司企业 公司,其他,7,其他
小桔汽车公共充电站,汽车相关,充电站,108.864407,34.162066,陕西省,西安市,108.864407,34.162066,小桔汽车公共充电站,西安市,汽车相关 充电站,其他,5,其他
小桔充电汽车公共充电站,汽车相关,充电站,108.848624,34.167709,陕西省,西安市,108.848624,34.167709,小桔充电汽车公共充电站,西安市,汽车相关 充电站,其他,6,其他
云快充汽车公共充电站,汽车相关,充电站,108.848741,34.167281,陕西省,西安市,108.848741,34.167281,云快充汽车公共充电站,西安市,汽车相关 充电站,云快充,7,其他
特来电公共充电站,汽车相关,充电站,108.848876,34.167429000000006,陕西省,西安市,108.848876,34.167429000000006,特来电公共充电站,西安市,汽车相关 充电站,特来电,2,其他
星星充电汽车公共充电站,汽车相关,充电站,108.848698,34.191428,陕西省,西安市,108.848698,34.191428,星星充电汽车公共充电站,西安市,汽车相关 充电站,星星充电,6,其他
小桔充电汽车公共充电站,汽车相关,充电站,108.856688,34.20217,陕西省,西安市,108.856688,34.20217,小桔充电汽车公共充电站,西安市,汽车相关 充电站,其他,7,其他
小桔充电汽车公共充电站,汽车相关,充电站,108.855942,34.204149,陕西省,西安市,108.855942,34.204149,小桔充电汽车公共充电站,西安市,汽车相关 充电站,其他,6,其他
特斯拉超级公共充电站,汽车相关,充电站,108.866637,34.170868,陕西省,西安市,108.866637,34.170868,特斯拉超级公共充电站,西安市,汽车相关 充电站,特斯拉,5,其他
小桔充电汽车公共充电站,汽车相关,充电站,108.8743,34.167703,陕西省,西安市,108.8743,34.167703,小桔充电汽车公共充电站,西安市,汽车相关 充电站,其他,2,其他
奥特迅西安崇立万汇中心公共充电站,汽车相关,充电站,108.874122,34.167636,陕西省,西安市,108.874122,34.167636,奥特迅西安崇立万汇中心公共充电站,西安市,汽车相关 充电站,其他,5,其他
特来电汽车公共充电站,汽车相关,充电站,108.880894,34.173302,陕西省,西安市,108.880894,34.173302,特来电汽车公共充电站,西安市,汽车相关 充电站,特来电,8,其他
小桔充电汽车公共充电站,汽车相关,充电站,108.878344,34.172302,陕西省,西安市,108.878344,34.172302,小桔充电汽车公共充电站,西安市,汽车相关 充电站,其他,2,其他
西咸能源汽车公共充电站,汽车相关,充电站,108.878263,34.173303,陕西省,西安市,108.878263,34.173303,西咸能源汽车公共充电站,西安市,汽车相关 充电站,其他,3,其他
延长壳牌汽车公共充电站,汽车相关,充电站,108.885126,34.178566,陕西省,西安市,108.885126,34.178566,延长壳牌汽车公共充电站,西安市,汽车相关 充电站,其他,7,其他
小桔充电汽车公共充电站,汽车相关,充电站,108.88626,34.181557000000005,陕西省,西安市,108.88626,34.181557000000005,小桔充电汽车公共充电站,西安市,汽车相关 充电站,其他,2,其他
小鹏超级充电站,汽车相关,充电站,108.883776,34.184209,陕西省,西安市,108.883776,34.184209,小鹏超级充电站,西安市,汽车相关 充电站,小鹏,8,其他
小桔充电汽车公共充电站,汽车相关,充电站,108.886256,34.189359,陕西省,西安市,108.886256,34.189359,小桔充电汽车公共充电站,西安市,汽车相关 充电站,其他,8,其他
广汽能源汽车公共充电站,汽车相关,充电站,108.886807,34.189545,陕西省,西安市,108.886807,34.189545,广汽能源汽车公共充电站,西安市,汽车相关 充电站,其他,5,其他
延长壳牌汽车公共充电站,汽车相关,充电站,108.883188,34.187818,陕西省,西安市,108.883188,34.187818,延长壳牌汽车公共充电站,西安市,汽车相关 充电站,其他,6,其他
星星充电汽车公共充电站,汽车相关,充电站,108.882992,34.197471,陕西省,西安市,108.882992,34.197471,星星充电汽车公共充电站,西安市,汽车相关 充电站,星星充电,2,其他
蔚来能源目的地公共充电站,汽车相关,充电站,108.880369,34.190737,陕西省,西安市,108.880369,34.190737,蔚来能源目的地公共充电站,西安市,汽车相关 充电站,蔚来,7,其他
特来电汽车公共充电站,汽车相关,充电站,108.901943,34.198156000000004,陕西省,西安市,108.901943,34.198156000000004,特来电汽车公共充电站,西安市,汽车相关 充电站,特来电,2,其他
小桔充电汽车充电站,汽车相关,充电站,108.902151,34.198023,陕西省,西安市,108.902151,34.198023,小桔充电汽车充电站,西安市,汽车相关 充电站,其他,4,其他
特来电汽车公共充电站,汽车相关,充电站,108.902144,34.204561000000005,陕西省,西安市,108.902144,34.204561000000005,特来电汽车公共充电站,西安市,汽车相关 充电站,特来电,6,其他
小桔充电汽车公共充电站,汽车相关,充电站,108.903263,34.207801,陕西省,西安市,108.903263,34.207801,小桔充电汽车公共充电站,西安市,汽车相关 充电站,其他,7,其他
小桔充电汽车公共充电站,汽车相关,充电站,108.909201,34.214431,陕西省,西安市,108.909201,34.214431,小桔充电汽车公共充电站,西安市,汽车相关 充电站,其他,7,其他
梦想充电充电桩,汽车相关,充电站,108.904955,34.220045,陕西省,西安市,108.904955,34.220045,梦想充电充电桩,西安市,汽车相关 充电站,其他,3,其他
快电汽车公共充电站,汽车相关,充电站,108.907217,34.225285,陕西省,西安市,108.907217,34.225285,快电汽车公共充电站,西安市,汽车相关 充电站,其他,5,其他
特来电汽车公共充电站,汽车相关,充电站,108.909362,34.224981,陕西省,西安市,108.909362,34.224981,特来电汽车公共充电站,西安市,汽车相关 充电站,特来电,3,其他
星星充电汽车公共充电站,汽车相关,充电站,108.876871,34.218638000000006,陕西省,西安市,108.876871,34.218638000000006,星星充电汽车公共充电站,西安市,汽车相关 充电站,星星充电,7,其他
蔚来能源超级公共充电站,汽车相关,充电站,108.876822,34.220502,陕西省,西安市,108.876822,34.220502,蔚来能源超级公共充电站,西安市,汽车相关 充电站,蔚来,6,其他
南窑头电瓶车公共充电站,汽车相关,充电站,108.88252,34.219137,陕西省,西安市,108.88252,34.219137,南窑头电瓶车公共充电站,西安市,汽车相关 充电站,其他,2,其他
特斯拉超级公共充电站,汽车相关,充电站,108.883059,34.220687,陕西省,西安市,108.883059,34.220687,特斯拉超级公共充电站,西安市,汽车相关 充电站,特斯拉,2,其他
小桔充电汽车公共充电站,汽车相关,充电站,108.883467,34.222549,陕西省,西安市,108.883467,34.222549,小桔充电汽车公共充电站,西安市,汽车相关 充电站,其他,6,其他
小桔充电汽车公共充电站,汽车相关,充电站,108.884233,34.227197,陕西省,西安市,108.884233,34.227197,小桔充电汽车公共充电站,西安市,汽车相关 充电站,其他,7,其他
特来电汽车公共充电站,汽车相关,充电站,108.880066,34.225872,陕西省,西安市,108.880066,34.225872,特来电汽车公共充电站,西安市,汽车相关 充电站,特来电,8,其他
星星充电汽车公共充电站,汽车相关,充电站,108.872628,34.228181,陕西省,西安市,108.872628,34.228181,星星充电汽车公共充电站,西安市,汽车相关 充电站,星星充电,2,其他
特来电汽车公共充电站,汽车相关,充电站,108.871153,34.22591499999999,陕西省,西安市,108.871153,34.22591499999999,特来电汽车公共充电站,西安市,汽车相关 充电站,特来电,8,其他
中石化龙禹新能源汽车公共充电站,汽车相关,充电站,108.872451,34.240298,陕西省,西安市,108.872451,34.240298,中石化龙禹新能源汽车公共充电站,西安市,汽车相关 充电站,其他,2,其他
星星充电汽车公共充电站,汽车相关,充电站,108.885857,34.246753000000005,陕西省,西安市,108.885857,34.246753000000005,星星充电汽车公共充电站,西安市,汽车相关 充电站,星星充电,2,其他
蔚来能源汽车充电站,汽车相关,充电站,108.884994,34.253015,陕西省,西安市,108.884994,34.253015,蔚来能源汽车充电站,西安市,汽车相关 充电站,蔚来,5,其他
卡泰驰汽车公共充电站,汽车相关,充电站,108.883897,34.256716999999995,陕西省,西安市,108.883897,34.256716999999995,卡泰驰汽车公共充电站,西安市,汽车相关 充电站,其他,5,其他
特来电汽车公共充电站,汽车相关,充电站,108.890029,34.230005,陕西省,西安市,108.890029,34.230005,特来电汽车公共充电站,西安市,汽车相关 充电站,特来电,4,其他
星星充电汽车公共充电站,汽车相关,充电站,108.889432,34.238839,陕西省,西安市,108.889432,34.238839,星星充电汽车公共充电站,西安市,汽车相关 充电站,星星充电,3,其他
特斯拉超级公共充电站,汽车相关,充电站,108.908857,34.240386,陕西省,西安市,108.908857,34.240386,特斯拉超级公共充电站,西安市,汽车相关 充电站,特斯拉,6,其他
小桔充电汽车公共充电站,汽车相关,充电站,108.908839,34.240331,陕西省,西安市,108.908839,34.240331,小桔充电汽车公共充电站,西安市,汽车相关 充电站,其他,6,其他
特来电公共充电站,汽车相关,充电站,108.905986,34.240942000000004,陕西省,西安市,108.905986,34.240942000000004,特来电公共充电站,西安市,汽车相关 充电站,特来电,6,其他
开迈斯汽车充电站,汽车相关,充电站,108.904718,34.242744,陕西省,西安市,108.904718,34.242744,开迈斯汽车充电站,西安市,汽车相关 充电站,其他,4,其他
小桔充电汽车公共充电站,汽车相关,充电站,108.9001,34.242556,陕西省,西安市,108.9001,34.242556,小桔充电汽车公共充电站,西安市,汽车相关 充电站,其他,5,其他
小桔充电汽车充电站,汽车相关,充电站,108.907989,34.256821,陕西省,西安市,108.907989,34.256821,小桔充电汽车充电站,西安市,汽车相关 充电站,其他,7,其他
小桔充电汽车充电站,汽车相关,充电站,108.890237,34.247051,陕西省,西安市,108.890237,34.247051,小桔充电汽车充电站,西安市,汽车相关 充电站,其他,8,其他
特来电汽车公共充电站,汽车相关,充电站,108.88744,34.249561,陕西省,西安市,108.88744,34.249561,特来电汽车公共充电站,西安市,汽车相关 充电站,特来电,8,其他
汽车公共充电站,汽车相关,充电站,108.896045,34.250904,陕西省,西安市,108.896045,34.250904,汽车公共充电站,西安市,汽车相关 充电站,其他,7,其他
广汽能源汽车公共充电站,汽车相关,充电站,108.903677,34.26353,陕西省,西安市,108.903677,34.26353,广汽能源汽车公共充电站,西安市,汽车相关 充电站,其他,4,其他
万马爱充汽车公共充电站,汽车相关,充电站,108.901252,34.277981,陕西省,西安市,108.901252,34.277981,万马爱充汽车公共充电站,西安市,汽车相关 充电站,其他,7,其他
小鹏超级公共充电站,汽车相关,充电站,108.901813,34.280327,陕西省,西安市,108.901813,34.280327,小鹏超级公共充电站,西安市,汽车相关 充电站,小鹏,6,其他
汽车公共充电站,汽车相关,充电站,108.901808,34.288959,陕西省,西安市,108.901808,34.288959,汽车公共充电站,西安市,汽车相关 充电站,其他,3,其他
小桔充电汽车公共充电站,汽车相关,充电站,108.897571,34.280459,陕西省,西安市,108.897571,34.280459,小桔充电汽车公共充电站,西安市,汽车相关 充电站,其他,2,其他
广汽能源汽车公共充电站,汽车相关,充电站,108.89236,34.28987,陕西省,西安市,108.89236,34.28987,广汽能源汽车公共充电站,西安市,汽车相关 充电站,其他,8,其他
星星充电汽车公共充电站,汽车相关,充电站,108.885493,34.264821000000005,陕西省,西安市,108.885493,34.264821000000005,星星充电汽车公共充电站,西安市,汽车相关 充电站,星星充电,5,其他
星星充电汽车公共充电站,汽车相关,充电站,108.885479,34.264567,陕西省,西安市,108.885479,34.264567,星星充电汽车公共充电站,西安市,汽车相关 充电站,星星充电,5,其他
快电汽车公共充电站,汽车相关,充电站,108.871504,34.283908999999994,陕西省,西安市,108.871504,34.283908999999994,快电汽车公共充电站,西安市,汽车相关 充电站,其他,4,其他
特来电汽车公共充电站,汽车相关,充电站,108.875346,34.286827,陕西省,西安市,108.875346,34.286827,特来电汽车公共充电站,西安市,汽车相关 充电站,特来电,5,其他
小桔充电汽车充电站,汽车相关,充电站,108.823996,34.258691,陕西省,西安市,108.823996,34.258691,小桔充电汽车充电站,西安市,汽车相关 充电站,其他,6,其他
快电汽车公共充电站,汽车相关,充电站,108.825382,34.258234,陕西省,西安市,108.825382,34.258234,快电汽车公共充电站,西安市,汽车相关 充电站,其他,8,其他
星星充电汽车公共充电站,汽车相关,充电站,108.842844,34.245867,陕西省,西安市,108.842844,34.245867,星星充电汽车公共充电站,西安市,汽车相关 充电站,星星充电,7,其他
诚挚汽车公共充电站,汽车相关,充电站,108.843996,34.269909,陕西省,西安市,108.843996,34.269909,诚挚汽车公共充电站,西安市,汽车相关 充电站,其他,6,其他
万马新能源公共充电站,汽车相关,充电站,108.845094,34.269435,陕西省,西安市,108.845094,34.269435,万马新能源公共充电站,西安市,汽车相关 充电站,其他,4,其他
陕西安欣充电汽车公共充电站,汽车相关,充电站,108.845069,34.274297000000004,陕西省,西安市,108.845069,34.274297000000004,陕西安欣充电汽车公共充电站,西安市,汽车相关 充电站,其他,6,其他
陕煤博大尚居公共充电站,汽车相关,充电站,108.855181,34.269032,陕西省,西安市,108.855181,34.269032,陕煤博大尚居公共充电站,西安市,汽车相关 充电站,其他,7,其他
延长壳牌汽车公共充电站,汽车相关,充电站,108.851789,34.283894,陕西省,西安市,108.851789,34.283894,延长壳牌汽车公共充电站,西安市,汽车相关 充电站,其他,3,其他
国家电网汽车公共充电站,汽车相关,充电站,108.825758,34.271968,陕西省,西安市,108.825758,34.271968,国家电网汽车公共充电站,西安市,汽车相关 充电站,国家电网,4,其他
快电汽车公共充电站,汽车相关,充电站,108.826143,34.274465,陕西省,西安市,108.826143,34.274465,快电汽车公共充电站,西安市,汽车相关 充电站,其他,3,其他
特来电汽车公共充电站,汽车相关,充电站,108.836638,34.267418,陕西省,西安市,108.836638,34.267418,特来电汽车公共充电站,西安市,汽车相关 充电站,特来电,2,其他
依威能源汽车公共充电站,汽车相关,充电站,108.83147,34.284978,陕西省,西安市,108.83147,34.284978,依威能源汽车公共充电站,西安市,汽车相关 充电站,其他,3,其他
特来电汽车公共充电站,汽车相关,充电站,108.821379,34.292539,陕西省,西安市,108.821379,34.292539,特来电汽车公共充电站,西安市,汽车相关 充电站,特来电,2,其他
小桔充电汽车公共充电站,汽车相关,充电站,108.824676,34.295099,陕西省,西安市,108.824676,34.295099,小桔充电汽车公共充电站,西安市,汽车相关 充电站,其他,2,其他
小桔充电汽车公共充电站,汽车相关,充电站,108.919841,34.192573,陕西省,西安市,108.919841,34.192573,小桔充电汽车公共充电站,西安市,汽车相关 充电站,其他,3,其他
特来电汽车公共充电站,汽车相关,充电站,108.947857,34.192193,陕西省,西安市,108.947857,34.192193,特来电汽车公共充电站,西安市,汽车相关 充电站,特来电,4,其他
快电汽车公共充电站,汽车相关,充电站,108.947488,34.195375,陕西省,西安市,108.947488,34.195375,快电汽车公共充电站,西安市,汽车相关 充电站,其他,7,其他
乐荟中心专用停车场汽车充电站,汽车相关,充电站,108.94044,34.185379000000005,陕西省,西安市,108.94044,34.185379000000005,乐荟中心专用停车场汽车充电站,西安市,汽车相关 充电站,其他,6,其他
汽车公共充电站,汽车相关,充电站,108.939209,34.187165,陕西省,西安市,108.939209,34.187165,汽车公共充电站,西安市,汽车相关 充电站,其他,6,其他
小桔充电汽车公共充电站,汽车相关,充电站,108.937166,34.200004,陕西省,西安市,108.937166,34.200004,小桔充电汽车公共充电站,西安市,汽车相关 充电站,其他,7,其他
特来电汽车公共充电站,汽车相关,充电站,108.935639,34.205428,陕西省,西安市,108.935639,34.205428,特来电汽车公共充电站,西安市,汽车相关 充电站,特来电,8,其他
星星充电汽车公共充电站,汽车相关,充电站,108.942483,34.204783,陕西省,西安市,108.942483,34.204783,星星充电汽车公共充电站,西安市,汽车相关 充电站,星星充电,8,其他
星星充电汽车公共充电站,汽车相关,充电站,108.941768,34.204835,陕西省,西安市,108.941768,34.204835,星星充电汽车公共充电站,西安市,汽车相关 充电站,星星充电,2,其他
特来电汽车公共充电站,汽车相关,充电站,108.932618,34.206765999999995,陕西省,西安市,108.932618,34.206765999999995,特来电汽车公共充电站,西安市,汽车相关 充电站,特来电,2,其他
星星充电汽车公共充电站,汽车相关,充电站,108.944551,34.198784,陕西省,西安市,108.944551,34.198784,星星充电汽车公共充电站,西安市,汽车相关 充电站,星星充电,4,其他
汽车公共充电站,汽车相关,充电站,108.946048,34.212502,陕西省,西安市,108.946048,34.212502,汽车公共充电站,西安市,汽车相关 充电站,其他,5,其他
特来电汽车充电站,汽车相关,充电站,108.946004,34.2174,陕西省,西安市,108.946004,34.2174,特来电汽车充电站,西安市,汽车相关 充电站,特来电,3,其他
特来电汽车公共充电站,汽车相关,充电站,108.936207,34.226274,陕西省,西安市,108.936207,34.226274,特来电汽车公共充电站,西安市,汽车相关 充电站,特来电,2,其他
汽车公共充电站,汽车相关,充电站,108.936012,34.228106999999994,陕西省,西安市,108.936012,34.228106999999994,汽车公共充电站,西安市,汽车相关 充电站,其他,6,其他
小桔充电汽车公共充电站,汽车相关,充电站,108.926278,34.221051,陕西省,西安市,108.926278,34.221051,小桔充电汽车公共充电站,西安市,汽车相关 充电站,其他,4,其他
小桔充电汽车公共充电站,汽车相关,充电站,108.91147,34.215299,陕西省,西安市,108.91147,34.215299,小桔充电汽车公共充电站,西安市,汽车相关 充电站,其他,3,其他
小桔充电汽车公共充电站,汽车相关,充电站,108.911591,34.228466,陕西省,西安市,108.911591,34.228466,小桔充电汽车公共充电站,西安市,汽车相关 充电站,其他,4,其他
极氪能源汽车公共充电站,汽车相关,充电站,108.911779,34.228202,陕西省,西安市,108.911779,34.228202,极氪能源汽车公共充电站,西安市,汽车相关 充电站,其他,3,其他
电动自行车智能公共充电站,生活服务,其他,108.956977,34.170107,陕西省,西安市,108.956977,34.170107,电动自行车智能公共充电站,西安市,生活服务 其他,其他,3,其他
国家电网汽车公共充电站,汽车相关,充电站,108.957156,34.197237,陕西省,西安市,108.957156,34.197237,国家电网汽车公共充电站,西安市,汽车相关 充电站,国家电网,7,其他
特来电汽车公共充电站,汽车相关,充电站,108.955435,34.194979000000004,陕西省,西安市,108.955435,34.194979000000004,特来电汽车公共充电站,西安市,汽车相关 充电站,特来电,2,其他
云快充汽车公共充电站,汽车相关,充电站,108.966428,34.214144999999995,陕西省,西安市,108.966428,34.214144999999995,云快充汽车公共充电站,西安市,汽车相关 充电站,云快充,4,其他
极氪能源汽车公共充电站,汽车相关,充电站,108.970008,34.219873,陕西省,西安市,108.970008,34.219873,极氪能源汽车公共充电站,西安市,汽车相关 充电站,其他,4,其他
保时捷汽车公共充电站,汽车相关,充电站,108.968625,34.217158999999995,陕西省,西安市,108.968625,34.217158999999995,保时捷汽车公共充电站,西安市,汽车相关 充电站,其他,7,其他
特来电汽车公共充电站,汽车相关,充电站,108.96216,34.217577000000006,陕西省,西安市,108.96216,34.217577000000006,特来电汽车公共充电站,西安市,汽车相关 充电站,特来电,6,其他
小桔充电汽车公共充电站,汽车相关,充电站,108.962362,34.222441,陕西省,西安市,108.962362,34.222441,小桔充电汽车公共充电站,西安市,汽车相关 充电站,其他,6,其他
特来电汽车公共充电站,汽车相关,充电站,108.962698,34.238308999999994,陕西省,西安市,108.962698,34.238308999999994,特来电汽车公共充电站,西安市,汽车相关 充电站,特来电,8,其他
特斯拉超级公共充电站,汽车相关,充电站,108.975242,34.234506,陕西省,西安市,108.975242,34.234506,特斯拉超级公共充电站,西安市,汽车相关 充电站,特斯拉,2,其他
广汽能源汽车公共充电站,汽车相关,充电站,108.975257,34.234563,陕西省,西安市,108.975257,34.234563,广汽能源汽车公共充电站,西安市,汽车相关 充电站,其他,2,其他
理想汽车公共充电站,汽车相关,充电站,108.97477,34.234553,陕西省,西安市,108.97477,34.234553,理想汽车公共充电站,西安市,汽车相关 充电站,理想,5,其他
特来电汽车公共充电站,汽车相关,充电站,108.975496,34.256278,陕西省,西安市,108.975496,34.256278,特来电汽车公共充电站,西安市,汽车相关 充电站,特来电,7,其他
特来电汽车公共充电站,汽车相关,充电站,108.962924,34.250248,陕西省,西安市,108.962924,34.250248,特来电汽车公共充电站,西安市,汽车相关 充电站,特来电,6,其他
直道充电汽车公共充电站忆江南酒店,汽车相关,充电站,108.996087,34.251638,陕西省,西安市,108.996087,34.251638,直道充电汽车公共充电站忆江南酒店,西安市,汽车相关 充电站,其他,3,其他
汽车公共充电站,汽车相关,充电站,108.987688,34.252745000000004,陕西省,西安市,108.987688,34.252745000000004,汽车公共充电站,西安市,汽车相关 充电站,其他,4,其他
九九充电兴庆公园汽车公共充电站,汽车相关,充电站,108.987891,34.252801,陕西省,西安市,108.987891,34.252801,九九充电兴庆公园汽车公共充电站,西安市,汽车相关 充电站,其他,2,其他
特来电公共充电站,汽车相关,充电站,108.991792,34.271350000000005,陕西省,西安市,108.991792,34.271350000000005,特来电公共充电站,西安市,汽车相关 充电站,特来电,4,其他
星星充电汽车公共充电站,汽车相关,充电站,108.982735,34.280498,陕西省,西安市,108.982735,34.280498,星星充电汽车公共充电站,西安市,汽车相关 充电站,星星充电,4,其他
小桔公共充电站,汽车相关,充电站,108.984098,34.280192,陕西省,西安市,108.984098,34.280192,小桔公共充电站,西安市,汽车相关 充电站,其他,5,其他
延长壳牌汽车公共充电站,汽车相关,充电站,108.960114,34.27073,陕西省,西安市,108.960114,34.27073,延长壳牌汽车公共充电站,西安市,汽车相关 充电站,其他,6,其他
特来电汽车充电站,汽车相关,充电站,108.915797,34.230632,陕西省,西安市,108.915797,34.230632,特来电汽车充电站,西安市,汽车相关 充电站,特来电,2,其他
特来电汽车充电站,汽车相关,充电站,108.921209,34.23203,陕西省,西安市,108.921209,34.23203,特来电汽车充电站,西安市,汽车相关 充电站,特来电,4,其他
特来电汽车公共充电站,汽车相关,充电站,108.922843,34.234522,陕西省,西安市,108.922843,34.234522,特来电汽车公共充电站,西安市,汽车相关 充电站,特来电,2,其他
小桔充电汽车公共充电站,汽车相关,充电站,108.931572,34.234113,陕西省,西安市,108.931572,34.234113,小桔充电汽车公共充电站,西安市,汽车相关 充电站,其他,3,其他
西安卡丘汽车充电站,汽车相关,充电站,108.946129,34.248514,陕西省,西安市,108.946129,34.248514,西安卡丘汽车充电站,西安市,汽车相关 充电站,其他,5,其他
特来电汽车充电站,汽车相关,充电站,108.946096,34.263756,陕西省,西安市,108.946096,34.263756,特来电汽车充电站,西安市,汽车相关 充电站,特来电,3,其他
星星充电汽车公共充电站,汽车相关,充电站,108.945272,34.27118299999999,陕西省,西安市,108.945272,34.27118299999999,星星充电汽车公共充电站,西安市,汽车相关 充电站,星星充电,2,其他
星星充电青年路公共充电站,汽车相关,充电站,108.945876,34.271562,陕西省,西安市,108.945876,34.271562,星星充电青年路公共充电站,西安市,汽车相关 充电站,星星充电,8,其他
中榆能源广耀公共充电站,汽车相关,充电站,108.940061,34.284004,陕西省,西安市,108.940061,34.284004,中榆能源广耀公共充电站,西安市,汽车相关 充电站,其他,2,其他
特来电汽车公共充电站,汽车相关,充电站,108.933654,34.289425,陕西省,西安市,108.933654,34.289425,特来电汽车公共充电站,西安市,汽车相关 充电站,特来电,6,其他
汽车公共充电站,汽车相关,充电站,108.933664,34.289474,陕西省,西安市,108.933664,34.289474,汽车公共充电站,西安市,汽车相关 充电站,其他,4,其他
小桔充电汽车公共充电站,汽车相关,充电站,108.930805,34.269307,陕西省,西安市,108.930805,34.269307,小桔充电汽车公共充电站,西安市,汽车相关 充电站,其他,4,其他
小桔充电汽车公共充电站,汽车相关,充电站,108.923362,34.268988,陕西省,西安市,108.923362,34.268988,小桔充电汽车公共充电站,西安市,汽车相关 充电站,其他,3,其他
小桔充电汽车公共充电站,汽车相关,充电站,108.921829,34.268094000000005,陕西省,西安市,108.921829,34.268094000000005,小桔充电汽车公共充电站,西安市,汽车相关 充电站,其他,5,其他
星星充电汽车充电站,汽车相关,充电站,108.926058,34.268148000000004,陕西省,西安市,108.926058,34.268148000000004,星星充电汽车充电站,西安市,汽车相关 充电站,星星充电,8,其他
浩林方里电动自行车智能公共充电站,生活服务,其他,108.921744,34.282501,陕西省,西安市,108.921744,34.282501,浩林方里电动自行车智能公共充电站,西安市,生活服务 其他,其他,7,其他
特斯拉超级公共充电站,汽车相关,充电站,108.917425,34.284899,陕西省,西安市,108.917425,34.284899,特斯拉超级公共充电站,西安市,汽车相关 充电站,特斯拉,4,其他
电动车充电桩,生活服务,其他,109.069548,34.274161,陕西省,西安市,109.069548,34.274161,电动车充电桩,西安市,生活服务 其他,其他,6,其他
特来电汽车公共充电站,汽车相关,充电站,109.069287,34.279029,陕西省,西安市,109.069287,34.279029,特来电汽车公共充电站,西安市,汽车相关 充电站,特来电,3,其他
延长壳牌汽车公共充电站,汽车相关,充电站,109.071682,34.283851,陕西省,西安市,109.071682,34.283851,延长壳牌汽车公共充电站,西安市,汽车相关 充电站,其他,3,其他
驿充电公共充电站,汽车相关,充电站,109.060468,34.26889,陕西省,西安市,109.060468,34.26889,驿充电公共充电站,西安市,汽车相关 充电站,其他,7,其他
特来电汽车公共充电站,汽车相关,充电站,109.053438,34.275586,陕西省,西安市,109.053438,34.275586,特来电汽车公共充电站,西安市,汽车相关 充电站,特来电,6,其他
小桔充电汽车公共充电站,汽车相关,充电站,109.010437,34.240952,陕西省,西安市,109.010437,34.240952,小桔充电汽车公共充电站,西安市,汽车相关 充电站,其他,5,其他
星星充电咸宁路天子汽车公共充电站,汽车相关,充电站,109.021685,34.251495,陕西省,西安市,109.021685,34.251495,星星充电咸宁路天子汽车公共充电站,西安市,汽车相关 充电站,星星充电,6,其他
小桔充电汽车充电站,汽车相关,充电站,109.007048,34.244718000000006,陕西省,西安市,109.007048,34.244718000000006,小桔充电汽车充电站,西安市,汽车相关 充电站,其他,5,其他
西安卡丘汽车公共充电站,汽车相关,充电站,109.010447,34.250906,陕西省,西安市,109.010447,34.250906,西安卡丘汽车公共充电站,西安市,汽车相关 充电站,其他,6,其他
特来电汽车公共充电站,汽车相关,充电站,108.999953,34.254005,陕西省,西安市,108.999953,34.254005,特来电汽车公共充电站,西安市,汽车相关 充电站,特来电,6,其他
老虎快充,汽车相关,充电站,109.039336,34.251427,陕西省,西安市,109.039336,34.251427,老虎快充,西安市,汽车相关 充电站,其他,2,其他
无双极通-沁水路公共充电站,汽车相关,充电站,109.037072,34.264291,陕西省,西安市,109.037072,34.264291,无双极通-沁水路公共充电站,西安市,汽车相关 充电站,其他,3,其他
汽车公共充电站,汽车相关,充电站,109.013788,34.266919,陕西省,西安市,109.013788,34.266919,汽车公共充电站,西安市,汽车相关 充电站,其他,6,其他
老虎公共充电站,汽车相关,充电站,109.007795,34.288304,陕西省,西安市,109.007795,34.288304,老虎公共充电站,西安市,汽车相关 充电站,其他,7,其他
延长壳牌汽车公共充电站,汽车相关,充电站,109.000805,34.30321,陕西省,西安市,109.000805,34.30321,延长壳牌汽车公共充电站,西安市,汽车相关 充电站,其他,6,其他
星星充电汽车公共充电站,汽车相关,充电站,109.013558,34.311184,陕西省,西安市,109.013558,34.311184,星星充电汽车公共充电站,西安市,汽车相关 充电站,星星充电,4,其他
小桔充电汽车公共充电站,汽车相关,充电站,109.003702,34.311364,陕西省,西安市,109.003702,34.311364,小桔充电汽车公共充电站,西安市,汽车相关 充电站,其他,3,其他
小桔充电汽车公共充电站,汽车相关,充电站,109.010587,34.310374,陕西省,西安市,109.010587,34.310374,小桔充电汽车公共充电站,西安市,汽车相关 充电站,其他,4,其他
云快充汽车公共充电站,汽车相关,充电站,109.02345,34.293456,陕西省,西安市,109.02345,34.293456,云快充汽车公共充电站,西安市,汽车相关 充电站,云快充,3,其他
灞能充电浐灞十里铺站,汽车相关,充电站,109.024107,34.293436,陕西省,西安市,109.024107,34.293436,灞能充电浐灞十里铺站,西安市,汽车相关 充电站,其他,4,其他
延长壳牌汽车公共充电站,汽车相关,充电站,109.023133,34.294999999999995,陕西省,西安市,109.023133,34.294999999999995,延长壳牌汽车公共充电站,西安市,汽车相关 充电站,其他,6,其他
蔚来换电站,汽车相关,充电站,109.022439,34.295676,陕西省,西安市,109.022439,34.295676,蔚来换电站,西安市,汽车相关 充电站,蔚来,6,其他
国家电网汽车公共充电站,汽车相关,充电站,109.021896,34.402536999999995,陕西省,西安市,109.021896,34.402536999999995,国家电网汽车公共充电站,西安市,汽车相关 充电站,国家电网,2,其他
国家电网汽车公共充电站,汽车相关,充电站,109.020235,34.404494,陕西省,西安市,109.020235,34.404494,国家电网汽车公共充电站,西安市,汽车相关 充电站,国家电网,7,其他
延长壳牌朱宏路威尔佳公共充电站,汽车相关,充电站,108.92266,34.294197999999994,陕西省,西安市,108.92266,34.294197999999994,延长壳牌朱宏路威尔佳公共充电站,西安市,汽车相关 充电站,其他,4,其他
小桔充电汽车公共充电站,汽车相关,充电站,108.922923,34.296501,陕西省,西安市,108.922923,34.296501,小桔充电汽车公共充电站,西安市,汽车相关 充电站,其他,5,其他
小桔充电,汽车相关,充电站,108.939654,34.290988,陕西省,西安市,108.939654,34.290988,小桔充电,西安市,汽车相关 充电站,其他,2,其他
汽车公共充电站,汽车相关,充电站,108.940803,34.31039,陕西省,西安市,108.940803,34.31039,汽车公共充电站,西安市,汽车相关 充电站,其他,4,其他
小桔充电汽车公共充电站,汽车相关,充电站,108.936067,34.326465,陕西省,西安市,108.936067,34.326465,小桔充电汽车公共充电站,西安市,汽车相关 充电站,其他,4,其他
蔚来能源超级公共充电站,汽车相关,充电站,108.934026,34.326656,陕西省,西安市,108.934026,34.326656,蔚来能源超级公共充电站,西安市,汽车相关 充电站,蔚来,2,其他
比亚迪陕西意拓销售服务店公共充电站,汽车相关,汽车维修,108.934895,34.326308999999995,陕西省,西安市,108.934895,34.326308999999995,比亚迪陕西意拓销售服务店公共充电站,西安市,汽车相关 汽车维修,其他,6,其他
星星充电汽车公共充电站,汽车相关,充电站,108.939744,34.324653,陕西省,西安市,108.939744,34.324653,星星充电汽车公共充电站,西安市,汽车相关 充电站,星星充电,4,其他
小鹏超级充电站,汽车相关,充电站,108.940943,34.329507,陕西省,西安市,108.940943,34.329507,小鹏超级充电站,西安市,汽车相关 充电站,小鹏,6,其他
佰欧特汽车公共充电站凤城六路站,汽车相关,充电站,108.94057,34.333584,陕西省,西安市,108.94057,34.333584,佰欧特汽车公共充电站凤城六路站,西安市,汽车相关 充电站,其他,2,其他
小桔充电汽车公共充电站,汽车相关,充电站,108.9441,34.322835999999995,陕西省,西安市,108.9441,34.322835999999995,小桔充电汽车公共充电站,西安市,汽车相关 充电站,其他,6,其他
西安开元大剧院汽车公共充电站,汽车相关,充电站,108.952579,34.34638,陕西省,西安市,108.952579,34.34638,西安开元大剧院汽车公共充电站,西安市,汽车相关 充电站,其他,3,其他
星星充电汽车公共充电站,汽车相关,充电站,108.954726,34.350452,陕西省,西安市,108.954726,34.350452,星星充电汽车公共充电站,西安市,汽车相关 充电站,星星充电,5,其他
小鹏超级公共充电站,汽车相关,充电站,108.954749,34.350981,陕西省,西安市,108.954749,34.350981,小鹏超级公共充电站,西安市,汽车相关 充电站,小鹏,8,其他
汽车公共充电站,汽车相关,充电站,108.949063,34.344649999999994,陕西省,西安市,108.949063,34.344649999999994,汽车公共充电站,西安市,汽车相关 充电站,其他,4,其他
茶歇满电汽车公共充电站,汽车相关,充电站,108.934507,34.339783999999995,陕西省,西安市,108.934507,34.339783999999995,茶歇满电汽车公共充电站,西安市,汽车相关 充电站,其他,7,其他
星星充电汽车公共充电站,汽车相关,充电站,108.942574,34.341530000000006,陕西省,西安市,108.942574,34.341530000000006,星星充电汽车公共充电站,西安市,汽车相关 充电站,星星充电,5,其他
快电汽车公共充电站,汽车相关,充电站,108.92894,34.337554,陕西省,西安市,108.92894,34.337554,快电汽车公共充电站,西安市,汽车相关 充电站,其他,8,其他
特来电汽车公共充电站,汽车相关,充电站,108.971765,34.291959000000006,陕西省,西安市,108.971765,34.291959000000006,特来电汽车公共充电站,西安市,汽车相关 充电站,特来电,6,其他
国家电网汽车公共充电站,汽车相关,充电站,108.973399,34.297251,陕西省,西安市,108.973399,34.297251,国家电网汽车公共充电站,西安市,汽车相关 充电站,国家电网,4,其他
特来电汽车公共充电站,汽车相关,充电站,108.972461,34.294367,陕西省,西安市,108.972461,34.294367,特来电汽车公共充电站,西安市,汽车相关 充电站,特来电,6,其他
小桔充电汽车公共充电站,汽车相关,充电站,108.974763,34.312093,陕西省,西安市,108.974763,34.312093,小桔充电汽车公共充电站,西安市,汽车相关 充电站,其他,3,其他
小桔充电汽车充电站,汽车相关,充电站,108.976354,34.318304,陕西省,西安市,108.976354,34.318304,小桔充电汽车充电站,西安市,汽车相关 充电站,其他,2,其他
小桔充电汽车公共充电站,汽车相关,充电站,108.975999,34.319755,陕西省,西安市,108.975999,34.319755,小桔充电汽车公共充电站,西安市,汽车相关 充电站,其他,4,其他
延长壳牌汽车公共充电站,汽车相关,充电站,108.959696,34.309357,陕西省,西安市,108.959696,34.309357,延长壳牌汽车公共充电站,西安市,汽车相关 充电站,其他,8,其他
云快充汽车公共充电站,汽车相关,充电站,108.959799,34.305690000000006,陕西省,西安市,108.959799,34.305690000000006,云快充汽车公共充电站,西安市,汽车相关 充电站,云快充,8,其他
汽车公共充电站,汽车相关,其他,108.964345,34.307237,陕西省,西安市,108.964345,34.307237,汽车公共充电站,西安市,汽车相关 其他,其他,3,其他
万众源汽车公共充电站,汽车相关,充电站,108.963671,34.310248,陕西省,西安市,108.963671,34.310248,万众源汽车公共充电站,西安市,汽车相关 充电站,其他,3,其他
中石化龙禹新能源汽车公共充电站,汽车相关,充电站,108.961216,34.310869,陕西省,西安市,108.961216,34.310869,中石化龙禹新能源汽车公共充电站,西安市,汽车相关 充电站,其他,4,其他
星星充电汽车公共充电站,汽车相关,充电站,108.99576,34.292120999999995,陕西省,西安市,108.99576,34.292120999999995,星星充电汽车公共充电站,西安市,汽车相关 充电站,星星充电,6,其他
特来电公共充电站,汽车相关,充电站,108.994382,34.298285,陕西省,西安市,108.994382,34.298285,特来电公共充电站,西安市,汽车相关 充电站,特来电,7,其他
电动自行车智能公共充电站,生活服务,其他,108.99472,34.304559,陕西省,西安市,108.99472,34.304559,电动自行车智能公共充电站,西安市,生活服务 其他,其他,8,其他
安诚御花苑D区充电站,汽车相关,充电站,108.989538,34.306161,陕西省,西安市,108.989538,34.306161,安诚御花苑D区充电站,西安市,汽车相关 充电站,其他,8,其他
小飞象充电汽车公共充电站,汽车相关,充电站,108.989871,34.30566,陕西省,西安市,108.989871,34.30566,小飞象充电汽车公共充电站,西安市,汽车相关 充电站,其他,3,其他
中石化龙禹新能源汽车公共充电站,汽车相关,充电站,108.993543,34.315067,陕西省,西安市,108.993543,34.315067,中石化龙禹新能源汽车公共充电站,西安市,汽车相关 充电站,其他,5,其他
汽车公共充电站,汽车相关,充电站,108.993388,34.315487000000005,陕西省,西安市,108.993388,34.315487000000005,汽车公共充电站,西安市,汽车相关 充电站,其他,3,其他
小桔充电汽车公共充电站,汽车相关,充电站,108.9969,34.325945000000004,陕西省,西安市,108.9969,34.325945000000004,小桔充电汽车公共充电站,西安市,汽车相关 充电站,其他,7,其他
蔚来能源超级公共充电站,汽车相关,充电站,108.996716,34.326038999999994,陕西省,西安市,108.996716,34.326038999999994,蔚来能源超级公共充电站,西安市,汽车相关 充电站,蔚来,6,其他
特来电汽车公共充电站,汽车相关,充电站,108.971224,34.321915,陕西省,西安市,108.971224,34.321915,特来电汽车公共充电站,西安市,汽车相关 充电站,特来电,6,其他
延长壳牌汽车公共充电站,汽车相关,充电站,108.959389,34.336623,陕西省,西安市,108.959389,34.336623,延长壳牌汽车公共充电站,西安市,汽车相关 充电站,其他,5,其他
星星充电汽车公共充电站,汽车相关,充电站,108.960076,34.347029,陕西省,西安市,108.960076,34.347029,星星充电汽车公共充电站,西安市,汽车相关 充电站,星星充电,8,其他
小桔充电汽车公共充电站,汽车相关,充电站,108.982509,34.356052,陕西省,西安市,108.982509,34.356052,小桔充电汽车公共充电站,西安市,汽车相关 充电站,其他,3,其他
文正新能源汽车公共充电站,汽车相关,充电站,108.982525,34.356182000000004,陕西省,西安市,108.982525,34.356182000000004,文正新能源汽车公共充电站,西安市,汽车相关 充电站,其他,6,其他
小桔充电汽车公共充电站,汽车相关,充电站,108.991048,34.378035000000004,陕西省,西安市,108.991048,34.378035000000004,小桔充电汽车公共充电站,西安市,汽车相关 充电站,其他,7,其他
万马爱充汽车公共充电站,汽车相关,充电站,108.981449,34.379144999999994,陕西省,西安市,108.981449,34.379144999999994,万马爱充汽车公共充电站,西安市,汽车相关 充电站,其他,4,其他
快电汽车公共充电站,汽车相关,充电站,108.938091,34.353778,陕西省,西安市,108.938091,34.353778,快电汽车公共充电站,西安市,汽车相关 充电站,其他,2,其他
小桔充电汽车公共充电站,汽车相关,充电站,108.943285,34.352477,陕西省,西安市,108.943285,34.352477,小桔充电汽车公共充电站,西安市,汽车相关 充电站,其他,2,其他
汽车公共充电站,汽车相关,充电站,108.942801,34.363499000000004,陕西省,西安市,108.942801,34.363499000000004,汽车公共充电站,西安市,汽车相关 充电站,其他,2,其他
极氪能源汽车公共充电站,汽车相关,充电站,108.938507,34.363409,陕西省,西安市,108.938507,34.363409,极氪能源汽车公共充电站,西安市,汽车相关 充电站,其他,8,其他
快电汽车充电站,汽车相关,充电站,108.948606,34.351758000000004,陕西省,西安市,108.948606,34.351758000000004,快电汽车充电站,西安市,汽车相关 充电站,其他,3,其他
特来电汽车公共充电站,汽车相关,充电站,109.003456,34.462613,陕西省,西安市,109.003456,34.462613,特来电汽车公共充电站,西安市,汽车相关 充电站,特来电,5,其他
快电汽车公共充电站,汽车相关,充电站,109.084495,34.536911,陕西省,西安市,109.084495,34.536911,快电汽车公共充电站,西安市,汽车相关 充电站,其他,6,其他
星星充电汽车公共充电站,汽车相关,充电站,109.084595,34.541711,陕西省,西安市,109.084595,34.541711,星星充电汽车公共充电站,西安市,汽车相关 充电站,星星充电,4,其他
星星充电汽车公共充电站,汽车相关,充电站,109.310975,34.157336,陕西省,西安市,109.310975,34.157336,星星充电汽车公共充电站,西安市,汽车相关 充电站,星星充电,7,其他
特来电汽车公共充电站,汽车相关,充电站,109.225896,34.38465,陕西省,西安市,109.225896,34.38465,特来电汽车公共充电站,西安市,汽车相关 充电站,特来电,4,其他
小桔充电汽车公共充电站,汽车相关,充电站,109.191161,34.371098,陕西省,西安市,109.191161,34.371098,小桔充电汽车公共充电站,西安市,汽车相关 充电站,其他,7,其他
星星充电汽车公共充电站,汽车相关,充电站,109.193142,34.371462,陕西省,西安市,109.193142,34.371462,星星充电汽车公共充电站,西安市,汽车相关 充电站,星星充电,8,其他
小桔充电汽车公共充电站,汽车相关,充电站,109.202151,34.379200000000004,陕西省,西安市,109.202151,34.379200000000004,小桔充电汽车公共充电站,西安市,汽车相关 充电站,其他,3,其他
云快充汽车公共充电站,汽车相关,充电站,109.218372,34.372253,陕西省,西安市,109.218372,34.372253,云快充汽车公共充电站,西安市,汽车相关 充电站,云快充,2,其他
小桔充电汽车公共充电站,汽车相关,充电站,109.224711,34.368801000000005,陕西省,西安市,109.224711,34.368801000000005,小桔充电汽车公共充电站,西安市,汽车相关 充电站,其他,3,其他
交投新能源临潼人民路汽车公共充电站,汽车相关,充电站,109.213977,34.374835000000004,陕西省,西安市,109.213977,34.374835000000004,交投新能源临潼人民路汽车公共充电站,西安市,汽车相关 充电站,其他,8,其他
星星充电汽车公共充电站,汽车相关,充电站,109.207817,34.375023,陕西省,西安市,109.207817,34.375023,星星充电汽车公共充电站,西安市,汽车相关 充电站,星星充电,5,其他
特来电汽车公共充电站,汽车相关,充电站,109.091617,34.534719,陕西省,西安市,109.091617,34.534719,特来电汽车公共充电站,西安市,汽车相关 充电站,特来电,5,其他
星星充电汽车公共充电站,汽车相关,充电站,109.230592,34.658408,陕西省,西安市,109.230592,34.658408,星星充电汽车公共充电站,西安市,汽车相关 充电站,星星充电,8,其他
国家电网汽车公共充电站,汽车相关,充电站,109.221073,34.661521,陕西省,西安市,109.221073,34.661521,国家电网汽车公共充电站,西安市,汽车相关 充电站,国家电网,7,其他
特来电汽车公共充电站,汽车相关,充电站,108.890346,34.206729,陕西省,西安市,108.890346,34.206729,特来电汽车公共充电站,西安市,汽车相关 充电站,特来电,6,其他
特来电汽车公共充电站,汽车相关,充电站,108.890271,34.214819000000006,陕西省,西安市,108.890271,34.214819000000006,特来电汽车公共充电站,西安市,汽车相关 充电站,特来电,6,其他
特来电汽车公共充电站,汽车相关,充电站,108.890224,34.214879999999994,陕西省,西安市,108.890224,34.214879999999994,特来电汽车公共充电站,西安市,汽车相关 充电站,特来电,7,其他
延长壳牌汽车公共充电站,汽车相关,充电站,108.886903,34.25112,陕西省,西安市,108.886903,34.25112,延长壳牌汽车公共充电站,西安市,汽车相关 充电站,其他,5,其他
开迈斯汽车公共充电站,汽车相关,充电站,108.886535,34.249961,陕西省,西安市,108.886535,34.249961,开迈斯汽车公共充电站,西安市,汽车相关 充电站,其他,5,其他
小桔充电汽车公共充电站,汽车相关,充电站,108.891255,34.234384000000006,陕西省,西安市,108.891255,34.234384000000006,小桔充电汽车公共充电站,西安市,汽车相关 充电站,其他,5,其他
特来电公共充电站,汽车相关,充电站,108.906394,34.235714,陕西省,西安市,108.906394,34.235714,特来电公共充电站,西安市,汽车相关 充电站,特来电,3,其他
汽车公共充电站,汽车相关,充电站,108.891452,34.285635,陕西省,西安市,108.891452,34.285635,汽车公共充电站,西安市,汽车相关 充电站,其他,5,其他
快电汽车公共充电站,汽车相关,充电站,108.891542,34.285982,陕西省,西安市,108.891542,34.285982,快电汽车公共充电站,西安市,汽车相关 充电站,其他,4,其他
极氪能源汽车公共充电站,汽车相关,充电站,108.936453,34.194475,陕西省,西安市,108.936453,34.194475,极氪能源汽车公共充电站,西安市,汽车相关 充电站,其他,2,其他
特斯拉超级公共充电站,汽车相关,充电站,108.937498,34.194062,陕西省,西安市,108.937498,34.194062,特斯拉超级公共充电站,西安市,汽车相关 充电站,特斯拉,5,其他
特来电汽车公共充电站,汽车相关,充电站,108.946338,34.204273,陕西省,西安市,108.946338,34.204273,特来电汽车公共充电站,西安市,汽车相关 充电站,特来电,7,其他
广汽能源汽车公共充电站,汽车相关,充电站,108.940665,34.223475,陕西省,西安市,108.940665,34.223475,广汽能源汽车公共充电站,西安市,汽车相关 充电站,其他,2,其他
特来电公共充电站,汽车相关,充电站,108.939356,34.223726,陕西省,西安市,108.939356,34.223726,特来电公共充电站,西安市,汽车相关 充电站,特来电,3,其他
奥迪汽车充电站,汽车相关,充电站,108.933893,34.222227999999994,陕西省,西安市,108.933893,34.222227999999994,奥迪汽车充电站,西安市,汽车相关 充电站,其他,7,其他
极氪能源汽车公共充电站,汽车相关,充电站,108.96426,34.18172,陕西省,西安市,108.96426,34.18172,极氪能源汽车公共充电站,西安市,汽车相关 充电站,其他,2,其他
蔚来能源目的地公共充电站,汽车相关,充电站,108.986499,34.20342,陕西省,西安市,108.986499,34.20342,蔚来能源目的地公共充电站,西安市,汽车相关 充电站,蔚来,7,其他
特来电汽车公共充电站,汽车相关,充电站,108.988432,34.203384,陕西省,西安市,108.988432,34.203384,特来电汽车公共充电站,西安市,汽车相关 充电站,特来电,3,其他
极氪能源汽车公共充电站,汽车相关,充电站,108.991611,34.215185,陕西省,西安市,108.991611,34.215185,极氪能源汽车公共充电站,西安市,汽车相关 充电站,其他,4,其他
快电汽车公共充电站,汽车相关,充电站,108.962225,34.21159,陕西省,西安市,108.962225,34.21159,快电汽车公共充电站,西安市,汽车相关 充电站,其他,3,其他
小鹏超级公共充电站,汽车相关,充电站,108.962335,34.215041,陕西省,西安市,108.962335,34.215041,小鹏超级公共充电站,西安市,汽车相关 充电站,小鹏,3,其他
特斯拉汽车公共充电站,汽车相关,充电站,108.962891,34.215045,陕西省,西安市,108.962891,34.215045,特斯拉汽车公共充电站,西安市,汽车相关 充电站,特斯拉,7,其他
特来电汽车公共充电站,汽车相关,充电站,108.962127,34.215270000000004,陕西省,西安市,108.962127,34.215270000000004,特来电汽车公共充电站,西安市,汽车相关 充电站,特来电,8,其他
开迈斯汽车公共充电站,汽车相关,充电站,108.964266,34.24043,陕西省,西安市,108.964266,34.24043,开迈斯汽车公共充电站,西安市,汽车相关 充电站,其他,6,其他
特来电汽车公共充电站,汽车相关,充电站,108.96541,34.241434000000005,陕西省,西安市,108.96541,34.241434000000005,特来电汽车公共充电站,西安市,汽车相关 充电站,特来电,5,其他
极氪能源汽车公共充电站,汽车相关,充电站,108.961509,34.241413,陕西省,西安市,108.961509,34.241413,极氪能源汽车公共充电站,西安市,汽车相关 充电站,其他,5,其他
云快充汽车公共充电站,汽车相关,充电站,108.961248,34.25661100000001,陕西省,西安市,108.961248,34.25661100000001,云快充汽车公共充电站,西安市,汽车相关 充电站,云快充,4,其他
汽车公共充电站,汽车相关,充电站,108.99432,34.267785,陕西省,西安市,108.99432,34.267785,汽车公共充电站,西安市,汽车相关 充电站,其他,4,其他
星星充电汽车公共充电站,汽车相关,充电站,108.995915,34.277006,陕西省,西安市,108.995915,34.277006,星星充电汽车公共充电站,西安市,汽车相关 充电站,星星充电,5,其他
星星充电胡石区间公共充电站,汽车相关,充电站,108.995272,34.280117,陕西省,西安市,108.995272,34.280117,星星充电胡石区间公共充电站,西安市,汽车相关 充电站,星星充电,6,其他
特斯拉超级公共充电站,汽车相关,充电站,108.994737,34.279134,陕西省,西安市,108.994737,34.279134,特斯拉超级公共充电站,西安市,汽车相关 充电站,特斯拉,5,其他
小鹏超级公共充电站,汽车相关,充电站,108.973642,34.26909,陕西省,西安市,108.973642,34.26909,小鹏超级公共充电站,西安市,汽车相关 充电站,小鹏,8,其他
小桔充电汽车公共充电站,汽车相关,充电站,108.974749,34.269,陕西省,西安市,108.974749,34.269,小桔充电汽车公共充电站,西安市,汽车相关 充电站,其他,6,其他
中石化龙禹新能源汽车公共充电站,汽车相关,充电站,108.977332,34.269536,陕西省,西安市,108.977332,34.269536,中石化龙禹新能源汽车公共充电站,西安市,汽车相关 充电站,其他,4,其他
星星充电汽车公共充电站,汽车相关,充电站,108.967182,34.273973999999995,陕西省,西安市,108.967182,34.273973999999995,星星充电汽车公共充电站,西安市,汽车相关 充电站,星星充电,2,其他
特来电汽车公共充电站,汽车相关,充电站,108.972295,34.287487,陕西省,西安市,108.972295,34.287487,特来电汽车公共充电站,西安市,汽车相关 充电站,特来电,7,其他
特来电汽车公共充电站,汽车相关,充电站,108.971876,34.287164,陕西省,西安市,108.971876,34.287164,特来电汽车公共充电站,西安市,汽车相关 充电站,特来电,8,其他
西安卡丘汽车充电站,汽车相关,充电站,108.965466,34.276360000000004,陕西省,西安市,108.965466,34.276360000000004,西安卡丘汽车充电站,西安市,汽车相关 充电站,其他,8,其他
特斯拉目的地公共充电站,汽车相关,充电站,108.946381,34.254108,陕西省,西安市,108.946381,34.254108,特斯拉目的地公共充电站,西安市,汽车相关 充电站,特斯拉,4,其他
星星充电汽车充电站,汽车相关,充电站,108.942495,34.2548,陕西省,西安市,108.942495,34.2548,星星充电汽车充电站,西安市,汽车相关 充电站,星星充电,4,其他
云快充汽车公共充电站,汽车相关,充电站,108.945591,34.260611,陕西省,西安市,108.945591,34.260611,云快充汽车公共充电站,西安市,汽车相关 充电站,云快充,3,其他
奥迪汽车公共充电站,汽车相关,充电站,108.948177,34.294329,陕西省,西安市,108.948177,34.294329,奥迪汽车公共充电站,西安市,汽车相关 充电站,其他,8,其他
特来电公共充电站,汽车相关,充电站,108.946337,34.300901,陕西省,西安市,108.946337,34.300901,特来电公共充电站,西安市,汽车相关 充电站,特来电,3,其他
星星充电汽车公共充电站,汽车相关,充电站,108.946473,34.318524000000004,陕西省,西安市,108.946473,34.318524000000004,星星充电汽车公共充电站,西安市,汽车相关 充电站,星星充电,3,其他
特斯拉超级公共充电站,汽车相关,充电站,108.944135,34.338091000000006,陕西省,西安市,108.944135,34.338091000000006,特斯拉超级公共充电站,西安市,汽车相关 充电站,特斯拉,7,其他
特斯拉超级公共充电站,汽车相关,充电站,108.944935,34.33941,陕西省,西安市,108.944935,34.33941,特斯拉超级公共充电站,西安市,汽车相关 充电站,特斯拉,3,其他
茶歇满电汽车公共充电站,汽车相关,充电站,108.93741,34.342853000000005,陕西省,西安市,108.93741,34.342853000000005,茶歇满电汽车公共充电站,西安市,汽车相关 充电站,其他,6,其他
学府街区电动车集中公共充电站,汽车相关,充电站,108.991231,34.381824,陕西省,西安市,108.991231,34.381824,学府街区电动车集中公共充电站,西安市,汽车相关 充电站,其他,5,其他
奥迪汽车公共充电站,汽车相关,充电站,108.891607,34.20831,陕西省,西安市,108.891607,34.20831,奥迪汽车公共充电站,西安市,汽车相关 充电站,其他,2,其他
冲公共充电站-高新万达超级公共充电站,汽车相关,充电站,108.89179,34.208236,陕西省,西安市,108.89179,34.208236,冲公共充电站-高新万达超级公共充电站,西安市,汽车相关 充电站,其他,4,其他
特来电汽车公共充电站,汽车相关,充电站,108.892656,34.207572,陕西省,西安市,108.892656,34.207572,特来电汽车公共充电站,西安市,汽车相关 充电站,特来电,6,其他
特来电汽车公共充电站,汽车相关,充电站,108.88657,34.249794,陕西省,西安市,108.88657,34.249794,特来电汽车公共充电站,西安市,汽车相关 充电站,特来电,2,其他
小桔充电汽车公共充电站,汽车相关,充电站,108.899749,34.280873,陕西省,西安市,108.899749,34.280873,小桔充电汽车公共充电站,西安市,汽车相关 充电站,其他,8,其他
极氪能源汽车公共充电站,汽车相关,充电站,108.898704,34.281635,陕西省,西安市,108.898704,34.281635,极氪能源汽车公共充电站,西安市,汽车相关 充电站,其他,8,其他
特来电汽车充电站,汽车相关,充电站,108.94742,34.224277,陕西省,西安市,108.94742,34.224277,特来电汽车充电站,西安市,汽车相关 充电站,特来电,8,其他
汽车公共充电站,汽车相关,充电站,108.947284,34.225742000000004,陕西省,西安市,108.947284,34.225742000000004,汽车公共充电站,西安市,汽车相关 充电站,其他,6,其他
汽车公共充电站,汽车相关,充电站,108.932901,34.221585000000005,陕西省,西安市,108.932901,34.221585000000005,汽车公共充电站,西安市,汽车相关 充电站,其他,6,其他
广汽能源汽车公共充电站,汽车相关,充电站,108.962861,34.206295,陕西省,西安市,108.962861,34.206295,广汽能源汽车公共充电站,西安市,汽车相关 充电站,其他,4,其他
奥迪汽车公共充电站,汽车相关,充电站,108.963219,34.206483,陕西省,西安市,108.963219,34.206483,奥迪汽车公共充电站,西安市,汽车相关 充电站,其他,5,其他
特斯拉目的地公共充电站,汽车相关,充电站,108.96328,34.206153,陕西省,西安市,108.96328,34.206153,特斯拉目的地公共充电站,西安市,汽车相关 充电站,特斯拉,3,其他
特来电汽车公共充电站,汽车相关,充电站,108.96331,34.20578999999999,陕西省,西安市,108.96331,34.20578999999999,特来电汽车公共充电站,西安市,汽车相关 充电站,特来电,8,其他
特斯拉超级公共充电站,汽车相关,充电站,108.964582,34.206955,陕西省,西安市,108.964582,34.206955,特斯拉超级公共充电站,西安市,汽车相关 充电站,特斯拉,7,其他
蔚来能源目的地公共充电站,汽车相关,充电站,108.96346,34.206631,陕西省,西安市,108.96346,34.206631,蔚来能源目的地公共充电站,西安市,汽车相关 充电站,蔚来,5,其他
汽车充电站,汽车相关,充电站,108.963443,34.206696,陕西省,西安市,108.963443,34.206696,汽车充电站,西安市,汽车相关 充电站,其他,7,其他
延长壳牌西北商贸汽车公共充电站,汽车相关,充电站,108.982161,34.268989999999995,陕西省,西安市,108.982161,34.268989999999995,延长壳牌西北商贸汽车公共充电站,西安市,汽车相关 充电站,其他,4,其他
特来电汽车公共充电站,汽车相关,充电站,108.964394,34.267898,陕西省,西安市,108.964394,34.267898,特来电汽车公共充电站,西安市,汽车相关 充电站,特来电,4,其他
极氪能源汽车公共充电站,汽车相关,充电站,108.963749,34.26892599999999,陕西省,西安市,108.963749,34.26892599999999,极氪能源汽车公共充电站,西安市,汽车相关 充电站,其他,4,其他
特来电汽车公共充电站,汽车相关,充电站,109.000215,34.269731,陕西省,西安市,109.000215,34.269731,特来电汽车公共充电站,西安市,汽车相关 充电站,特来电,2,其他
茶歇满电汽车公共充电站,汽车相关,充电站,108.937249,34.339980999999995,陕西省,西安市,108.937249,34.339980999999995,茶歇满电汽车公共充电站,西安市,汽车相关 充电站,其他,7,其他
特斯拉超级公共充电站,汽车相关,充电站,108.972797,34.307441000000004,陕西省,西安市,108.972797,34.307441000000004,特斯拉超级公共充电站,西安市,汽车相关 充电站,特斯拉,5,其他
特来电汽车公共充电站,汽车相关,充电站,108.972902,34.314026000000005,陕西省,西安市,108.972902,34.314026000000005,特来电汽车公共充电站,西安市,汽车相关 充电站,特来电,5,其他
广汽能源汽车公共充电站,汽车相关,充电站,108.972863,34.314055,陕西省,西安市,108.972863,34.314055,广汽能源汽车公共充电站,西安市,汽车相关 充电站,其他,6,其他
星星充电汽车公共充电站,汽车相关,充电站,108.97296,34.314089,陕西省,西安市,108.97296,34.314089,星星充电汽车公共充电站,西安市,汽车相关 充电站,星星充电,6,其他
小鹏超级公共充电站,汽车相关,充电站,108.972794,34.316789,陕西省,西安市,108.972794,34.316789,小鹏超级公共充电站,西安市,汽车相关 充电站,小鹏,8,其他
特斯拉超级公共充电站,汽车相关,充电站,108.887284,34.249696,陕西省,西安市,108.887284,34.249696,特斯拉超级公共充电站,西安市,汽车相关 充电站,特斯拉,6,其他
特来电汽车充电站,汽车相关,充电站,108.949172,34.223206999999995,陕西省,西安市,108.949172,34.223206999999995,特来电汽车充电站,西安市,汽车相关 充电站,特来电,4,其他
特来电汽车公共充电站,汽车相关,充电站,108.933296,34.221961,陕西省,西安市,108.933296,34.221961,特来电汽车公共充电站,西安市,汽车相关 充电站,特来电,5,其他
特斯拉目的地公共充电站,汽车相关,充电站,108.933252,34.22184,陕西省,西安市,108.933252,34.22184,特斯拉目的地公共充电站,西安市,汽车相关 充电站,特斯拉,7,其他
奥迪汽车充电站,汽车相关,充电站,108.965125,34.181682,陕西省,西安市,108.965125,34.181682,奥迪汽车充电站,西安市,汽车相关 充电站,其他,4,其他
小鹏汽车公共充电站,汽车相关,充电站,108.964963,34.182382000000004,陕西省,西安市,108.964963,34.182382000000004,小鹏汽车公共充电站,西安市,汽车相关 充电站,小鹏,2,其他
西安东三环充电站(公交站),交通设施,公交站,109.05034797,34.21971115,陕西省,西安市,109.05034797,34.21971115,西安东三环充电站(公交站),西安市,交通设施 公交站,其他,6,交通
西安富源路充电站(公交站),交通设施,公交站,108.82996076,34.24521052,陕西省,西安市,108.82996076,34.24521052,西安富源路充电站(公交站),西安市,交通设施 公交站,其他,4,交通
百货商店-电动自行车公共充电站,购物消费,便利店,108.20473356,34.15398919,陕西省,西安市,108.20473356,34.15398919,百货商店-电动自行车公共充电站,西安市,购物消费 便利店,其他,4,商业
万马爱充充电站(西安昭明长乐中路城东停车楼),汽车相关,充电站,108.9998351,34.27077879,陕西省,西安市,108.9998351,34.27077879,万马爱充充电站(西安昭明长乐中路城东停车楼),西安市,汽车相关 充电站,其他,2,其他
万马爱充充电站(东方美居),汽车相关,充电站,108.9718458,34.28995399,陕西省,西安市,108.9718458,34.28995399,万马爱充充电站(东方美居),西安市,汽车相关 充电站,其他,3,其他
万马爱充充电站(能动科技止园饭店),汽车相关,充电站,108.9401133,34.27241724,陕西省,西安市,108.9401133,34.27241724,万马爱充充电站(能动科技止园饭店),西安市,汽车相关 充电站,其他,5,其他
万马爱充充电站(万马爱充梨园宫剧院餐厅站),汽车相关,充电站,108.9027416,34.28720492,陕西省,西安市,108.9027416,34.28720492,万马爱充充电站(万马爱充梨园宫剧院餐厅站),西安市,汽车相关 充电站,其他,7,其他
万马爱充充电站(西安西城出租),汽车相关,充电站,108.901247,34.2714262,陕西省,西安市,108.901247,34.2714262,万马爱充充电站(西安西城出租),西安市,汽车相关 充电站,其他,8,其他
万马爱充充电站(聚源商砼新能源砼车),汽车相关,充电站,109.1004456,34.34308649,陕西省,西安市,109.1004456,34.34308649,万马爱充充电站(聚源商砼新能源砼车),西安市,汽车相关 充电站,其他,3,其他
万马爱充充电站(万马爱充华夏幸福里购物中心站),汽车相关,充电站,109.0557858,34.27394262,陕西省,西安市,109.0557858,34.27394262,万马爱充充电站(万马爱充华夏幸福里购物中心站),西安市,汽车相关 充电站,其他,6,其他
万马爱充充电站(万马爱充陕西商储灞桥物流园站),汽车相关,充电站,109.1276293,34.34083703,陕西省,西安市,109.1276293,34.34083703,万马爱充充电站(万马爱充陕西商储灞桥物流园站),西安市,汽车相关 充电站,其他,4,其他
万马爱充充电站(昌达顺驰汽车),汽车相关,充电站,108.823205,34.29472833,陕西省,西安市,108.823205,34.29472833,万马爱充充电站(昌达顺驰汽车),西安市,汽车相关 充电站,其他,2,其他
万马爱充充电站(万马爱充北苑天后花园站),汽车相关,充电站,108.9476205,34.36066893,陕西省,西安市,108.9476205,34.36066893,万马爱充充电站(万马爱充北苑天后花园站),西安市,汽车相关 充电站,其他,2,其他
万马爱充充电站(窦家寨),汽车相关,充电站,108.8873432,34.3234709,陕西省,西安市,108.8873432,34.3234709,万马爱充充电站(窦家寨),西安市,汽车相关 充电站,其他,5,其他
万马爱充充电站(众成爱充碧桂园嘉誉),汽车相关,充电站,108.9566835,34.35309732,陕西省,西安市,108.9566835,34.35309732,万马爱充充电站(众成爱充碧桂园嘉誉),西安市,汽车相关 充电站,其他,3,其他
万马爱充充电站(万马爱充丰产路站),汽车相关,充电站,108.834942,34.33284843,陕西省,西安市,108.834942,34.33284843,万马爱充充电站(万马爱充丰产路站),西安市,汽车相关 充电站,其他,8,其他
万马爱充充电站(万马爱充商储六村堡站),汽车相关,充电站,108.8264271,34.33136645,陕西省,西安市,108.8264271,34.33136645,万马爱充充电站(万马爱充商储六村堡站),西安市,汽车相关 充电站,其他,5,其他
万马爱充充电站(万马爱充祥云物流园站),汽车相关,充电站,108.8248901,34.3165614,陕西省,西安市,108.8248901,34.3165614,万马爱充充电站(万马爱充祥云物流园站),西安市,汽车相关 充电站,其他,4,其他
万马爱充充电站(万马爱充新军寨站),汽车相关,充电站,108.8189199,34.30351521,陕西省,西安市,108.8189199,34.30351521,万马爱充充电站(万马爱充新军寨站),西安市,汽车相关 充电站,其他,5,其他
万马爱充充电站(万马爱充西三环中石化站),汽车相关,充电站,108.8488352,34.32613581,陕西省,西安市,108.8488352,34.32613581,万马爱充充电站(万马爱充西三环中石化站),西安市,汽车相关 充电站,其他,7,其他
万马爱充充电站(隆源孙武路站),汽车相关,充电站,108.8289151,34.30549742,陕西省,西安市,108.8289151,34.30549742,万马爱充充电站(隆源孙武路站),西安市,汽车相关 充电站,其他,2,其他
万马爱充充电站(西安记里站),汽车相关,充电站,108.8307361,34.33393248,陕西省,西安市,108.8307361,34.33393248,万马爱充充电站(西安记里站),西安市,汽车相关 充电站,其他,2,其他
万马爱充充电站(西安东方石化站),汽车相关,充电站,108.836732,34.32134636,陕西省,西安市,108.836732,34.32134636,万马爱充充电站(西安东方石化站),西安市,汽车相关 充电站,其他,6,其他
万马爱充充电站(万马爱充北客站文景山公园站),汽车相关,充电站,108.9474655,34.38376,陕西省,西安市,108.9474655,34.38376,万马爱充充电站(万马爱充北客站文景山公园站),西安市,汽车相关 充电站,其他,6,其他
万马爱充充电站(北三环大明宫鲲鹏),汽车相关,充电站,108.9816404,34.37892003,陕西省,西安市,108.9816404,34.37892003,万马爱充充电站(北三环大明宫鲲鹏),西安市,汽车相关 充电站,其他,8,其他
万马爱充充电站(万马爱充诚通石家街站),汽车相关,充电站,108.9961713,34.29424794,陕西省,西安市,108.9961713,34.29424794,万马爱充充电站(万马爱充诚通石家街站),西安市,汽车相关 充电站,其他,4,其他
万马爱充充电站(万马爱充大明宫红木灯饰广场站),汽车相关,充电站,108.9814405,34.37783004,陕西省,西安市,108.9814405,34.37783004,万马爱充充电站(万马爱充大明宫红木灯饰广场站),西安市,汽车相关 充电站,其他,7,其他
万马爱充充电站(西安市吴高墙村站),汽车相关,充电站,108.9147606,34.34554456,陕西省,西安市,108.9147606,34.34554456,万马爱充充电站(西安市吴高墙村站),西安市,汽车相关 充电站,其他,3,其他
万马爱充充电站(西安源源杨善停车场站),汽车相关,充电站,108.913317,34.33025883,陕西省,西安市,108.913317,34.33025883,万马爱充充电站(西安源源杨善停车场站),西安市,汽车相关 充电站,其他,5,其他
万马爱充充电站(万马爱充新房村中石油站),汽车相关,充电站,109.0180253,34.31165107,陕西省,西安市,109.0180253,34.31165107,万马爱充充电站(万马爱充新房村中石油站),西安市,汽车相关 充电站,其他,8,其他
万马爱充充电站(北客文景山公园),汽车相关,充电站,108.9473405,34.38375902,陕西省,西安市,108.9473405,34.38375902,万马爱充充电站(北客文景山公园),西安市,汽车相关 充电站,其他,4,其他
万马爱充充电站(能动科技金泰新理城),汽车相关,充电站,108.8690797,34.20787756,陕西省,西安市,108.8690797,34.20787756,万马爱充充电站(能动科技金泰新理城),西安市,汽车相关 充电站,其他,6,其他
万马爱充充电站(丈八东路花溪湾),汽车相关,充电站,108.9156554,34.19799515,陕西省,西安市,108.9156554,34.19799515,万马爱充充电站(丈八东路花溪湾),西安市,汽车相关 充电站,其他,5,其他
万马爱充充电站(万马爱充清华科技园站),汽车相关,充电站,108.8857065,34.22635202,陕西省,西安市,108.8857065,34.22635202,万马爱充充电站(万马爱充清华科技园站),西安市,汽车相关 充电站,其他,6,其他
万马爱充充电站(清华科技园),汽车相关,充电站,108.8863644,34.22597391,陕西省,西安市,108.8863644,34.22597391,万马爱充充电站(清华科技园),西安市,汽车相关 充电站,其他,5,其他
万马爱充充电站(科技三路汇豪树中心充电站二期),汽车相关,充电站,108.8852296,34.22213511,陕西省,西安市,108.8852296,34.22213511,万马爱充充电站(科技三路汇豪树中心充电站二期),西安市,汽车相关 充电站,其他,3,其他
万马爱充充电站(万马爱充曲江紫汀苑站),汽车相关,充电站,108.9852181,34.21232751,陕西省,西安市,108.9852181,34.21232751,万马爱充充电站(万马爱充曲江紫汀苑站),西安市,汽车相关 充电站,其他,4,其他
万马爱充充电站(万马爱充西沣路i都会),汽车相关,充电站,108.888065,34.18752055,陕西省,西安市,108.888065,34.18752055,万马爱充充电站(万马爱充西沣路i都会),西安市,汽车相关 充电站,其他,5,其他
万马爱充充电站(西安可可八八紫汀苑),汽车相关,充电站,108.9857891,34.21070946,陕西省,西安市,108.9857891,34.21070946,万马爱充充电站(西安可可八八紫汀苑),西安市,汽车相关 充电站,其他,7,其他
万马爱充充电站(杜陵P1停车场站),汽车相关,充电站,109.0240929,34.19496832,陕西省,西安市,109.0240929,34.19496832,万马爱充充电站(杜陵P1停车场站),西安市,汽车相关 充电站,其他,8,其他
万马爱充充电站(万马爱充阎良十四运极限运动中心站),汽车相关,充电站,109.2379614,34.68660874,陕西省,西安市,109.2379614,34.68660874,万马爱充充电站(万马爱充阎良十四运极限运动中心站),西安市,汽车相关 充电站,其他,2,其他
万马爱充充电站(陕西电力应急中心),汽车相关,充电站,109.2028287,34.46519183,陕西省,西安市,109.2028287,34.46519183,万马爱充充电站(陕西电力应急中心),西安市,汽车相关 充电站,其他,7,其他
万马爱充充电站(万马爱充长安区陕师大站),汽车相关,充电站,108.8977878,34.15670071,陕西省,西安市,108.8977878,34.15670071,万马爱充充电站(万马爱充长安区陕师大站),西安市,汽车相关 充电站,其他,7,其他
万马爱充充电站(万马爱充出口加工B区站),汽车相关,充电站,108.8453725,34.16705276,陕西省,西安市,108.8453725,34.16705276,万马爱充充电站(万马爱充出口加工B区站),西安市,汽车相关 充电站,其他,8,其他
万马爱充充电站(万马爱充长安航天翼城站),汽车相关,充电站,108.9676176,34.1614814,陕西省,西安市,108.9676176,34.1614814,万马爱充充电站(万马爱充长安航天翼城站),西安市,汽车相关 充电站,其他,2,其他
万马爱充充电站(西安昭明西沣路交通设施公司),汽车相关,充电站,108.8529538,34.14129221,陕西省,西安市,108.8529538,34.14129221,万马爱充充电站(西安昭明西沣路交通设施公司),西安市,汽车相关 充电站,其他,7,其他
万马爱充充电站(长安航天翼城站),汽车相关,充电站,108.9670457,34.16145648,陕西省,西安市,108.9670457,34.16145648,万马爱充充电站(长安航天翼城站),西安市,汽车相关 充电站,其他,5,其他
万马爱充充电站(万马爱充高陵华银壳牌站),汽车相关,充电站,109.0184513,34.46863526,陕西省,西安市,109.0184513,34.46863526,万马爱充充电站(万马爱充高陵华银壳牌站),西安市,汽车相关 充电站,其他,5,其他
万马爱充充电站(高陵馨佳苑),汽车相关,充电站,109.0370932,34.46452391,陕西省,西安市,109.0370932,34.46452391,万马爱充充电站(高陵馨佳苑),西安市,汽车相关 充电站,其他,5,其他
万马爱充充电站(万马爱充高陵华银中石油站),汽车相关,充电站,109.0013179,34.48483701,陕西省,西安市,109.0013179,34.48483701,万马爱充充电站(万马爱充高陵华银中石油站),西安市,汽车相关 充电站,其他,2,其他
万马爱充充电站(西安市高陵区楠楠新能源),汽车相关,充电站,109.0362741,34.46865981,陕西省,西安市,109.0362741,34.46865981,万马爱充充电站(西安市高陵区楠楠新能源),西安市,汽车相关 充电站,其他,7,其他
万马爱充充电站(西安市高陵区军庄充电站),汽车相关,充电站,109.0326156,34.4760724,陕西省,西安市,109.0326156,34.4760724,万马爱充充电站(西安市高陵区军庄充电站),西安市,汽车相关 充电站,其他,2,其他
万马爱充充电站(高陵陕汽),汽车相关,充电站,109.0187373,34.46854328,陕西省,西安市,109.0187373,34.46854328,万马爱充充电站(高陵陕汽),西安市,汽车相关 充电站,其他,5,其他
万马爱充充电站(万马爱充商储沣西物流园站),汽车相关,充电站,108.6577057,34.18749032,陕西省,西安市,108.6577057,34.18749032,万马爱充充电站(万马爱充商储沣西物流园站),西安市,汽车相关 充电站,其他,8,其他
中国铁塔汽车充电站(陕西西安华博仓储物流园铁塔充电站),汽车相关,充电站,108.9841401,34.41581185,陕西省,西安市,108.9841401,34.41581185,中国铁塔汽车充电站(陕西西安华博仓储物流园铁塔充电站),西安市,汽车相关 充电站,其他,7,其他
云快充汽车充电站(绿柠能源西安自强东路),汽车相关,充电站,108.9548479,34.27961652,陕西省,西安市,108.9548479,34.27961652,云快充汽车充电站(绿柠能源西安自强东路),西安市,汽车相关 充电站,云快充,7,其他
云快充汽车充电站(绿柠能源西安自强集市),汽车相关,充电站,108.9506168,34.27990727,陕西省,西安市,108.9506168,34.27990727,云快充汽车充电站(绿柠能源西安自强集市),西安市,汽车相关 充电站,云快充,6,其他
云快充汽车充电站(绿柠能源西安自强集市二期),汽车相关,充电站,108.9505689,34.27990127,陕西省,西安市,108.9505689,34.27990127,云快充汽车充电站(绿柠能源西安自强集市二期),西安市,汽车相关 充电站,云快充,6,其他
云快充汽车充电站(昭明新能源城东充电站),汽车相关,充电站,109.0002851,34.26968778,陕西省,西安市,109.0002851,34.26968778,云快充汽车充电站(昭明新能源城东充电站),西安市,汽车相关 充电站,云快充,3,其他
云快充汽车充电站(东方美居),汽车相关,充电站,108.9718248,34.29023899,陕西省,西安市,108.9718248,34.29023899,云快充汽车充电站(东方美居),西安市,汽车相关 充电站,云快充,4,其他
云快充汽车充电站(东方亿象城),汽车相关,充电站,108.9804316,34.269025,陕西省,西安市,108.9804316,34.269025,云快充汽车充电站(东方亿象城),西安市,汽车相关 充电站,云快充,6,其他
云快充汽车充电站(旭锦润),汽车相关,充电站,109.0165133,34.25312093,陕西省,西安市,109.0165133,34.25312093,云快充汽车充电站(旭锦润),西安市,汽车相关 充电站,云快充,2,其他
云快充汽车充电站(合创汽车西安合生汇),汽车相关,充电站,108.9493521,34.24921346,陕西省,西安市,108.9493521,34.24921346,云快充汽车充电站(合创汽车西安合生汇),西安市,汽车相关 充电站,云快充,6,其他
云快充汽车充电站(雁塔校区),汽车相关,充电站,108.9669157,34.23707358,陕西省,西安市,108.9669157,34.23707358,云快充汽车充电站(雁塔校区),西安市,汽车相关 充电站,云快充,3,其他
云快充汽车充电站(丽兹酒店),汽车相关,充电站,108.9198843,34.25901136,陕西省,西安市,108.9198843,34.25901136,云快充汽车充电站(丽兹酒店),西安市,汽车相关 充电站,云快充,7,其他
云快充汽车充电站(西安扉缦酒店钟鼓楼店),汽车相关,充电站,108.9451611,34.26148725,陕西省,西安市,108.9451611,34.26148725,云快充汽车充电站(西安扉缦酒店钟鼓楼店),西安市,汽车相关 充电站,云快充,3,其他
云快充汽车充电站(西安莲湖区IU酒店西安钟鼓楼回民街店),汽车相关,充电站,108.9308745,34.26003608,陕西省,西安市,108.9308745,34.26003608,云快充汽车充电站(西安莲湖区IU酒店西安钟鼓楼回民街店),西安市,汽车相关 充电站,云快充,7,其他
云快充汽车充电站(静安荟生活奥莱),汽车相关,充电站,108.9466907,34.28540099,陕西省,西安市,108.9466907,34.28540099,云快充汽车充电站(静安荟生活奥莱),西安市,汽车相关 充电站,云快充,8,其他
云快充汽车充电站(勤易充西安翡翠华庭),汽车相关,充电站,108.8841299,34.28277038,陕西省,西安市,108.8841299,34.28277038,云快充汽车充电站(勤易充西安翡翠华庭),西安市,汽车相关 充电站,云快充,8,其他
云快充汽车充电站(隆源白家口),汽车相关,充电站,108.8889188,34.28323655,陕西省,西安市,108.8889188,34.28323655,云快充汽车充电站(隆源白家口),西安市,汽车相关 充电站,云快充,7,其他
云快充汽车充电站(民为),汽车相关,充电站,108.8994664,34.28069456,陕西省,西安市,108.8994664,34.28069456,云快充汽车充电站(民为),西安市,汽车相关 充电站,云快充,4,其他
云快充汽车充电站(陕西起航丰禾路充电站),汽车相关,充电站,108.8974339,34.28057596,陕西省,西安市,108.8974339,34.28057596,云快充汽车充电站(陕西起航丰禾路充电站),西安市,汽车相关 充电站,云快充,6,其他
云快充汽车充电站(民为充电站),汽车相关,充电站,108.8986316,34.28097973,陕西省,西安市,108.8986316,34.28097973,云快充汽车充电站(民为充电站),西安市,汽车相关 充电站,云快充,2,其他
云快充汽车充电站(新未来环北充电站),汽车相关,充电站,108.9264207,34.27673802,陕西省,西安市,108.9264207,34.27673802,云快充汽车充电站(新未来环北充电站),西安市,汽车相关 充电站,云快充,2,其他
云快充汽车充电站(西安雅聚阁泡馍充电站),汽车相关,充电站,109.1163348,34.31603288,陕西省,西安市,109.1163348,34.31603288,云快充汽车充电站(西安雅聚阁泡馍充电站),西安市,汽车相关 充电站,云快充,5,其他
云快充汽车充电站(龙腾万都汇),汽车相关,充电站,109.0339389,34.25618731,陕西省,西安市,109.0339389,34.25618731,云快充汽车充电站(龙腾万都汇),西安市,汽车相关 充电站,云快充,7,其他
云快充汽车充电站(西安万年东三环西充电站),汽车相关,充电站,109.0508058,34.21908869,陕西省,西安市,109.0508058,34.21908869,云快充汽车充电站(西安万年东三环西充电站),西安市,汽车相关 充电站,云快充,2,其他
云快充汽车充电站(十里铺酒十路),汽车相关,充电站,109.0235408,34.29358039,陕西省,西安市,109.0235408,34.29358039,云快充汽车充电站(十里铺酒十路),西安市,汽车相关 充电站,云快充,4,其他
云快充汽车充电站(庞大新能源管委会),汽车相关,充电站,109.065035,34.36447653,陕西省,西安市,109.065035,34.36447653,云快充汽车充电站(庞大新能源管委会),西安市,汽车相关 充电站,云快充,7,其他
云快充汽车充电站(普洛斯西安贺韶物流园快充站),汽车相关,充电站,109.0812313,34.35943608,陕西省,西安市,109.0812313,34.35943608,云快充汽车充电站(普洛斯西安贺韶物流园快充站),西安市,汽车相关 充电站,云快充,4,其他
云快充汽车充电站(普洛斯西安贺韶物流园慢充站),汽车相关,充电站,109.0828817,34.36063046,陕西省,西安市,109.0828817,34.36063046,云快充汽车充电站(普洛斯西安贺韶物流园慢充站),西安市,汽车相关 充电站,云快充,2,其他
云快充汽车充电站(龙湖西安香醍天街),汽车相关,充电站,109.0384266,34.26241986,陕西省,西安市,109.0384266,34.26241986,云快充汽车充电站(龙湖西安香醍天街),西安市,汽车相关 充电站,云快充,2,其他
云快充汽车充电站(源源能源穆将王充电站),汽车相关,充电站,109.0513379,34.25336081,陕西省,西安市,109.0513379,34.25336081,云快充汽车充电站(源源能源穆将王充电站),西安市,汽车相关 充电站,云快充,5,其他
云快充汽车充电站(十里铺酒十路充电站),汽车相关,充电站,109.0224507,34.29518931,陕西省,西安市,109.0224507,34.29518931,云快充汽车充电站(十里铺酒十路充电站),西安市,汽车相关 充电站,云快充,2,其他
云快充汽车充电站(鼎新新能源停车场),汽车相关,充电站,108.9483353,34.31866674,陕西省,西安市,108.9483353,34.31866674,云快充汽车充电站(鼎新新能源停车场),西安市,汽车相关 充电站,云快充,7,其他
云快充汽车充电站(西安大明宫驿居酒店),汽车相关,充电站,108.9597549,34.30570875,陕西省,西安市,108.9597549,34.30570875,云快充汽车充电站(西安大明宫驿居酒店),西安市,汽车相关 充电站,云快充,8,其他
云快充汽车充电站(勤易充西安国际城),汽车相关,充电站,108.9165322,34.38724126,陕西省,西安市,108.9165322,34.38724126,云快充汽车充电站(勤易充西安国际城),西安市,汽车相关 充电站,云快充,7,其他
云快充汽车充电站(北沙口紫境城),汽车相关,充电站,108.8243131,34.30271837,陕西省,西安市,108.8243131,34.30271837,云快充汽车充电站(北沙口紫境城),西安市,汽车相关 充电站,云快充,7,其他
云快充汽车充电站(西安石化大道晨亦鑫),汽车相关,充电站,108.8692436,34.32346972,陕西省,西安市,108.8692436,34.32346972,云快充汽车充电站(西安石化大道晨亦鑫),西安市,汽车相关 充电站,云快充,5,其他
云快充汽车充电站(西安中洋一),汽车相关,充电站,108.8144816,34.29195598,陕西省,西安市,108.8144816,34.29195598,云快充汽车充电站(西安中洋一),西安市,汽车相关 充电站,云快充,5,其他
云快充汽车充电站(隆源孙武路充电站),汽车相关,充电站,108.8289221,34.30562343,陕西省,西安市,108.8289221,34.30562343,云快充汽车充电站(隆源孙武路充电站),西安市,汽车相关 充电站,云快充,2,其他
云快充汽车充电站(西安东方石化充电站),汽车相关,充电站,108.835547,34.31998139,陕西省,西安市,108.835547,34.31998139,云快充汽车充电站(西安东方石化充电站),西安市,汽车相关 充电站,云快充,3,其他
云快充汽车充电站(西安讲南),汽车相关,充电站,108.8863454,34.30741305,陕西省,西安市,108.8863454,34.30741305,云快充汽车充电站(西安讲南),西安市,汽车相关 充电站,云快充,3,其他
云快充汽车充电站(西安丰泰电商产业园快充站),汽车相关,充电站,108.8840559,34.36334954,陕西省,西安市,108.8840559,34.36334954,云快充汽车充电站(西安丰泰电商产业园快充站),西安市,汽车相关 充电站,云快充,5,其他
云快充汽车充电站(汉城房车露营地充电站),汽车相关,充电站,108.9165922,34.30531312,陕西省,西安市,108.9165922,34.30531312,云快充汽车充电站(汉城房车露营地充电站),西安市,汽车相关 充电站,云快充,2,其他
云快充汽车充电站(东欣冷库),汽车相关,充电站,108.896844,34.30370011,陕西省,西安市,108.896844,34.30370011,云快充汽车充电站(东欣冷库),西安市,汽车相关 充电站,云快充,3,其他
云快充汽车充电站(西安源源杨善停车场),汽车相关,充电站,108.913326,34.33026284,陕西省,西安市,108.913326,34.33026284,云快充汽车充电站(西安源源杨善停车场),西安市,汽车相关 充电站,云快充,2,其他
云快充汽车充电站(品位庄园),汽车相关,充电站,108.8749976,34.37988402,陕西省,西安市,108.8749976,34.37988402,云快充汽车充电站(品位庄园),西安市,汽车相关 充电站,云快充,2,其他
云快充汽车充电站(万众源充电站),汽车相关,充电站,108.9635622,34.31021017,陕西省,西安市,108.9635622,34.31021017,云快充汽车充电站(万众源充电站),西安市,汽车相关 充电站,云快充,2,其他
云快充汽车充电站(熙地充电站),汽车相关,充电站,108.8762224,34.31178771,陕西省,西安市,108.8762224,34.31178771,云快充汽车充电站(熙地充电站),西安市,汽车相关 充电站,云快充,6,其他
云快充汽车充电站(吴高墙村充电站),汽车相关,充电站,108.9145877,34.3453946,陕西省,西安市,108.9145877,34.3453946,云快充汽车充电站(吴高墙村充电站),西安市,汽车相关 充电站,云快充,7,其他
云快充汽车充电站(中储充电站),汽车相关,充电站,109.0000161,34.29806983,陕西省,西安市,109.0000161,34.29806983,云快充汽车充电站(中储充电站),西安市,汽车相关 充电站,云快充,2,其他
云快充汽车充电站(西安源源杨善停车场充电站),汽车相关,充电站,108.913326,34.33026284,陕西省,西安市,108.913326,34.33026284,云快充汽车充电站(西安源源杨善停车场充电站),西安市,汽车相关 充电站,云快充,6,其他
云快充汽车充电站(朱宏路范家村充电站),汽车相关,充电站,108.9236734,34.30448163,陕西省,西安市,108.9236734,34.30448163,云快充汽车充电站(朱宏路范家村充电站),西安市,汽车相关 充电站,云快充,5,其他
云快充汽车充电站(陕西天汉鸿泰充电站),汽车相关,充电站,108.9082023,34.31355687,陕西省,西安市,108.9082023,34.31355687,云快充汽车充电站(陕西天汉鸿泰充电站),西安市,汽车相关 充电站,云快充,3,其他
云快充汽车充电站(陕西交警支队科技路家属院),汽车相关,充电站,108.9086272,34.22907765,陕西省,西安市,108.9086272,34.22907765,云快充汽车充电站(陕西交警支队科技路家属院),西安市,汽车相关 充电站,云快充,7,其他
云快充汽车充电站(中国能源建设集团陕西省电力设计院),汽车相关,充电站,108.9988552,34.22487877,陕西省,西安市,108.9988552,34.22487877,云快充汽车充电站(中国能源建设集团陕西省电力设计院),西安市,汽车相关 充电站,云快充,8,其他
云快充汽车充电站(陕西铁检分院自用),汽车相关,充电站,108.8914263,34.18438895,陕西省,西安市,108.8914263,34.18438895,云快充汽车充电站(陕西铁检分院自用),西安市,汽车相关 充电站,云快充,3,其他
云快充汽车充电站(立充宝充电站),汽车相关,充电站,108.9663048,34.21409964,陕西省,西安市,108.9663048,34.21409964,云快充汽车充电站(立充宝充电站),西安市,汽车相关 充电站,云快充,7,其他
云快充汽车充电站(立充宝),汽车相关,充电站,108.9662398,34.21411066,陕西省,西安市,108.9662398,34.21411066,云快充汽车充电站(立充宝),西安市,汽车相关 充电站,云快充,8,其他
云快充汽车充电站(勤易充西安御龙湾),汽车相关,充电站,109.0401069,34.20913103,陕西省,西安市,109.0401069,34.20913103,云快充汽车充电站(勤易充西安御龙湾),西安市,汽车相关 充电站,云快充,3,其他
云快充汽车充电站(长安南路),汽车相关,充电站,108.9448642,34.1770442,陕西省,西安市,108.9448642,34.1770442,云快充汽车充电站(长安南路),西安市,汽车相关 充电站,云快充,7,其他
云快充汽车充电站(长安南路充电站),汽车相关,充电站,108.945589,34.17723906,陕西省,西安市,108.945589,34.17723906,云快充汽车充电站(长安南路充电站),西安市,汽车相关 充电站,云快充,3,其他
云快充汽车充电站(科技三路易捷充电站),汽车相关,充电站,108.883502,34.22258039,陕西省,西安市,108.883502,34.22258039,云快充汽车充电站(科技三路易捷充电站),西安市,汽车相关 充电站,云快充,3,其他
云快充汽车充电站(维森新能源高新1号),汽车相关,充电站,108.86719,34.23823084,陕西省,西安市,108.86719,34.23823084,云快充汽车充电站(维森新能源高新1号),西安市,汽车相关 充电站,云快充,8,其他
云快充汽车充电站(高新NEWORLD充电站),汽车相关,充电站,108.8824672,34.22087656,陕西省,西安市,108.8824672,34.22087656,云快充汽车充电站(高新NEWORLD充电站),西安市,汽车相关 充电站,云快充,3,其他
云快充汽车充电站(源源能源高新充电站),汽车相关,充电站,108.8841089,34.2272433,陕西省,西安市,108.8841089,34.2272433,云快充汽车充电站(源源能源高新充电站),西安市,汽车相关 充电站,云快充,3,其他
云快充汽车充电站(杜陵最美充电站),汽车相关,充电站,109.0303695,34.19485887,陕西省,西安市,109.0303695,34.19485887,云快充汽车充电站(杜陵最美充电站),西安市,汽车相关 充电站,云快充,8,其他
云快充汽车充电站(长鸣路钢构厂充电站),汽车相关,充电站,109.02557,34.22181847,陕西省,西安市,109.02557,34.22181847,云快充汽车充电站(长鸣路钢构厂充电站),西安市,汽车相关 充电站,云快充,5,其他
云快充汽车充电站(杜陵P1停车场充电站),汽车相关,充电站,109.0244369,34.19476035,陕西省,西安市,109.0244369,34.19476035,云快充汽车充电站(杜陵P1停车场充电站),西安市,汽车相关 充电站,云快充,2,其他
云快充汽车充电站(杜陵P1停车场),汽车相关,充电站,109.0240919,34.19493133,陕西省,西安市,109.0240919,34.19493133,云快充汽车充电站(杜陵P1停车场),西安市,汽车相关 充电站,云快充,4,其他
云快充汽车充电站(浩立恒充电站),汽车相关,充电站,108.8407478,34.21296906,陕西省,西安市,108.8407478,34.21296906,云快充汽车充电站(浩立恒充电站),西安市,汽车相关 充电站,云快充,6,其他
云快充汽车充电站(新来新能源),汽车相关,充电站,109.2050414,34.67789981,陕西省,西安市,109.2050414,34.67789981,云快充汽车充电站(新来新能源),西安市,汽车相关 充电站,云快充,4,其他
云快充汽车充电站(西安市阎良区武屯街道办翔宇光伏),汽车相关,充电站,109.2838303,34.60451122,陕西省,西安市,109.2838303,34.60451122,云快充汽车充电站(西安市阎良区武屯街道办翔宇光伏),西安市,汽车相关 充电站,云快充,4,其他
云快充汽车充电站(临潼相桥办天雄商行),汽车相关,充电站,109.3882692,34.61589312,陕西省,西安市,109.3882692,34.61589312,云快充汽车充电站(临潼相桥办天雄商行),西安市,汽车相关 充电站,云快充,7,其他
云快充汽车充电站(盛禹),汽车相关,充电站,109.3234495,34.509765,陕西省,西安市,109.3234495,34.509765,云快充汽车充电站(盛禹),西安市,汽车相关 充电站,云快充,2,其他
云快充汽车充电站(临潼区绿森汽车充电站T),汽车相关,充电站,109.2138331,34.38676236,陕西省,西安市,109.2138331,34.38676236,云快充汽车充电站(临潼区绿森汽车充电站T),西安市,汽车相关 充电站,云快充,7,其他
云快充汽车充电站(兵马俑博物馆充电站),汽车相关,充电站,109.286113,34.39007163,陕西省,西安市,109.286113,34.39007163,云快充汽车充电站(兵马俑博物馆充电站),西安市,汽车相关 充电站,云快充,2,其他
云快充汽车充电站(兵马俑博物馆1号停车场充电站),汽车相关,充电站,109.2856251,34.38989471,陕西省,西安市,109.2856251,34.38989471,云快充汽车充电站(兵马俑博物馆1号停车场充电站),西安市,汽车相关 充电站,云快充,8,其他
云快充汽车充电站(兵马俑二号停车场T),汽车相关,充电站,109.2870418,34.3921505,陕西省,西安市,109.2870418,34.3921505,云快充汽车充电站(兵马俑二号停车场T),西安市,汽车相关 充电站,云快充,8,其他
云快充汽车充电站(陕西交控工程技术有限公司),汽车相关,充电站,108.835337,34.18452418,陕西省,西安市,108.835337,34.18452418,云快充汽车充电站(陕西交控工程技术有限公司),西安市,汽车相关 充电站,云快充,2,其他
云快充汽车充电站(陕西巴瑞尔),汽车相关,充电站,108.9989632,34.1541927,陕西省,西安市,108.9989632,34.1541927,云快充汽车充电站(陕西巴瑞尔),西安市,汽车相关 充电站,云快充,3,其他
云快充汽车充电站(陕西交通控股有限公司),汽车相关,充电站,108.9703241,34.15477603,陕西省,西安市,108.9703241,34.15477603,云快充汽车充电站(陕西交通控股有限公司),西安市,汽车相关 充电站,云快充,5,其他
云快充汽车充电站(西安市长安区天天来),汽车相关,充电站,108.83297,34.10558912,陕西省,西安市,108.83297,34.10558912,云快充汽车充电站(西安市长安区天天来),西安市,汽车相关 充电站,云快充,3,其他
云快充汽车充电站(子午牛巷口),汽车相关,充电站,108.9026177,34.05768567,陕西省,西安市,108.9026177,34.05768567,云快充汽车充电站(子午牛巷口),西安市,汽车相关 充电站,云快充,5,其他
云快充汽车充电站(子午顺宏充电站),汽车相关,充电站,108.9098349,34.0551222,陕西省,西安市,108.9098349,34.0551222,云快充汽车充电站(子午顺宏充电站),西安市,汽车相关 充电站,云快充,7,其他
云快充汽车充电站(子午街办站充电站),汽车相关,充电站,108.9088072,34.05531442,陕西省,西安市,108.9088072,34.05531442,云快充汽车充电站(子午街办站充电站),西安市,汽车相关 充电站,云快充,5,其他
云快充汽车充电站(易电充电桩),汽车相关,充电站,108.9309156,34.03887584,陕西省,西安市,108.9309156,34.03887584,云快充汽车充电站(易电充电桩),西安市,汽车相关 充电站,云快充,7,其他
云快充汽车充电站(普洛斯西安长安物流园快充站),汽车相关,充电站,109.0843102,34.09388953,陕西省,西安市,109.0843102,34.09388953,云快充汽车充电站(普洛斯西安长安物流园快充站),西安市,汽车相关 充电站,云快充,8,其他
云快充汽车充电站(西安高新区创汇社区新能源),汽车相关,充电站,108.825669,34.17249019,陕西省,西安市,108.825669,34.17249019,云快充汽车充电站(西安高新区创汇社区新能源),西安市,汽车相关 充电站,云快充,4,其他
云快充汽车充电站(大兆村),汽车相关,充电站,109.0587576,34.13036105,陕西省,西安市,109.0587576,34.13036105,云快充汽车充电站(大兆村),西安市,汽车相关 充电站,云快充,8,其他
云快充汽车充电站(长安区郭南村55号),汽车相关,充电站,108.7505114,34.05602195,陕西省,西安市,108.7505114,34.05602195,云快充汽车充电站(长安区郭南村55号),西安市,汽车相关 充电站,云快充,8,其他
云快充汽车充电站(太平河村1号),汽车相关,充电站,108.7626349,34.06030611,陕西省,西安市,108.7626349,34.06030611,云快充汽车充电站(太平河村1号),西安市,汽车相关 充电站,云快充,4,其他
云快充汽车充电站(彰仪村),汽车相关,充电站,109.0161144,34.07590477,陕西省,西安市,109.0161144,34.07590477,云快充汽车充电站(彰仪村),西安市,汽车相关 充电站,云快充,5,其他
云快充汽车充电站(科大学院),汽车相关,充电站,108.9305977,34.09616594,陕西省,西安市,108.9305977,34.09616594,云快充汽车充电站(科大学院),西安市,汽车相关 充电站,云快充,5,其他
云快充汽车充电站(正通充电站),汽车相关,充电站,108.8308201,34.1606342,陕西省,西安市,108.8308201,34.1606342,云快充汽车充电站(正通充电站),西安市,汽车相关 充电站,云快充,7,其他
云快充汽车充电站(香积寺万客隆充电站),汽车相关,充电站,108.8973129,34.12766077,陕西省,西安市,108.8973129,34.12766077,云快充汽车充电站(香积寺万客隆充电站),西安市,汽车相关 充电站,云快充,3,其他
云快充汽车充电站(高陵即刻来电韩村充电站),汽车相关,充电站,109.0046809,34.45717994,陕西省,西安市,109.0046809,34.45717994,云快充汽车充电站(高陵即刻来电韩村充电站),西安市,汽车相关 充电站,云快充,7,其他
云快充汽车充电站(朝南村充电站),汽车相关,充电站,109.0216944,34.5214665,陕西省,西安市,109.0216944,34.5214665,云快充汽车充电站(朝南村充电站),西安市,汽车相关 充电站,云快充,3,其他
云快充汽车充电站(慧充120千瓦超快充),汽车相关,充电站,108.6296395,34.22704838,陕西省,西安市,108.6296395,34.22704838,云快充汽车充电站(慧充120千瓦超快充),西安市,汽车相关 充电站,云快充,8,其他
云快充汽车充电站(国网新能源绿能余下街道西屯村),汽车相关,充电站,108.6300614,34.07297416,陕西省,西安市,108.6300614,34.07297416,云快充汽车充电站(国网新能源绿能余下街道西屯村),西安市,汽车相关 充电站,国家电网,4,其他
云快充汽车充电站(老米的桩),汽车相关,充电站,108.6302234,34.06494713,陕西省,西安市,108.6302234,34.06494713,云快充汽车充电站(老米的桩),西安市,汽车相关 充电站,云快充,8,其他
云快充汽车充电站(隆源建大充电站),汽车相关,充电站,108.7466966,34.01429325,陕西省,西安市,108.7466966,34.01429325,云快充汽车充电站(隆源建大充电站),西安市,汽车相关 充电站,云快充,2,其他
云快充汽车充电站(新威天丰),汽车相关,充电站,108.6617914,34.04568297,陕西省,西安市,108.6617914,34.04568297,云快充汽车充电站(新威天丰),西安市,汽车相关 充电站,云快充,5,其他
云快充汽车充电站(陕西国鼎蓝田),汽车相关,充电站,109.2028986,34.0896923,陕西省,西安市,109.2028986,34.0896923,云快充汽车充电站(陕西国鼎蓝田),西安市,汽车相关 充电站,云快充,3,其他
云快充汽车充电站(陕西国鼎蓝田充电站),汽车相关,充电站,109.3125104,34.15782923,陕西省,西安市,109.3125104,34.15782923,云快充汽车充电站(陕西国鼎蓝田充电站),西安市,汽车相关 充电站,云快充,7,其他
云快充汽车充电站(蓝田县顺风快速充电站),汽车相关,充电站,109.2836065,34.18751477,陕西省,西安市,109.2836065,34.18751477,云快充汽车充电站(蓝田县顺风快速充电站),西安市,汽车相关 充电站,云快充,4,其他
云快充汽车充电站(陕西永庆),汽车相关,充电站,108.2088224,34.13465514,陕西省,西安市,108.2088224,34.13465514,云快充汽车充电站(陕西永庆),西安市,汽车相关 充电站,云快充,3,其他
云快充汽车充电站(陕西崛越),汽车相关,充电站,108.3035046,34.08565668,陕西省,西安市,108.3035046,34.08565668,云快充汽车充电站(陕西崛越),西安市,汽车相关 充电站,云快充,7,其他
云快充汽车充电站(万嘉商务酒店站),汽车相关,充电站,108.381718,34.0769378,陕西省,西安市,108.381718,34.0769378,云快充汽车充电站(万嘉商务酒店站),西安市,汽车相关 充电站,云快充,5,其他
云快充汽车充电站(赵代村站),汽车相关,充电站,108.3520086,34.08716804,陕西省,西安市,108.3520086,34.08716804,云快充汽车充电站(赵代村站),西安市,汽车相关 充电站,云快充,8,其他
云快充汽车充电站(九峰中通站),汽车相关,充电站,108.4306237,34.08080289,陕西省,西安市,108.4306237,34.08080289,云快充汽车充电站(九峰中通站),西安市,汽车相关 充电站,云快充,5,其他
云快充汽车充电站(官庄古槐树下充电站),汽车相关,充电站,108.062845,34.12369523,陕西省,西安市,108.062845,34.12369523,云快充汽车充电站(官庄古槐树下充电站),西安市,汽车相关 充电站,云快充,6,其他
云快充汽车充电站(周至官庄村),汽车相关,充电站,108.0635862,34.12390038,陕西省,西安市,108.0635862,34.12390038,云快充汽车充电站(周至官庄村),西安市,汽车相关 充电站,云快充,2,其他
云快充汽车充电站(周至坤坤超市充电站),汽车相关,充电站,108.3265489,34.08730432,陕西省,西安市,108.3265489,34.08730432,云快充汽车充电站(周至坤坤超市充电站),西安市,汽车相关 充电站,云快充,6,其他
云杉智慧汽车充电站(西安石化大道充电站),汽车相关,充电站,108.8692606,34.32275472,陕西省,西安市,108.8692606,34.32275472,云杉智慧汽车充电站(西安石化大道充电站),西安市,汽车相关 充电站,其他,4,其他
云杉智慧汽车充电站(西安汉城湖充电站一),汽车相关,充电站,108.8990315,34.30161769,陕西省,西安市,108.8990315,34.30161769,云杉智慧汽车充电站(西安汉城湖充电站一),西安市,汽车相关 充电站,其他,3,其他
云杉智慧汽车充电站(西安一宿精品酒店充电站1),汽车相关,充电站,108.9185296,34.3583598,陕西省,西安市,108.9185296,34.3583598,云杉智慧汽车充电站(西安一宿精品酒店充电站1),西安市,汽车相关 充电站,其他,4,其他
云杉智慧汽车充电站(西安一宿精品酒店充电站3),汽车相关,充电站,108.9185147,34.3583168,陕西省,西安市,108.9185147,34.3583168,云杉智慧汽车充电站(西安一宿精品酒店充电站3),西安市,汽车相关 充电站,其他,8,其他
云杉智慧汽车充电站(智巢产业园),汽车相关,充电站,108.8530438,34.36724756,陕西省,西安市,108.8530438,34.36724756,云杉智慧汽车充电站(智巢产业园),西安市,汽车相关 充电站,其他,7,其他
云杉智慧汽车充电站(云杉智慧汽车摩尔中心),汽车相关,充电站,108.8849907,34.21521913,陕西省,西安市,108.8849907,34.21521913,云杉智慧汽车充电站(云杉智慧汽车摩尔中心),西安市,汽车相关 充电站,其他,5,其他
任我充汽车充电站(西安东方石化),汽车相关,充电站,108.835659,34.32008839,陕西省,西安市,108.835659,34.32008839,任我充汽车充电站(西安东方石化),西安市,汽车相关 充电站,其他,6,其他
依威能源汽车充电站(西北轻工批发市场停车场),汽车相关,充电站,108.9992582,34.26984281,陕西省,西安市,108.9992582,34.26984281,依威能源汽车充电站(西北轻工批发市场停车场),西安市,汽车相关 充电站,其他,6,其他
依威能源汽车充电站(骏景园二期),汽车相关,充电站,109.0024201,34.28042975,陕西省,西安市,109.0024201,34.28042975,依威能源汽车充电站(骏景园二期),西安市,汽车相关 充电站,其他,8,其他
依威能源汽车充电站(骏景园一期),汽车相关,充电站,108.9979422,34.28215286,陕西省,西安市,108.9979422,34.28215286,依威能源汽车充电站(骏景园一期),西安市,汽车相关 充电站,其他,6,其他
依威能源汽车充电站(火车站东广场),汽车相关,充电站,108.9657558,34.2762368,陕西省,西安市,108.9657558,34.2762368,依威能源汽车充电站(火车站东广场),西安市,汽车相关 充电站,其他,8,其他
依威能源汽车充电站(水泥制管厂家属院),汽车相关,充电站,108.9857011,34.29440057,陕西省,西安市,108.9857011,34.29440057,依威能源汽车充电站(水泥制管厂家属院),西安市,汽车相关 充电站,其他,4,其他
依威能源汽车充电站(福锦苑小区),汽车相关,充电站,109.0280782,34.24968971,陕西省,西安市,109.0280782,34.24968971,依威能源汽车充电站(福锦苑小区),西安市,汽车相关 充电站,其他,5,其他
依威能源汽车充电站(建行家属院伞塔路),汽车相关,充电站,108.9883978,34.26433533,陕西省,西安市,108.9883978,34.26433533,依威能源汽车充电站(建行家属院伞塔路),西安市,汽车相关 充电站,其他,3,其他
依威能源汽车充电站(质监局家属院),汽车相关,充电站,108.9782549,34.2500172,陕西省,西安市,108.9782549,34.2500172,依威能源汽车充电站(质监局家属院),西安市,汽车相关 充电站,其他,7,其他
依威能源汽车充电站(海星未来城),汽车相关,充电站,108.9216519,34.23601195,陕西省,西安市,108.9216519,34.23601195,依威能源汽车充电站(海星未来城),西安市,汽车相关 充电站,其他,3,其他
依威能源汽车充电站(西安机床厂经济适用房),汽车相关,充电站,108.8852906,34.25627715,陕西省,西安市,108.8852906,34.25627715,依威能源汽车充电站(西安机床厂经济适用房),西安市,汽车相关 充电站,其他,4,其他
依威能源汽车充电站(摩尔公馆),汽车相关,充电站,108.8864324,34.25632495,陕西省,西安市,108.8864324,34.25632495,依威能源汽车充电站(摩尔公馆),西安市,汽车相关 充电站,其他,7,其他
依威能源汽车充电站(百欣花园),汽车相关,充电站,108.89257,34.27997788,陕西省,西安市,108.89257,34.27997788,依威能源汽车充电站(百欣花园),西安市,汽车相关 充电站,其他,6,其他
依威能源汽车充电站(大兴医院),汽车相关,充电站,108.9118504,34.28827308,陕西省,西安市,108.9118504,34.28827308,依威能源汽车充电站(大兴医院),西安市,汽车相关 充电站,其他,2,其他
依威能源汽车充电站(光学小区),汽车相关,充电站,108.9299928,34.28154528,陕西省,西安市,108.9299928,34.28154528,依威能源汽车充电站(光学小区),西安市,汽车相关 充电站,其他,4,其他
依威能源汽车充电站(翰林新苑),汽车相关,充电站,108.9200663,34.26195833,陕西省,西安市,108.9200663,34.26195833,依威能源汽车充电站(翰林新苑),西安市,汽车相关 充电站,其他,4,其他
依威能源汽车充电站(林德花园),汽车相关,充电站,108.9058309,34.26412427,陕西省,西安市,108.9058309,34.26412427,依威能源汽车充电站(林德花园),西安市,汽车相关 充电站,其他,5,其他
依威能源汽车充电站(三民馨苑),汽车相关,充电站,108.8675889,34.28378987,陕西省,西安市,108.8675889,34.28378987,依威能源汽车充电站(三民馨苑),西安市,汽车相关 充电站,其他,3,其他
依威能源汽车充电站(冰峰大厦三期),汽车相关,充电站,108.9141808,34.25697154,陕西省,西安市,108.9141808,34.25697154,依威能源汽车充电站(冰峰大厦三期),西安市,汽车相关 充电站,其他,4,其他
依威能源汽车充电站(天兴都市花园),汽车相关,充电站,108.9184707,34.2858377,陕西省,西安市,108.9184707,34.2858377,依威能源汽车充电站(天兴都市花园),西安市,汽车相关 充电站,其他,4,其他
依威能源汽车充电站(秦都酒店),汽车相关,充电站,108.9228956,34.26804574,陕西省,西安市,108.9228956,34.26804574,依威能源汽车充电站(秦都酒店),西安市,汽车相关 充电站,其他,6,其他
依威能源汽车充电站(唐都温泉花园),汽车相关,充电站,108.8795368,34.27122512,陕西省,西安市,108.8795368,34.27122512,依威能源汽车充电站(唐都温泉花园),西安市,汽车相关 充电站,其他,6,其他
依威能源汽车充电站(半坡国际艺术区停车场),汽车相关,充电站,109.0584474,34.27174912,陕西省,西安市,109.0584474,34.27174912,依威能源汽车充电站(半坡国际艺术区停车场),西安市,汽车相关 充电站,其他,7,其他
依威能源汽车充电站(延河小区东区),汽车相关,充电站,109.0633026,34.25190105,陕西省,西安市,109.0633026,34.25190105,依威能源汽车充电站(延河小区东区),西安市,汽车相关 充电站,其他,8,其他
依威能源汽车充电站(延河小区西区),汽车相关,充电站,109.0580724,34.25307002,陕西省,西安市,109.0580724,34.25307002,依威能源汽车充电站(延河小区西区),西安市,汽车相关 充电站,其他,8,其他
依威能源汽车充电站(天睦城·澜岸小区),汽车相关,充电站,109.0330398,34.29462225,陕西省,西安市,109.0330398,34.29462225,依威能源汽车充电站(天睦城·澜岸小区),西安市,汽车相关 充电站,其他,2,其他
依威能源汽车充电站(西安辰宇吉利4S店),汽车相关,充电站,109.0535163,34.30280924,陕西省,西安市,109.0535163,34.30280924,依威能源汽车充电站(西安辰宇吉利4S店),西安市,汽车相关 充电站,其他,8,其他
依威能源汽车充电站(西安正合锻压厂居民小区),汽车相关,充电站,109.0761189,34.32392488,陕西省,西安市,109.0761189,34.32392488,依威能源汽车充电站(西安正合锻压厂居民小区),西安市,汽车相关 充电站,其他,5,其他
依威能源汽车充电站(世园·罗曼小镇),汽车相关,充电站,109.0711065,34.32021177,陕西省,西安市,109.0711065,34.32021177,依威能源汽车充电站(世园·罗曼小镇),西安市,汽车相关 充电站,其他,2,其他
依威能源汽车充电站(中陕核211大队),汽车相关,充电站,109.076606,34.32191198,陕西省,西安市,109.076606,34.32191198,依威能源汽车充电站(中陕核211大队),西安市,汽车相关 充电站,其他,7,其他
依威能源汽车充电站(振业泊岸),汽车相关,充电站,109.0505967,34.33750677,陕西省,西安市,109.0505967,34.33750677,依威能源汽车充电站(振业泊岸),西安市,汽车相关 充电站,其他,6,其他
依威能源汽车充电站(中陕核211小区),汽车相关,充电站,109.0782244,34.32207335,陕西省,西安市,109.0782244,34.32207335,依威能源汽车充电站(中陕核211小区),西安市,汽车相关 充电站,其他,8,其他
依威能源汽车充电站(浐河小区),汽车相关,充电站,109.0520301,34.24712892,陕西省,西安市,109.0520301,34.24712892,依威能源汽车充电站(浐河小区),西安市,汽车相关 充电站,其他,3,其他
依威能源汽车充电站(建材厂小区),汽车相关,充电站,109.0860986,34.31510815,陕西省,西安市,109.0860986,34.31510815,依威能源汽车充电站(建材厂小区),西安市,汽车相关 充电站,其他,6,其他
依威能源汽车充电站(李家堡社区),汽车相关,充电站,109.0293963,34.30050088,陕西省,西安市,109.0293963,34.30050088,依威能源汽车充电站(李家堡社区),西安市,汽车相关 充电站,其他,5,其他
依威能源汽车充电站(电力新坊西院),汽车相关,充电站,109.0488084,34.2697604,陕西省,西安市,109.0488084,34.2697604,依威能源汽车充电站(电力新坊西院),西安市,汽车相关 充电站,其他,6,其他
依威能源汽车充电站(时代华城二期),汽车相关,充电站,108.8314821,34.28499939,陕西省,西安市,108.8314821,34.28499939,依威能源汽车充电站(时代华城二期),西安市,汽车相关 充电站,其他,5,其他
依威能源汽车充电站(广丰花园店),汽车相关,充电站,108.9463608,34.30141708,陕西省,西安市,108.9463608,34.30141708,依威能源汽车充电站(广丰花园店),西安市,汽车相关 充电站,其他,5,其他
依威能源汽车充电站(欧罗巴小镇A区),汽车相关,充电站,108.9998101,34.3543549,陕西省,西安市,108.9998101,34.3543549,依威能源汽车充电站(欧罗巴小镇A区),西安市,汽车相关 充电站,其他,5,其他
依威能源汽车充电站(云天大厦),汽车相关,充电站,108.945513,34.31755226,陕西省,西安市,108.945513,34.31755226,依威能源汽车充电站(云天大厦),西安市,汽车相关 充电站,其他,7,其他
依威能源汽车充电站(海璟台北湾北区),汽车相关,充电站,108.9299897,34.31473134,陕西省,西安市,108.9299897,34.31473134,依威能源汽车充电站(海璟台北湾北区),西安市,汽车相关 充电站,其他,5,其他
依威能源汽车充电站(艾斯广场),汽车相关,充电站,108.9470006,34.32029299,陕西省,西安市,108.9470006,34.32029299,依威能源汽车充电站(艾斯广场),西安市,汽车相关 充电站,其他,5,其他
依威能源汽车充电站(富丽园小区),汽车相关,充电站,108.9526404,34.32019897,陕西省,西安市,108.9526404,34.32019897,依威能源汽车充电站(富丽园小区),西安市,汽车相关 充电站,其他,3,其他
依威能源汽车充电站(海逸国际),汽车相关,充电站,108.9500869,34.33017644,陕西省,西安市,108.9500869,34.33017644,依威能源汽车充电站(海逸国际),西安市,汽车相关 充电站,其他,2,其他
依威能源汽车充电站(明能苑),汽车相关,充电站,108.9524154,34.31063299,陕西省,西安市,108.9524154,34.31063299,依威能源汽车充电站(明能苑),西安市,汽车相关 充电站,其他,4,其他
依威能源汽车充电站(农垦花园),汽车相关,充电站,108.929108,34.2989025,陕西省,西安市,108.929108,34.2989025,依威能源汽车充电站(农垦花园),西安市,汽车相关 充电站,其他,2,其他
依威能源汽车充电站(西安经开voco酒店),汽车相关,充电站,108.9482004,34.34857581,陕西省,西安市,108.9482004,34.34857581,依威能源汽车充电站(西安经开voco酒店),西安市,汽车相关 充电站,其他,5,其他
依威能源汽车充电站(紫玉公馆),汽车相关,充电站,108.9398133,34.31351836,陕西省,西安市,108.9398133,34.31351836,依威能源汽车充电站(紫玉公馆),西安市,汽车相关 充电站,其他,3,其他
依威能源汽车充电站(陆亚花园小区),汽车相关,充电站,108.9511927,34.31841422,陕西省,西安市,108.9511927,34.31841422,依威能源汽车充电站(陆亚花园小区),西安市,汽车相关 充电站,其他,6,其他
依威能源汽车充电站(第五国际C座),汽车相关,充电站,108.9486363,34.31730069,陕西省,西安市,108.9486363,34.31730069,依威能源汽车充电站(第五国际C座),西安市,汽车相关 充电站,其他,3,其他
依威能源汽车充电站(西安小学家属院),汽车相关,充电站,108.9318653,34.29388792,陕西省,西安市,108.9318653,34.29388792,依威能源汽车充电站(西安小学家属院),西安市,汽车相关 充电站,其他,5,其他
依威能源汽车充电站(渭水欣居住宅小区),汽车相关,充电站,108.8742228,34.3661971,陕西省,西安市,108.8742228,34.3661971,依威能源汽车充电站(渭水欣居住宅小区),西安市,汽车相关 充电站,其他,3,其他
依威能源汽车充电站(海博广场一期),汽车相关,充电站,108.9463798,34.34862614,陕西省,西安市,108.9463798,34.34862614,依威能源汽车充电站(海博广场一期),西安市,汽车相关 充电站,其他,8,其他
依威能源汽车充电站(海荣名城二期),汽车相关,充电站,108.9433495,34.34843673,陕西省,西安市,108.9433495,34.34843673,依威能源汽车充电站(海荣名城二期),西安市,汽车相关 充电站,其他,3,其他
依威能源汽车充电站(自然界·城墅充电找保安开地锁),汽车相关,充电站,109.0256639,34.32698658,陕西省,西安市,109.0256639,34.32698658,依威能源汽车充电站(自然界·城墅充电找保安开地锁),西安市,汽车相关 充电站,其他,5,其他
依威能源汽车充电站(艾美酒店),汽车相关,充电站,109.0155142,34.33911099,陕西省,西安市,109.0155142,34.33911099,依威能源汽车充电站(艾美酒店),西安市,汽车相关 充电站,其他,7,其他
依威能源汽车充电站(大明宫·圣远广场),汽车相关,充电站,108.954657,34.29366358,陕西省,西安市,108.954657,34.29366358,依威能源汽车充电站(大明宫·圣远广场),西安市,汽车相关 充电站,其他,8,其他
依威能源汽车充电站(佳柳小区),汽车相关,充电站,108.9765101,34.39801258,陕西省,西安市,108.9765101,34.39801258,依威能源汽车充电站(佳柳小区),西安市,汽车相关 充电站,其他,3,其他
依威能源汽车充电站(兴隆苑),汽车相关,充电站,108.9519105,34.3884252,陕西省,西安市,108.9519105,34.3884252,依威能源汽车充电站(兴隆苑),西安市,汽车相关 充电站,其他,4,其他
依威能源汽车充电站(盐东小区),汽车相关,充电站,108.9363142,34.3430251,陕西省,西安市,108.9363142,34.3430251,依威能源汽车充电站(盐东小区),西安市,汽车相关 充电站,其他,4,其他
依威能源汽车充电站(海博广场二期),汽车相关,充电站,108.9462088,34.34956718,陕西省,西安市,108.9462088,34.34956718,依威能源汽车充电站(海博广场二期),西安市,汽车相关 充电站,其他,3,其他
依威能源汽车充电站(海荣名城一期),汽车相关,充电站,108.9430265,34.34766978,陕西省,西安市,108.9430265,34.34766978,依威能源汽车充电站(海荣名城一期),西安市,汽车相关 充电站,其他,7,其他
依威能源汽车充电站(曲江民政小区),汽车相关,充电站,109.0038691,34.20438566,陕西省,西安市,109.0038691,34.20438566,依威能源汽车充电站(曲江民政小区),西安市,汽车相关 充电站,其他,6,其他
依威能源汽车充电站(美立方小区停车场),汽车相关,充电站,108.8749297,34.24324579,陕西省,西安市,108.8749297,34.24324579,依威能源汽车充电站(美立方小区停车场),西安市,汽车相关 充电站,其他,5,其他
依威能源汽车充电站(后村嘉园),汽车相关,充电站,108.9684844,34.22579935,陕西省,西安市,108.9684844,34.22579935,依威能源汽车充电站(后村嘉园),西安市,汽车相关 充电站,其他,4,其他
依威能源汽车充电站(橄榄国际西门),汽车相关,充电站,109.006845,34.24165968,陕西省,西安市,109.006845,34.24165968,依威能源汽车充电站(橄榄国际西门),西安市,汽车相关 充电站,其他,6,其他
依威能源汽车充电站(都市春天停车场),汽车相关,充电站,108.8748837,34.23286678,陕西省,西安市,108.8748837,34.23286678,依威能源汽车充电站(都市春天停车场),西安市,汽车相关 充电站,其他,3,其他
依威能源汽车充电站(欧锦园小区),汽车相关,充电站,108.9017989,34.23210703,陕西省,西安市,108.9017989,34.23210703,依威能源汽车充电站(欧锦园小区),西安市,汽车相关 充电站,其他,6,其他
依威能源汽车充电站(秦电国际大厦),汽车相关,充电站,108.9574664,34.22927102,陕西省,西安市,108.9574664,34.22927102,依威能源汽车充电站(秦电国际大厦),西安市,汽车相关 充电站,其他,8,其他
依威能源汽车充电站(曲池东岸),汽车相关,充电站,108.9950134,34.19689688,陕西省,西安市,108.9950134,34.19689688,依威能源汽车充电站(曲池东岸),西安市,汽车相关 充电站,其他,2,其他
依威能源汽车充电站(日化社区),汽车相关,充电站,108.8745977,34.24464584,陕西省,西安市,108.8745977,34.24464584,依威能源汽车充电站(日化社区),西安市,汽车相关 充电站,其他,4,其他
依威能源汽车充电站(融鑫园),汽车相关,充电站,108.9116434,34.22416902,陕西省,西安市,108.9116434,34.22416902,依威能源汽车充电站(融鑫园),西安市,汽车相关 充电站,其他,3,其他
依威能源汽车充电站(丈八家园),汽车相关,充电站,108.867242,34.19903978,陕西省,西安市,108.867242,34.19903978,依威能源汽车充电站(丈八家园),西安市,汽车相关 充电站,其他,5,其他
依威能源汽车充电站(中国民生银行大厦),汽车相关,充电站,108.9304077,34.22957613,陕西省,西安市,108.9304077,34.22957613,依威能源汽车充电站(中国民生银行大厦),西安市,汽车相关 充电站,其他,7,其他
依威能源汽车充电站(MOMOPARK艺术购物中心),汽车相关,充电站,108.9323152,34.22129873,陕西省,西安市,108.9323152,34.22129873,依威能源汽车充电站(MOMOPARK艺术购物中心),西安市,汽车相关 充电站,其他,8,其他
依威能源汽车充电站(宝华小区),汽车相关,充电站,108.9758593,34.22130443,陕西省,西安市,108.9758593,34.22130443,依威能源汽车充电站(宝华小区),西安市,汽车相关 充电站,其他,3,其他
依威能源汽车充电站(荣禾·城市理想),汽车相关,充电站,108.9090641,34.21210653,陕西省,西安市,108.9090641,34.21210653,依威能源汽车充电站(荣禾·城市理想),西安市,汽车相关 充电站,理想,5,其他
依威能源汽车充电站(雄狮小区),汽车相关,充电站,108.8808135,34.25117788,陕西省,西安市,108.8808135,34.25117788,依威能源汽车充电站(雄狮小区),西安市,汽车相关 充电站,其他,7,其他
依威能源汽车充电站(3G酷派产业园),汽车相关,充电站,108.8858945,34.18751193,陕西省,西安市,108.8858945,34.18751193,依威能源汽车充电站(3G酷派产业园),西安市,汽车相关 充电站,其他,7,其他
依威能源汽车充电站(田家湾顺丰停车场),汽车相关,充电站,109.0440115,34.24688362,陕西省,西安市,109.0440115,34.24688362,依威能源汽车充电站(田家湾顺丰停车场),西安市,汽车相关 充电站,其他,3,其他
依威能源汽车充电站(西安威斯汀酒店),汽车相关,充电站,108.9620545,34.21518128,陕西省,西安市,108.9620545,34.21518128,依威能源汽车充电站(西安威斯汀酒店),西安市,汽车相关 充电站,其他,8,其他
依威能源汽车充电站(锦江之星昆明路店),汽车相关,充电站,108.8749876,34.25188279,陕西省,西安市,108.8749876,34.25188279,依威能源汽车充电站(锦江之星昆明路店),西安市,汽车相关 充电站,其他,6,其他
依威能源汽车充电站(腾飞广场),汽车相关,充电站,109.2208629,34.65828066,陕西省,西安市,109.2208629,34.65828066,依威能源汽车充电站(腾飞广场),西安市,汽车相关 充电站,其他,6,其他
依威能源汽车充电站(上塔坡安置长泰小区),汽车相关,充电站,108.9263477,34.16944689,陕西省,西安市,108.9263477,34.16944689,依威能源汽车充电站(上塔坡安置长泰小区),西安市,汽车相关 充电站,其他,7,其他
依威能源汽车充电站(新田小区),汽车相关,充电站,108.9449612,34.14421914,陕西省,西安市,108.9449612,34.14421914,依威能源汽车充电站(新田小区),西安市,汽车相关 充电站,其他,6,其他
依威能源汽车充电站(京东大厦),汽车相关,充电站,108.9827015,34.15333167,陕西省,西安市,108.9827015,34.15333167,依威能源汽车充电站(京东大厦),西安市,汽车相关 充电站,其他,2,其他
依威能源汽车充电站(青华园停车场),汽车相关,充电站,108.8210489,34.04934895,陕西省,西安市,108.8210489,34.04934895,依威能源汽车充电站(青华园停车场),西安市,汽车相关 充电站,其他,7,其他
依威能源汽车充电站(岭北乐园),汽车相关,充电站,108.7907801,34.03333646,陕西省,西安市,108.7907801,34.03333646,依威能源汽车充电站(岭北乐园),西安市,汽车相关 充电站,其他,7,其他
依威能源汽车充电站(九境城),汽车相关,充电站,109.0793607,34.50950381,陕西省,西安市,109.0793607,34.50950381,依威能源汽车充电站(九境城),西安市,汽车相关 充电站,其他,5,其他
依威能源汽车充电站(高陵区医院二院),汽车相关,充电站,109.0874009,34.51919067,陕西省,西安市,109.0874009,34.51919067,依威能源汽车充电站(高陵区医院二院),西安市,汽车相关 充电站,其他,6,其他
依威能源汽车充电站(高陵区医院一院),汽车相关,充电站,109.0888803,34.51767701,陕西省,西安市,109.0888803,34.51767701,依威能源汽车充电站(高陵区医院一院),西安市,汽车相关 充电站,其他,8,其他
依威能源汽车充电站(水岸星城南区),汽车相关,充电站,109.3311756,34.14592546,陕西省,西安市,109.3311756,34.14592546,依威能源汽车充电站(水岸星城南区),西安市,汽车相关 充电站,其他,7,其他
依威能源汽车充电站(天鹅湖五期),汽车相关,充电站,109.3269746,34.14024651,陕西省,西安市,109.3269746,34.14024651,依威能源汽车充电站(天鹅湖五期),西安市,汽车相关 充电站,其他,8,其他
依威能源汽车充电站(宏辉城市坐标小区),汽车相关,充电站,109.318121,34.16405286,陕西省,西安市,109.318121,34.16405286,依威能源汽车充电站(宏辉城市坐标小区),西安市,汽车相关 充电站,其他,2,其他
依威能源汽车充电站(宏辉购物广场),汽车相关,充电站,109.3156961,34.16482601,陕西省,西安市,109.3156961,34.16482601,依威能源汽车充电站(宏辉购物广场),西安市,汽车相关 充电站,其他,5,其他
依威能源汽车充电站(水岸星城北区),汽车相关,充电站,109.3307706,34.14712146,陕西省,西安市,109.3307706,34.14712146,依威能源汽车充电站(水岸星城北区),西安市,汽车相关 充电站,其他,3,其他
依威能源汽车充电站(天鹅湖四期),汽车相关,充电站,109.3300486,34.14024946,陕西省,西安市,109.3300486,34.14024946,依威能源汽车充电站(天鹅湖四期),西安市,汽车相关 充电站,其他,8,其他
依威能源汽车充电站(天鹅湖一期),汽车相关,充电站,109.3226467,34.13916563,陕西省,西安市,109.3226467,34.13916563,依威能源汽车充电站(天鹅湖一期),西安市,汽车相关 充电站,其他,7,其他
保时捷汽车充电站(西安热雪奇迹保时捷Turbo超充站),汽车相关,充电站,109.0664653,34.37015183,陕西省,西安市,109.0664653,34.37015183,保时捷汽车充电站(西安热雪奇迹保时捷Turbo超充站),西安市,汽车相关 充电站,其他,2,其他
保时捷汽车充电站(西安灞桥保时捷中心充电站),汽车相关,充电站,109.0537724,34.2183542,陕西省,西安市,109.0537724,34.2183542,保时捷汽车充电站(西安灞桥保时捷中心充电站),西安市,汽车相关 充电站,其他,4,其他
保时捷汽车充电站(临湾路),汽车相关,充电站,109.0537094,34.21837719,陕西省,西安市,109.0537094,34.21837719,保时捷汽车充电站(临湾路),西安市,汽车相关 充电站,其他,2,其他
保时捷汽车充电站(西安熙地港保时捷快充站),汽车相关,充电站,108.9459069,34.33809222,陕西省,西安市,108.9459069,34.33809222,保时捷汽车充电站(西安熙地港保时捷快充站),西安市,汽车相关 充电站,其他,2,其他
保时捷汽车充电站(西安经开洲际酒店目的地充电站),汽车相关,充电站,108.9451091,34.33979037,陕西省,西安市,108.9451091,34.33979037,保时捷汽车充电站(西安经开洲际酒店目的地充电站),西安市,汽车相关 充电站,其他,5,其他
保时捷汽车充电站(西安浐灞一路保时捷中心),汽车相关,充电站,108.9981712,34.33125392,陕西省,西安市,108.9981712,34.33125392,保时捷汽车充电站(西安浐灞一路保时捷中心),西安市,汽车相关 充电站,其他,3,其他
保时捷汽车充电站(熙地港),汽车相关,充电站,108.9447562,34.33787444,陕西省,西安市,108.9447562,34.33787444,保时捷汽车充电站(熙地港),西安市,汽车相关 充电站,其他,4,其他
保时捷汽车充电站(西安熙地港保时捷超级充电站),汽车相关,充电站,108.9442043,34.33800355,陕西省,西安市,108.9442043,34.33800355,保时捷汽车充电站(西安熙地港保时捷超级充电站),西安市,汽车相关 充电站,其他,6,其他
保时捷汽车充电站(西安高新保时捷中心充电站),汽车相关,充电站,108.8584362,34.18592476,陕西省,西安市,108.8584362,34.18592476,保时捷汽车充电站(西安高新保时捷中心充电站),西安市,汽车相关 充电站,其他,6,其他
保时捷汽车充电站(西安君悦酒店保时捷Turbo超充站),汽车相关,充电站,108.8802976,34.19202188,陕西省,西安市,108.8802976,34.19202188,保时捷汽车充电站(西安君悦酒店保时捷Turbo超充站),西安市,汽车相关 充电站,其他,8,其他
保时捷汽车充电站(西安唐华华邑酒店目的地充电站),汽车相关,充电站,108.9686084,34.21714932,陕西省,西安市,108.9686084,34.21714932,保时捷汽车充电站(西安唐华华邑酒店目的地充电站),西安市,汽车相关 充电站,其他,2,其他
保时捷汽车充电站(西安中大国际保时捷超级充电站),汽车相关,充电站,108.8982467,34.22286171,陕西省,西安市,108.8982467,34.22286171,保时捷汽车充电站(西安中大国际保时捷超级充电站),西安市,汽车相关 充电站,其他,5,其他
保时捷汽车充电站(西安立丰城保时捷超级充电站),汽车相关,充电站,108.9021158,34.19689992,陕西省,西安市,108.9021158,34.19689992,保时捷汽车充电站(西安立丰城保时捷超级充电站),西安市,汽车相关 充电站,其他,5,其他
保时捷汽车充电站(西安高新保时捷中心),汽车相关,充电站,108.8584642,34.18582777,陕西省,西安市,108.8584642,34.18582777,保时捷汽车充电站(西安高新保时捷中心),西安市,汽车相关 充电站,其他,6,其他
保时捷汽车充电站(西安香格里拉酒店保时捷超级充电站),汽车相关,充电站,108.8981847,34.23346874,陕西省,西安市,108.8981847,34.23346874,保时捷汽车充电站(西安香格里拉酒店保时捷超级充电站),西安市,汽车相关 充电站,其他,8,其他
保时捷汽车充电站(西安威斯汀酒店保时捷超级充电站),汽车相关,充电站,108.9623325,34.21474523,陕西省,西安市,108.9623325,34.21474523,保时捷汽车充电站(西安威斯汀酒店保时捷超级充电站),西安市,汽车相关 充电站,其他,8,其他
南京能瑞汽车充电站(西安市浐灞生态区天朗东方印地下停车场公共11号充电站),汽车相关,充电站,109.006709,34.33529579,陕西省,西安市,109.006709,34.33529579,南京能瑞汽车充电站(西安市浐灞生态区天朗东方印地下停车场公共11号充电站),西安市,汽车相关 充电站,其他,8,其他
南京能瑞汽车充电站(福斯特阳光充电站),汽车相关,充电站,109.1759886,34.66560662,陕西省,西安市,109.1759886,34.66560662,南京能瑞汽车充电站(福斯特阳光充电站),西安市,汽车相关 充电站,其他,4,其他
国家电网汽车充电站(陕西省西安市新城区西安铁路局),汽车相关,充电站,108.9684514,34.27749342,陕西省,西安市,108.9684514,34.27749342,国家电网汽车充电站(陕西省西安市新城区西安铁路局),西安市,汽车相关 充电站,国家电网,3,其他
国家电网汽车充电站(陕西省西安市碑林区热工研究院北院区),汽车相关,充电站,108.9878849,34.26548336,陕西省,西安市,108.9878849,34.26548336,国家电网汽车充电站(陕西省西安市碑林区热工研究院北院区),西安市,汽车相关 充电站,国家电网,4,其他
国家电网汽车充电站(国网西安浐灞生态区华夏文旅充电站),汽车相关,充电站,109.0211525,34.3561843,陕西省,西安市,109.0211525,34.3561843,国家电网汽车充电站(国网西安浐灞生态区华夏文旅充电站),西安市,汽车相关 充电站,国家电网,7,其他
国家电网汽车充电站(国网陕西省西安市港务区传化物流充电站),汽车相关,充电站,109.0761519,34.35683793,陕西省,西安市,109.0761519,34.35683793,国家电网汽车充电站(国网陕西省西安市港务区传化物流充电站),西安市,汽车相关 充电站,国家电网,7,其他
国家电网汽车充电站(灞桥区政府),汽车相关,充电站,109.0647109,34.27349737,陕西省,西安市,109.0647109,34.27349737,国家电网汽车充电站(灞桥区政府),西安市,汽车相关 充电站,国家电网,3,其他
国家电网汽车充电站(国网陕西省西安市灞桥区得宝门充电站一期),汽车相关,充电站,109.0703133,34.32305661,陕西省,西安市,109.0703133,34.32305661,国家电网汽车充电站(国网陕西省西安市灞桥区得宝门充电站一期),西安市,汽车相关 充电站,国家电网,6,其他
国家电网汽车充电站(陕西省西安市灞桥区西航花园小区),汽车相关,充电站,109.0199644,34.40449228,陕西省,西安市,109.0199644,34.40449228,国家电网汽车充电站(陕西省西安市灞桥区西航花园小区),西安市,汽车相关 充电站,国家电网,3,其他
国家电网汽车充电站(国网陕西省西安市灞桥区得宝门),汽车相关,充电站,109.0704204,34.32259963,陕西省,西安市,109.0704204,34.32259963,国家电网汽车充电站(国网陕西省西安市灞桥区得宝门),西安市,汽车相关 充电站,国家电网,5,其他
国家电网汽车充电站(国网西安灞桥区港兴一路传化物流充电站),汽车相关,充电站,109.0760118,34.35679389,陕西省,西安市,109.0760118,34.35679389,国家电网汽车充电站(国网西安灞桥区港兴一路传化物流充电站),西安市,汽车相关 充电站,国家电网,7,其他
国家电网汽车充电站(陕西省西安市灞桥区骞柳小区),汽车相关,充电站,109.0218655,34.40257339,陕西省,西安市,109.0218655,34.40257339,国家电网汽车充电站(陕西省西安市灞桥区骞柳小区),西安市,汽车相关 充电站,国家电网,2,其他
国家电网汽车充电站(国网陕西省西安市灞桥区得宝门充电站),汽车相关,充电站,109.0724499,34.31949106,陕西省,西安市,109.0724499,34.31949106,国家电网汽车充电站(国网陕西省西安市灞桥区得宝门充电站),西安市,汽车相关 充电站,国家电网,2,其他
国家电网汽车充电站(国网陕西省西安市灞桥区华夏文旅充电站),汽车相关,充电站,109.0223296,34.35287637,陕西省,西安市,109.0223296,34.35287637,国家电网汽车充电站(国网陕西省西安市灞桥区华夏文旅充电站),西安市,汽车相关 充电站,国家电网,6,其他
国家电网汽车充电站(陕西省西安市灞桥区骞柳小区公共充电站),汽车相关,充电站,109.0218695,34.40257439,陕西省,西安市,109.0218695,34.40257439,国家电网汽车充电站(陕西省西安市灞桥区骞柳小区公共充电站),西安市,汽车相关 充电站,国家电网,5,其他
国家电网汽车充电站(陕西省西安市灞桥区西航花园小区公共充电站),汽车相关,充电站,109.0173132,34.40268114,陕西省,西安市,109.0173132,34.40268114,国家电网汽车充电站(陕西省西安市灞桥区西航花园小区公共充电站),西安市,汽车相关 充电站,国家电网,4,其他
国家电网汽车充电站(西安郊区),汽车相关,充电站,109.0700263,34.32286254,陕西省,西安市,109.0700263,34.32286254,国家电网汽车充电站(西安郊区),西安市,汽车相关 充电站,国家电网,5,其他
国家电网汽车充电站(国网陕西省西安市灞桥区得宝门充电站二期),汽车相关,充电站,109.0707725,34.3230937,陕西省,西安市,109.0707725,34.3230937,国家电网汽车充电站(国网陕西省西安市灞桥区得宝门充电站二期),西安市,汽车相关 充电站,国家电网,2,其他
国家电网汽车充电站(国网陕西省西安市灞桥区得宝门充电站三期),汽车相关,充电站,109.0707905,34.32290571,陕西省,西安市,109.0707905,34.32290571,国家电网汽车充电站(国网陕西省西安市灞桥区得宝门充电站三期),西安市,汽车相关 充电站,国家电网,2,其他
国家电网汽车充电站(陕西省西安市灞桥区华夏文旅),汽车相关,充电站,109.0223066,34.35274636,陕西省,西安市,109.0223066,34.35274636,国家电网汽车充电站(陕西省西安市灞桥区华夏文旅),西安市,汽车相关 充电站,国家电网,7,其他
国家电网汽车充电站(国网陕西省西安市灞桥区得宝门充电站四期),汽车相关,充电站,109.0707905,34.3228057,陕西省,西安市,109.0707905,34.3228057,国家电网汽车充电站(国网陕西省西安市灞桥区得宝门充电站四期),西安市,汽车相关 充电站,国家电网,5,其他
国家电网汽车充电站(国网陕西省西咸新区德元物流充电站),汽车相关,充电站,108.8301621,34.33281947,陕西省,西安市,108.8301621,34.33281947,国家电网汽车充电站(国网陕西省西咸新区德元物流充电站),西安市,汽车相关 充电站,国家电网,5,其他
国家电网汽车充电站(陕西省西安市西安西咸吾悦广场停车场),汽车相关,充电站,108.82343,34.25368327,陕西省,西安市,108.82343,34.25368327,国家电网汽车充电站(陕西省西安市西安西咸吾悦广场停车场),西安市,汽车相关 充电站,国家电网,2,其他
国家电网汽车充电站(国网陕西西安未央区未央路充电站),汽车相关,充电站,108.9476585,34.30034684,陕西省,西安市,108.9476585,34.30034684,国家电网汽车充电站(国网陕西西安未央区未央路充电站),西安市,汽车相关 充电站,国家电网,4,其他
国家电网汽车充电站(中国铁建二十局集团小区),汽车相关,充电站,108.9733516,34.29719882,陕西省,西安市,108.9733516,34.29719882,国家电网汽车充电站(中国铁建二十局集团小区),西安市,汽车相关 充电站,国家电网,6,其他
国家电网汽车充电站(陕西省西安市西安西咸吾悦广场停车场公共充电站),汽车相关,充电站,108.823433,34.25368327,陕西省,西安市,108.823433,34.25368327,国家电网汽车充电站(陕西省西安市西安西咸吾悦广场停车场公共充电站),西安市,汽车相关 充电站,国家电网,8,其他
国家电网汽车充电站(国网陕西省西咸新区沣东新城西北东路北汽充电站),汽车相关,充电站,108.8281941,34.27734138,陕西省,西安市,108.8281941,34.27734138,国家电网汽车充电站(国网陕西省西咸新区沣东新城西北东路北汽充电站),西安市,汽车相关 充电站,国家电网,6,其他
国家电网汽车充电站(沣东自贸新天地),汽车相关,充电站,108.8142226,34.25881091,陕西省,西安市,108.8142226,34.25881091,国家电网汽车充电站(沣东自贸新天地),西安市,汽车相关 充电站,国家电网,5,其他
国家电网汽车充电站(国网陕西省西咸新区沣东天台路充电站),汽车相关,充电站,108.8257691,34.27191534,陕西省,西安市,108.8257691,34.27191534,国家电网汽车充电站(国网陕西省西咸新区沣东天台路充电站),西安市,汽车相关 充电站,国家电网,6,其他
国家电网汽车充电站(国网西安未央区凤和路充电站),汽车相关,充电站,108.932928,34.32039575,陕西省,西安市,108.932928,34.32039575,国家电网汽车充电站(国网西安未央区凤和路充电站),西安市,汽车相关 充电站,国家电网,2,其他
国家电网汽车充电站(国网陕西西安高新第五季充电站),汽车相关,充电站,108.8897077,34.18425026,陕西省,西安市,108.8897077,34.18425026,国家电网汽车充电站(国网陕西西安高新第五季充电站),西安市,汽车相关 充电站,国家电网,2,其他
国家电网汽车充电站(雁塔区理工大学曲江校区),汽车相关,充电站,108.9878129,34.22146632,陕西省,西安市,108.9878129,34.22146632,国家电网汽车充电站(雁塔区理工大学曲江校区),西安市,汽车相关 充电站,国家电网,5,其他
国家电网汽车充电站(国建能源西安曲江大城雍翔新城交流充电站),汽车相关,充电站,108.9916686,34.23339309,陕西省,西安市,108.9916686,34.23339309,国家电网汽车充电站(国建能源西安曲江大城雍翔新城交流充电站),西安市,汽车相关 充电站,国家电网,5,其他
国家电网汽车充电站(雁展路),汽车相关,充电站,108.9569525,34.19728207,陕西省,西安市,108.9569525,34.19728207,国家电网汽车充电站(雁展路),西安市,汽车相关 充电站,国家电网,8,其他
国家电网汽车充电站(陕西省西安市雁塔区雁塔区政府大院公共充电站),汽车相关,充电站,108.9485563,34.22175857,陕西省,西安市,108.9485563,34.22175857,国家电网汽车充电站(陕西省西安市雁塔区雁塔区政府大院公共充电站),西安市,汽车相关 充电站,国家电网,8,其他
国家电网汽车充电站(国网西安高新区钱学森第二小学充电站),汽车相关,充电站,108.8842338,34.21926926,陕西省,西安市,108.8842338,34.21926926,国家电网汽车充电站(国网西安高新区钱学森第二小学充电站),西安市,汽车相关 充电站,国家电网,7,其他
国家电网汽车充电站(绿地笔克),汽车相关,充电站,108.888121,34.19276756,陕西省,西安市,108.888121,34.19276756,国家电网汽车充电站(绿地笔克),西安市,汽车相关 充电站,国家电网,5,其他
国家电网汽车充电站(西安是雁塔区芙蓉山庄花间路),汽车相关,充电站,109.0433754,34.2206425,陕西省,西安市,109.0433754,34.2206425,国家电网汽车充电站(西安是雁塔区芙蓉山庄花间路),西安市,汽车相关 充电站,国家电网,4,其他
国家电网汽车充电站(陕西省西安市西北分部泛美花园充电点),汽车相关,充电站,108.9618476,34.20217729,陕西省,西安市,108.9618476,34.20217729,国家电网汽车充电站(陕西省西安市西北分部泛美花园充电点),西安市,汽车相关 充电站,国家电网,6,其他
国家电网汽车充电站(国建能源西安曲江大城华宸交流充电站),汽车相关,充电站,108.9963293,34.18703581,陕西省,西安市,108.9963293,34.18703581,国家电网汽车充电站(国建能源西安曲江大城华宸交流充电站),西安市,汽车相关 充电站,国家电网,5,其他
国家电网汽车充电站(国建能源西安昆明路9号住宅交流充电站),汽车相关,充电站,108.8795528,34.25198109,陕西省,西安市,108.8795528,34.25198109,国家电网汽车充电站(国建能源西安昆明路9号住宅交流充电站),西安市,汽车相关 充电站,国家电网,3,其他
国家电网汽车充电站(陕西省西安市阎良区丽景枫尚小区),汽车相关,充电站,109.2084659,34.64780038,陕西省,西安市,109.2084659,34.64780038,国家电网汽车充电站(陕西省西安市阎良区丽景枫尚小区),西安市,汽车相关 充电站,国家电网,7,其他
国家电网汽车充电站(陕西省西安市阎良区梦想城),汽车相关,充电站,109.2335093,34.66522654,陕西省,西安市,109.2335093,34.66522654,国家电网汽车充电站(陕西省西安市阎良区梦想城),西安市,汽车相关 充电站,国家电网,3,其他
国家电网汽车充电站(陕西省西安市阎良区丽景枫尚小区公共充电站),汽车相关,充电站,109.2452387,34.65852237,陕西省,西安市,109.2452387,34.65852237,国家电网汽车充电站(陕西省西安市阎良区丽景枫尚小区公共充电站),西安市,汽车相关 充电站,国家电网,2,其他
国家电网汽车充电站(丽景枫尚小区),汽车相关,充电站,109.2452407,34.65852036,陕西省,西安市,109.2452407,34.65852036,国家电网汽车充电站(丽景枫尚小区),西安市,汽车相关 充电站,国家电网,8,其他
国家电网汽车充电站(陕西省西安市阎良区西雅图酒店充电点),汽车相关,充电站,109.2211198,34.66131461,陕西省,西安市,109.2211198,34.66131461,国家电网汽车充电站(陕西省西安市阎良区西雅图酒店充电点),西安市,汽车相关 充电站,国家电网,6,其他
国家电网汽车充电站(国网陕西省西安市阎良区汽车站充电站),汽车相关,充电站,109.2781234,34.66341621,陕西省,西安市,109.2781234,34.66341621,国家电网汽车充电站(国网陕西省西安市阎良区汽车站充电站),西安市,汽车相关 充电站,国家电网,5,其他
国家电网汽车充电站(陕西省西安市阎良区元和聚宝苑停车场公共充电站),汽车相关,充电站,109.2022008,34.6453031,陕西省,西安市,109.2022008,34.6453031,国家电网汽车充电站(陕西省西安市阎良区元和聚宝苑停车场公共充电站),西安市,汽车相关 充电站,国家电网,3,其他
国家电网汽车充电站(陕西省西安市阎良区马家村充电点),汽车相关,充电站,109.234901,34.60112824,陕西省,西安市,109.234901,34.60112824,国家电网汽车充电站(陕西省西安市阎良区马家村充电点),西安市,汽车相关 充电站,国家电网,6,其他
国家电网汽车充电站(陕西省西安市阎良区华鑫苑小区公共充电站),汽车相关,充电站,109.2195641,34.65086685,陕西省,西安市,109.2195641,34.65086685,国家电网汽车充电站(陕西省西安市阎良区华鑫苑小区公共充电站),西安市,汽车相关 充电站,国家电网,2,其他
国家电网汽车充电站(陕西省西安市阎良区秦家村充电点),汽车相关,充电站,109.2139851,34.61344163,陕西省,西安市,109.2139851,34.61344163,国家电网汽车充电站(陕西省西安市阎良区秦家村充电点),西安市,汽车相关 充电站,国家电网,8,其他
国家电网汽车充电站(阎良区华鑫苑小区),汽车相关,充电站,109.2195681,34.65086085,陕西省,西安市,109.2195681,34.65086085,国家电网汽车充电站(阎良区华鑫苑小区),西安市,汽车相关 充电站,国家电网,4,其他
国家电网汽车充电站(陕西省西安市阎良区汽车站),汽车相关,充电站,109.2742892,34.66358387,陕西省,西安市,109.2742892,34.66358387,国家电网汽车充电站(陕西省西安市阎良区汽车站),西安市,汽车相关 充电站,国家电网,7,其他
国家电网汽车充电站(国网陕西省西安市临潼区兵马俑停车场充电站),汽车相关,充电站,109.2856151,34.39127971,陕西省,西安市,109.2856151,34.39127971,国家电网汽车充电站(国网陕西省西安市临潼区兵马俑停车场充电站),西安市,汽车相关 充电站,国家电网,6,其他
国家电网汽车充电站(国网陕西连霍高速临潼服务区连云港方向充电站),汽车相关,充电站,109.1458995,34.34116866,陕西省,西安市,109.1458995,34.34116866,国家电网汽车充电站(国网陕西连霍高速临潼服务区连云港方向充电站),西安市,汽车相关 充电站,国家电网,6,其他
国家电网汽车充电站(秦安雅苑),汽车相关,充电站,109.2248871,34.37346867,陕西省,西安市,109.2248871,34.37346867,国家电网汽车充电站(秦安雅苑),西安市,汽车相关 充电站,国家电网,4,其他
国家电网汽车充电站(陕西省兵马俑停车场充电站),汽车相关,充电站,109.2872748,34.39219846,陕西省,西安市,109.2872748,34.39219846,国家电网汽车充电站(陕西省兵马俑停车场充电站),西安市,汽车相关 充电站,国家电网,6,其他
国家电网汽车充电站(国网陕西省西安市临潼区凤凰大道充电站),汽车相关,充电站,109.1730405,34.36139327,陕西省,西安市,109.1730405,34.36139327,国家电网汽车充电站(国网陕西省西安市临潼区凤凰大道充电站),西安市,汽车相关 充电站,国家电网,2,其他
国家电网汽车充电站(国网陕西省西安市灞桥区现代物流园区充电站),汽车相关,充电站,109.1091549,34.34734942,陕西省,西安市,109.1091549,34.34734942,国家电网汽车充电站(国网陕西省西安市灞桥区现代物流园区充电站),西安市,汽车相关 充电站,国家电网,2,其他
国家电网汽车充电站(国网陕西临潼兵马俑第二停车场交流有序充电站),汽车相关,充电站,109.2870068,34.3922435,陕西省,西安市,109.2870068,34.3922435,国家电网汽车充电站(国网陕西临潼兵马俑第二停车场交流有序充电站),西安市,汽车相关 充电站,国家电网,4,其他
国家电网汽车充电站(兵马俑停车场),汽车相关,充电站,109.2871738,34.39255948,陕西省,西安市,109.2871738,34.39255948,国家电网汽车充电站(兵马俑停车场),西安市,汽车相关 充电站,国家电网,7,其他
国家电网汽车充电站(国网陕西西安临潼区秦唐大道充电站),汽车相关,充电站,109.2383103,34.36724332,陕西省,西安市,109.2383103,34.36724332,国家电网汽车充电站(国网陕西西安临潼区秦唐大道充电站),西安市,汽车相关 充电站,国家电网,5,其他
国家电网汽车充电站(临潼物流园),汽车相关,充电站,109.1091039,34.34738941,陕西省,西安市,109.1091039,34.34738941,国家电网汽车充电站(临潼物流园),西安市,汽车相关 充电站,国家电网,3,其他
国家电网汽车充电站(兵马俑广告桩),汽车相关,充电站,109.2880896,34.38709433,陕西省,西安市,109.2880896,34.38709433,国家电网汽车充电站(兵马俑广告桩),西安市,汽车相关 充电站,国家电网,5,其他
国家电网汽车充电站(国网陕西省西咸沣东i立方地下停车场充电站),汽车相关,充电站,108.7770798,34.26260175,陕西省,西安市,108.7770798,34.26260175,国家电网汽车充电站(国网陕西省西咸沣东i立方地下停车场充电站),西安市,汽车相关 充电站,国家电网,6,其他
国家电网汽车充电站(包茂高速南五台服务区充电站包头方向),汽车相关,充电站,108.9957045,34.02869574,陕西省,西安市,108.9957045,34.02869574,国家电网汽车充电站(包茂高速南五台服务区充电站包头方向),西安市,汽车相关 充电站,国家电网,3,其他
国家电网汽车充电站(国网陕西省西安市长安区深国际物流园区充电站A区),汽车相关,充电站,109.0171744,34.15453987,陕西省,西安市,109.0171744,34.15453987,国家电网汽车充电站(国网陕西省西安市长安区深国际物流园区充电站A区),西安市,汽车相关 充电站,国家电网,4,其他
国家电网汽车充电站(国网陕西省西安市长安区深国际物流园区充电站B区),汽车相关,充电站,109.0161513,34.15244983,陕西省,西安市,109.0161513,34.15244983,国家电网汽车充电站(国网陕西省西安市长安区深国际物流园区充电站B区),西安市,汽车相关 充电站,国家电网,4,其他
国家电网汽车充电站(国网陕西省西咸新区昆明池景区东充电站),汽车相关,充电站,108.7672949,34.21283906,陕西省,西安市,108.7672949,34.21283906,国家电网汽车充电站(国网陕西省西咸新区昆明池景区东充电站),西安市,汽车相关 充电站,国家电网,7,其他
国家电网汽车充电站(国网陕西省西咸新区沣东新城诗经里充电站),汽车相关,充电站,108.7407924,34.2287934,陕西省,西安市,108.7407924,34.2287934,国家电网汽车充电站(国网陕西省西咸新区沣东新城诗经里充电站),西安市,汽车相关 充电站,国家电网,3,其他
国家电网汽车充电站(沣东i立方地下停车场),汽车相关,充电站,108.7767367,34.26211669,陕西省,西安市,108.7767367,34.26211669,国家电网汽车充电站(沣东i立方地下停车场),西安市,汽车相关 充电站,国家电网,2,其他
国家电网汽车充电站(沣东新城沣滨水镇诗经里停车场),汽车相关,充电站,108.7407254,34.22852639,陕西省,西安市,108.7407254,34.22852639,国家电网汽车充电站(沣东新城沣滨水镇诗经里停车场),西安市,汽车相关 充电站,国家电网,3,其他
国家电网汽车充电站(昆明池景区西停车场内),汽车相关,充电站,108.7675679,34.21310811,陕西省,西安市,108.7675679,34.21310811,国家电网汽车充电站(昆明池景区西停车场内),西安市,汽车相关 充电站,国家电网,6,其他
国家电网汽车充电站(沣东自贸产业园),汽车相关,充电站,108.7999373,34.28552482,陕西省,西安市,108.7999373,34.28552482,国家电网汽车充电站(沣东自贸产业园),西安市,汽车相关 充电站,国家电网,2,其他
国家电网汽车充电站(交大创新港心),汽车相关,充电站,108.6544869,34.25499263,陕西省,西安市,108.6544869,34.25499263,国家电网汽车充电站(交大创新港心),西安市,汽车相关 充电站,国家电网,8,其他
国家电网汽车充电站(陕西省西安市西咸新区泾阳医院公共充电站),汽车相关,充电站,108.9247921,34.15461319,陕西省,西安市,108.9247921,34.15461319,国家电网汽车充电站(陕西省西安市西咸新区泾阳医院公共充电站),西安市,汽车相关 充电站,国家电网,8,其他
国家电网汽车充电站(陕西省西安市沣东希尔顿酒店B1充电站苏创-西安乐充充),汽车相关,充电站,108.7987472,34.23573661,陕西省,西安市,108.7987472,34.23573661,国家电网汽车充电站(陕西省西安市沣东希尔顿酒店B1充电站苏创-西安乐充充),西安市,汽车相关 充电站,国家电网,8,其他
国家电网汽车充电站(国网陕西省西安市长安区何家营充电站),汽车相关,充电站,108.94559,34.12769601,陕西省,西安市,108.94559,34.12769601,国家电网汽车充电站(国网陕西省西安市长安区何家营充电站),西安市,汽车相关 充电站,国家电网,4,其他
国家电网汽车充电站(国网陕西西安长安区樱花二路大安充电站),汽车相关,充电站,108.8918352,34.16559585,陕西省,西安市,108.8918352,34.16559585,国家电网汽车充电站(国网陕西西安长安区樱花二路大安充电站),西安市,汽车相关 充电站,国家电网,3,其他
国家电网汽车充电站(长安区何家营公共),汽车相关,充电站,108.945873,34.12773196,陕西省,西安市,108.945873,34.12773196,国家电网汽车充电站(长安区何家营公共),西安市,汽车相关 充电站,国家电网,8,其他
国家电网汽车充电站(包茂高速南五台服务区充电站茂名方向),汽车相关,充电站,108.9940496,34.02578582,陕西省,西安市,108.9940496,34.02578582,国家电网汽车充电站(包茂高速南五台服务区充电站茂名方向),西安市,汽车相关 充电站,国家电网,5,其他
国家电网汽车充电站(国网陕西省西安市长安区深国际物流园区充电站),汽车相关,充电站,109.0147953,34.15402177,陕西省,西安市,109.0147953,34.15402177,国家电网汽车充电站(国网陕西省西安市长安区深国际物流园区充电站),西安市,汽车相关 充电站,国家电网,7,其他
国家电网汽车充电站(康复路),汽车相关,充电站,109.0546647,34.1375303,陕西省,西安市,109.0546647,34.1375303,国家电网汽车充电站(康复路),西安市,汽车相关 充电站,国家电网,5,其他
国家电网汽车充电站(陕西省西安市高陵区河风雅苑),汽车相关,充电站,108.9904215,34.44142742,陕西省,西安市,108.9904215,34.44142742,国家电网汽车充电站(陕西省西安市高陵区河风雅苑),西安市,汽车相关 充电站,国家电网,8,其他
国家电网汽车充电站(陕西省西咸新区沣西新城大王),汽车相关,充电站,108.6582786,34.1995923,陕西省,西安市,108.6582786,34.1995923,国家电网汽车充电站(陕西省西咸新区沣西新城大王),西安市,汽车相关 充电站,国家电网,7,其他
国家电网汽车充电站(国网临兴高速沣京服务区临潼方向),汽车相关,充电站,108.6663631,34.17506088,陕西省,西安市,108.6663631,34.17506088,国家电网汽车充电站(国网临兴高速沣京服务区临潼方向),西安市,汽车相关 充电站,国家电网,6,其他
国家电网汽车充电站(国网临兴高速沣京服务区兴平方向),汽车相关,充电站,108.6640252,34.17544497,陕西省,西安市,108.6640252,34.17544497,国家电网汽车充电站(国网临兴高速沣京服务区兴平方向),西安市,汽车相关 充电站,国家电网,5,其他
国家电网汽车充电站(陕西省西安市金色家园二期公共充电站),汽车相关,充电站,108.622114,34.1006934,陕西省,西安市,108.622114,34.1006934,国家电网汽车充电站(陕西省西安市金色家园二期公共充电站),西安市,汽车相关 充电站,国家电网,3,其他
国家电网汽车充电站(国网陕西省西安市户县人民路充电站),汽车相关,充电站,108.6253823,34.08836687,陕西省,西安市,108.6253823,34.08836687,国家电网汽车充电站(国网陕西省西安市户县人民路充电站),西安市,汽车相关 充电站,国家电网,3,其他
国家电网汽车充电站(陕西省西安市金色家园一期),汽车相关,充电站,108.612512,34.10176005,陕西省,西安市,108.612512,34.10176005,国家电网汽车充电站(陕西省西安市金色家园一期),西安市,汽车相关 充电站,国家电网,5,其他
国家电网汽车充电站(陕西省西安市鄠邑区庞光新苑公共充电站),汽车相关,充电站,108.672088,34.03611164,陕西省,西安市,108.672088,34.03611164,国家电网汽车充电站(陕西省西安市鄠邑区庞光新苑公共充电站),西安市,汽车相关 充电站,国家电网,8,其他
国家电网汽车充电站(人民路),汽车相关,充电站,108.6253223,34.08833188,陕西省,西安市,108.6253223,34.08833188,国家电网汽车充电站(人民路),西安市,汽车相关 充电站,国家电网,3,其他
国家电网汽车充电站(陕西省西安市蓝田区西安云居花谷林苑酒店),汽车相关,充电站,109.2333204,34.26055306,陕西省,西安市,109.2333204,34.26055306,国家电网汽车充电站(陕西省西安市蓝田区西安云居花谷林苑酒店),西安市,汽车相关 充电站,国家电网,6,其他
国家电网汽车充电站(陕西省西安市蓝田区滨河度假区),汽车相关,充电站,109.2223045,34.02058965,陕西省,西安市,109.2223045,34.02058965,国家电网汽车充电站(陕西省西安市蓝田区滨河度假区),西安市,汽车相关 充电站,国家电网,2,其他
国家电网汽车充电站(陕西省西安市蓝田区南山汤院小区北区),汽车相关,充电站,109.2174074,34.02262441,陕西省,西安市,109.2174074,34.02262441,国家电网汽车充电站(陕西省西安市蓝田区南山汤院小区北区),西安市,汽车相关 充电站,国家电网,8,其他
国家电网汽车充电站(陕西省西安市蓝田区南山汤院小区北区公共充电站),汽车相关,充电站,109.2174044,34.0226234,陕西省,西安市,109.2174044,34.0226234,国家电网汽车充电站(陕西省西安市蓝田区南山汤院小区北区公共充电站),西安市,汽车相关 充电站,国家电网,6,其他
国家电网汽车充电站(陕西省西安市蓝田区滨河度假区公共充电站),汽车相关,充电站,109.2223035,34.02058966,陕西省,西安市,109.2223035,34.02058966,国家电网汽车充电站(陕西省西安市蓝田区滨河度假区公共充电站),西安市,汽车相关 充电站,国家电网,7,其他
国家电网汽车充电站(沪陕高速蓝田东服务区公共西安方向),汽车相关,充电站,109.401929,34.16026866,陕西省,西安市,109.401929,34.16026866,国家电网汽车充电站(沪陕高速蓝田东服务区公共西安方向),西安市,汽车相关 充电站,国家电网,6,其他
国家电网汽车充电站(国网陕西省西安市临潼兵马俑服务区山任安置二区充电站),汽车相关,充电站,109.1719085,34.23211008,陕西省,西安市,109.1719085,34.23211008,国家电网汽车充电站(国网陕西省西安市临潼兵马俑服务区山任安置二区充电站),西安市,汽车相关 充电站,国家电网,8,其他
国家电网汽车充电站(陕西省西安市蓝田区西安云居花谷林苑酒店公共充电站),汽车相关,充电站,109.2333214,34.26055206,陕西省,西安市,109.2333214,34.26055206,国家电网汽车充电站(陕西省西安市蓝田区西安云居花谷林苑酒店公共充电站),西安市,汽车相关 充电站,国家电网,7,其他
国家电网汽车充电站(沪陕高速蓝田东服务区公共充电站西安方向),汽车相关,充电站,109.402097,34.16099969,陕西省,西安市,109.402097,34.16099969,国家电网汽车充电站(沪陕高速蓝田东服务区公共充电站西安方向),西安市,汽车相关 充电站,国家电网,8,其他
国家电网汽车充电站(陕西省西安市临潼区秦兵马俑服务区山任安置二区充电站),汽车相关,充电站,109.1731005,34.23131108,陕西省,西安市,109.1731005,34.23131108,国家电网汽车充电站(陕西省西安市临潼区秦兵马俑服务区山任安置二区充电站),西安市,汽车相关 充电站,国家电网,3,其他
国家电网汽车充电站(国网陕西西安周至县九峰镇政府交流充电站),汽车相关,充电站,108.4299256,34.08071073,陕西省,西安市,108.4299256,34.08071073,国家电网汽车充电站(国网陕西西安周至县九峰镇政府交流充电站),西安市,汽车相关 充电站,国家电网,2,其他
国家电网汽车充电站(国网陕西西安周至县青化村委会站),汽车相关,充电站,108.0277047,34.18324812,陕西省,西安市,108.0277047,34.18324812,国家电网汽车充电站(国网陕西西安周至县青化村委会站),西安市,汽车相关 充电站,国家电网,8,其他
国家电网汽车充电站(国网陕西西安周至县哑柏镇政府交流充电站),汽车相关,充电站,108.0900199,34.17777705,陕西省,西安市,108.0900199,34.17777705,国家电网汽车充电站(国网陕西西安周至县哑柏镇政府交流充电站),西安市,汽车相关 充电站,国家电网,8,其他
国家电网汽车充电站(国网陕西西安周至县马召镇安富园社区充电站),汽车相关,充电站,108.1650371,34.07416818,陕西省,西安市,108.1650371,34.07416818,国家电网汽车充电站(国网陕西西安周至县马召镇安富园社区充电站),西安市,汽车相关 充电站,国家电网,3,其他
国家电网汽车充电站(国网陕西西安周至县终南镇政府交流充电站),汽车相关,充电站,108.3648891,34.14506736,陕西省,西安市,108.3648891,34.14506736,国家电网汽车充电站(国网陕西西安周至县终南镇政府交流充电站),西安市,汽车相关 充电站,国家电网,4,其他
国家电网汽车充电站(国网陕西省西安市周至县植物园充电站),汽车相关,充电站,108.3517696,34.07022502,陕西省,西安市,108.3517696,34.07022502,国家电网汽车充电站(国网陕西省西安市周至县植物园充电站),西安市,汽车相关 充电站,国家电网,3,其他
国家电网汽车充电站(陕西省西安市周至植物园),汽车相关,充电站,108.3551089,34.06872928,陕西省,西安市,108.3551089,34.06872928,国家电网汽车充电站(陕西省西安市周至植物园),西安市,汽车相关 充电站,国家电网,7,其他
小桔充电站(老虎快充公园南路),汽车相关,充电站,109.005412,34.2512657,陕西省,西安市,109.005412,34.2512657,小桔充电站(老虎快充公园南路),西安市,汽车相关 充电站,其他,3,其他
小桔充电站(延长售电太华南路),汽车相关,充电站,108.970573,34.28686415,陕西省,西安市,108.970573,34.28686415,小桔充电站(延长售电太华南路),西安市,汽车相关 充电站,其他,3,其他
小桔充电站(延长售电自强东路),汽车相关,充电站,108.9696592,34.28209627,陕西省,西安市,108.9696592,34.28209627,小桔充电站(延长售电自强东路),西安市,汽车相关 充电站,其他,2,其他
小桔充电站(西安新洁新能源韩森路充电站),汽车相关,充电站,109.0243698,34.25919241,陕西省,西安市,109.0243698,34.25919241,小桔充电站(西安新洁新能源韩森路充电站),西安市,汽车相关 充电站,其他,3,其他
小桔充电站(朝阳国际广场),汽车相关,充电站,108.9747134,34.26898162,陕西省,西安市,108.9747134,34.26898162,小桔充电站(朝阳国际广场),西安市,汽车相关 充电站,其他,8,其他
小桔充电站(长乐西路康复中心充电站),汽车相关,充电站,108.9879709,34.26848636,陕西省,西安市,108.9879709,34.26848636,小桔充电站(长乐西路康复中心充电站),西安市,汽车相关 充电站,其他,2,其他
小桔充电站(公园北路),汽车相关,充电站,109.006691,34.26494972,陕西省,西安市,109.006691,34.26494972,小桔充电站(公园北路),西安市,汽车相关 充电站,其他,5,其他
小桔充电站(西安新城万年路充电站),汽车相关,充电站,109.0023881,34.27113374,陕西省,西安市,109.0023881,34.27113374,小桔充电站(西安新城万年路充电站),西安市,汽车相关 充电站,其他,4,其他
小桔充电站(西安新城区华清路南天),汽车相关,充电站,108.9840782,34.28019168,陕西省,西安市,108.9840782,34.28019168,小桔充电站(西安新城区华清路南天),西安市,汽车相关 充电站,其他,2,其他
小桔充电站(西安福邸铭门广场充电站),汽车相关,充电站,109.0163463,34.25858893,陕西省,西安市,109.0163463,34.25858893,小桔充电站(西安福邸铭门广场充电站),西安市,汽车相关 充电站,其他,7,其他
小桔充电站(五路口民安大厦),汽车相关,充电站,108.9643901,34.27176799,陕西省,西安市,108.9643901,34.27176799,小桔充电站(五路口民安大厦),西安市,汽车相关 充电站,其他,5,其他
小桔充电站(西工大),汽车相关,充电站,108.9108666,34.2404542,陕西省,西安市,108.9108666,34.2404542,小桔充电站(西工大),西安市,汽车相关 充电站,其他,2,其他
小桔充电站(不对外陕西开放大学含光校区),汽车相关,充电站,108.9315414,34.23415691,陕西省,西安市,108.9315414,34.23415691,小桔充电站(不对外陕西开放大学含光校区),西安市,汽车相关 充电站,其他,2,其他
小桔充电站(太白立交红星美凯龙),汽车相关,充电站,108.9240373,34.23489645,陕西省,西安市,108.9240373,34.23489645,小桔充电站(太白立交红星美凯龙),西安市,汽车相关 充电站,其他,4,其他
小桔充电站(BP快速充电站西安碑林泛太国际),汽车相关,充电站,108.9714489,34.24075098,陕西省,西安市,108.9714489,34.24075098,小桔充电站(BP快速充电站西安碑林泛太国际),西安市,汽车相关 充电站,其他,8,其他
小桔充电站(经九路轻居酒店),汽车相关,充电站,108.9793338,34.24014108,陕西省,西安市,108.9793338,34.24014108,小桔充电站(经九路轻居酒店),西安市,汽车相关 充电站,其他,7,其他
小桔充电站(西安南门中贸街充电站),汽车相关,充电站,108.941435,34.24372993,陕西省,西安市,108.941435,34.24372993,小桔充电站(西安南门中贸街充电站),西安市,汽车相关 充电站,其他,6,其他
小桔充电站(南二环店),汽车相关,充电站,108.9948764,34.24314394,陕西省,西安市,108.9948764,34.24314394,小桔充电站(南二环店),西安市,汽车相关 充电站,其他,6,其他
小桔充电站(BP快速充电站西安莲湖丝路艺术剧院),汽车相关,充电站,108.9307706,34.26926511,陕西省,西安市,108.9307706,34.26926511,小桔充电站(BP快速充电站西安莲湖丝路艺术剧院),西安市,汽车相关 充电站,其他,2,其他
小桔充电站(锦园生态停车场),汽车相关,充电站,108.9080193,34.25683181,陕西省,西安市,108.9080193,34.25683181,小桔充电站(锦园生态停车场),西安市,汽车相关 充电站,其他,3,其他
小桔充电站(枣园西路生态停车场),汽车相关,充电站,108.8624557,34.27913648,陕西省,西安市,108.8624557,34.27913648,小桔充电站(枣园西路生态停车场),西安市,汽车相关 充电站,其他,7,其他
小桔充电站(万马爱充桃园北路站),汽车相关,充电站,108.9008251,34.27833229,陕西省,西安市,108.9008251,34.27833229,小桔充电站(万马爱充桃园北路站),西安市,汽车相关 充电站,其他,5,其他
小桔充电站(西安北关华润万家),汽车相关,充电站,108.9467987,34.28212397,陕西省,西安市,108.9467987,34.28212397,小桔充电站(西安北关华润万家),西安市,汽车相关 充电站,其他,3,其他
小桔充电站(西安丰庆公园),汽车相关,充电站,108.9008321,34.24749224,陕西省,西安市,108.9008321,34.24749224,小桔充电站(西安丰庆公园),西安市,汽车相关 充电站,其他,3,其他
小桔充电站(BP快速充电站西安莲湖丰禾万达广场),汽车相关,充电站,108.8997883,34.2809155,陕西省,西安市,108.8997883,34.2809155,小桔充电站(BP快速充电站西安莲湖丰禾万达广场),西安市,汽车相关 充电站,其他,7,其他
小桔充电站(陕西西安起航丰禾路充电站),汽车相关,充电站,108.8974199,34.28629497,陕西省,西安市,108.8974199,34.28629497,小桔充电站(陕西西安起航丰禾路充电站),西安市,汽车相关 充电站,其他,8,其他
小桔充电站(墨韬文景南路充电站),汽车相关,充电站,108.9397574,34.29098633,陕西省,西安市,108.9397574,34.29098633,小桔充电站(墨韬文景南路充电站),西安市,汽车相关 充电站,其他,2,其他
小桔充电站(西安莲湖路亿诺站),汽车相关,充电站,108.9309495,34.26913107,陕西省,西安市,108.9309495,34.26913107,小桔充电站(西安莲湖路亿诺站),西安市,汽车相关 充电站,其他,2,其他
小桔充电站(途源玉祥门),汽车相关,充电站,108.9233374,34.26903465,陕西省,西安市,108.9233374,34.26903465,小桔充电站(途源玉祥门),西安市,汽车相关 充电站,其他,2,其他
小桔充电站(众成爱充团结西路),汽车相关,充电站,108.8695536,34.26512458,陕西省,西安市,108.8695536,34.26512458,小桔充电站(众成爱充团结西路),西安市,汽车相关 充电站,其他,2,其他
小桔充电站(途源西门环城西苑充电站),汽车相关,充电站,108.9233624,34.26025663,陕西省,西安市,108.9233624,34.26025663,小桔充电站(途源西门环城西苑充电站),西安市,汽车相关 充电站,其他,6,其他
小桔充电站(西安天朗时代酒店充电站),汽车相关,充电站,108.9220788,34.26811591,陕西省,西安市,108.9220788,34.26811591,小桔充电站(西安天朗时代酒店充电站),西安市,汽车相关 充电站,其他,2,其他
小桔充电站(西安裕隆创新大厦充电站),汽车相关,充电站,108.9087871,34.24035563,陕西省,西安市,108.9087871,34.24035563,小桔充电站(西安裕隆创新大厦充电站),西安市,汽车相关 充电站,其他,6,其他
小桔充电站(西安大兴西路汉城墙遗址充电站),汽车相关,充电站,108.8679089,34.28921084,陕西省,西安市,108.8679089,34.28921084,小桔充电站(西安大兴西路汉城墙遗址充电站),西安市,汽车相关 充电站,其他,6,其他
小桔充电站(西安莲湖红光路充电站),汽车相关,充电站,108.8655182,34.25914609,陕西省,西安市,108.8655182,34.25914609,小桔充电站(西安莲湖红光路充电站),西安市,汽车相关 充电站,其他,8,其他
小桔充电站(丰镐东路),汽车相关,充电站,108.8981867,34.25832578,陕西省,西安市,108.8981867,34.25832578,小桔充电站(丰镐东路),西安市,汽车相关 充电站,其他,2,其他
小桔充电站(西安丰庆公园充电站),汽车相关,充电站,108.9007681,34.24722326,陕西省,西安市,108.9007681,34.24722326,小桔充电站(西安丰庆公园充电站),西安市,汽车相关 充电站,其他,4,其他
小桔充电站(老虎快充纺六路站),汽车相关,充电站,109.0643389,34.25784727,陕西省,西安市,109.0643389,34.25784727,小桔充电站(老虎快充纺六路站),西安市,汽车相关 充电站,其他,5,其他
小桔充电站(延长售电向阳北路),汽车相关,充电站,109.1227263,34.30776911,陕西省,西安市,109.1227263,34.30776911,小桔充电站(延长售电向阳北路),西安市,汽车相关 充电站,其他,3,其他
小桔充电站(西安浐灞新城),汽车相关,充电站,109.0743884,34.27533644,陕西省,西安市,109.0743884,34.27533644,小桔充电站(西安浐灞新城),西安市,汽车相关 充电站,其他,6,其他
小桔充电站(延长售电长荣路),汽车相关,充电站,109.0302344,34.26501692,陕西省,西安市,109.0302344,34.26501692,小桔充电站(延长售电长荣路),西安市,汽车相关 充电站,其他,7,其他
小桔充电站(延长售电保税区地铁A口),汽车相关,充电站,109.0418,34.39602547,陕西省,西安市,109.0418,34.39602547,小桔充电站(延长售电保税区地铁A口),西安市,汽车相关 充电站,其他,7,其他
小桔充电站(新筑超慧充快充站),汽车相关,充电站,109.0584914,34.40327528,陕西省,西安市,109.0584914,34.40327528,小桔充电站(新筑超慧充快充站),西安市,汽车相关 充电站,其他,5,其他
小桔充电站(西安市浐灞生态区水岸东方电动汽车),汽车相关,充电站,109.046761,34.25840306,陕西省,西安市,109.046761,34.25840306,小桔充电站(西安市浐灞生态区水岸东方电动汽车),西安市,汽车相关 充电站,其他,7,其他
小桔充电站(延长售电华南城),汽车相关,充电站,109.047228,34.35703424,陕西省,西安市,109.047228,34.35703424,小桔充电站(延长售电华南城),西安市,汽车相关 充电站,其他,4,其他
小桔充电站(夜上电香湖湾),汽车相关,充电站,109.0588485,34.33445926,陕西省,西安市,109.0588485,34.33445926,小桔充电站(夜上电香湖湾),西安市,汽车相关 充电站,其他,7,其他
小桔充电站(西安万年东三环西综合能源),汽车相关,充电站,109.0509928,34.21923071,陕西省,西安市,109.0509928,34.21923071,小桔充电站(西安万年东三环西综合能源),西安市,汽车相关 充电站,其他,3,其他
小桔充电站(众成爱充东城六小充电站),汽车相关,充电站,109.083918,34.2828186,陕西省,西安市,109.083918,34.2828186,小桔充电站(众成爱充东城六小充电站),西安市,汽车相关 充电站,其他,3,其他
小桔充电站(西安保税区地铁A口停车场充电站),汽车相关,充电站,109.041506,34.39586143,陕西省,西安市,109.041506,34.39586143,小桔充电站(西安保税区地铁A口停车场充电站),西安市,汽车相关 充电站,其他,6,其他
小桔充电站(西安华南城充电站),汽车相关,充电站,109.047152,34.35700623,陕西省,西安市,109.047152,34.35700623,小桔充电站(西安华南城充电站),西安市,汽车相关 充电站,其他,2,其他
小桔充电站(灞桥矿山路充电站),汽车相关,充电站,109.0167283,34.30130799,陕西省,西安市,109.0167283,34.30130799,小桔充电站(灞桥矿山路充电站),西安市,汽车相关 充电站,其他,8,其他
小桔充电站(西安振业泊岸),汽车相关,充电站,109.0505987,34.34005677,陕西省,西安市,109.0505987,34.34005677,小桔充电站(西安振业泊岸),西安市,汽车相关 充电站,其他,4,其他
小桔充电站(新洁能源沣东石化大道),汽车相关,充电站,108.8070981,34.32000453,陕西省,西安市,108.8070981,34.32000453,小桔充电站(新洁能源沣东石化大道),西安市,汽车相关 充电站,其他,6,其他
小桔充电站(莱比森宝石花),汽车相关,充电站,108.9535782,34.32547081,陕西省,西安市,108.9535782,34.32547081,小桔充电站(莱比森宝石花),西安市,汽车相关 充电站,其他,4,其他
小桔充电站(西安万年北辰大道综合能源),汽车相关,充电站,108.9933984,34.31598709,陕西省,西安市,108.9933984,34.31598709,小桔充电站(西安万年北辰大道综合能源),西安市,汽车相关 充电站,其他,2,其他
小桔充电站(BP快速充电站西安未央巍然大厦),汽车相关,充电站,108.9438374,34.32253259,陕西省,西安市,108.9438374,34.32253259,小桔充电站(BP快速充电站西安未央巍然大厦),西安市,汽车相关 充电站,其他,7,其他
小桔充电站(数字出版基地),汽车相关,充电站,109.007239,34.3353618,陕西省,西安市,109.007239,34.3353618,小桔充电站(数字出版基地),西安市,汽车相关 充电站,其他,7,其他
小桔充电站(西安北站南广场),汽车相关,充电站,108.9398133,34.37190045,陕西省,西安市,108.9398133,34.37190045,小桔充电站(西安北站南广场),西安市,汽车相关 充电站,其他,8,其他
小桔充电站(超翔快充站西安利君未来城),汽车相关,充电站,108.9886737,34.35981542,陕西省,西安市,108.9886737,34.35981542,小桔充电站(超翔快充站西安利君未来城),西安市,汽车相关 充电站,其他,2,其他
小桔充电站(文景山公园地铁站),汽车相关,充电站,108.9500599,34.38107752,陕西省,西安市,108.9500599,34.38107752,小桔充电站(文景山公园地铁站),西安市,汽车相关 充电站,其他,6,其他
小桔充电站(BP快速充电站西安未央恒大都市广场),汽车相关,充电站,108.7944856,34.30725025,陕西省,西安市,108.7944856,34.30725025,小桔充电站(BP快速充电站西安未央恒大都市广场),西安市,汽车相关 充电站,其他,8,其他
小桔充电站(源圳超充站喜事会),汽车相关,充电站,108.8990295,34.32602673,陕西省,西安市,108.8990295,34.32602673,小桔充电站(源圳超充站喜事会),西安市,汽车相关 充电站,其他,2,其他
小桔充电站(领充建章路),汽车相关,充电站,108.8415577,34.33009422,陕西省,西安市,108.8415577,34.33009422,小桔充电站(领充建章路),西安市,汽车相关 充电站,其他,5,其他
小桔充电站(陕西驭泽森太华立交),汽车相关,充电站,108.9811835,34.36409105,陕西省,西安市,108.9811835,34.36409105,小桔充电站(陕西驭泽森太华立交),西安市,汽车相关 充电站,其他,3,其他
小桔充电站(BP快速充电站西安未央陈家堡),汽车相关,充电站,108.9885097,34.39404449,陕西省,西安市,108.9885097,34.39404449,小桔充电站(BP快速充电站西安未央陈家堡),西安市,汽车相关 充电站,其他,8,其他
小桔充电站(众成爱充西安文景府),汽车相关,充电站,108.9351105,34.38955041,陕西省,西安市,108.9351105,34.38955041,小桔充电站(众成爱充西安文景府),西安市,汽车相关 充电站,其他,8,其他
小桔充电站(中石化龙禹新能源百寰国际),汽车相关,充电站,108.9747024,34.31209768,陕西省,西安市,108.9747024,34.31209768,小桔充电站(中石化龙禹新能源百寰国际),西安市,汽车相关 充电站,其他,6,其他
小桔充电站(广安路),汽车相关,充电站,109.003689,34.31138877,陕西省,西安市,109.003689,34.31138877,小桔充电站(广安路),西安市,汽车相关 充电站,其他,4,其他
小桔充电站(西安渭河家苑),汽车相关,充电站,108.9380237,34.39044683,陕西省,西安市,108.9380237,34.39044683,小桔充电站(西安渭河家苑),西安市,汽车相关 充电站,其他,5,其他
小桔充电站(延长售电凤凰城),汽车相关,充电站,108.9920725,34.37251624,陕西省,西安市,108.9920725,34.37251624,小桔充电站(延长售电凤凰城),西安市,汽车相关 充电站,其他,6,其他
小桔充电站(延长售电重玄路),汽车相关,充电站,108.9644851,34.30344302,陕西省,西安市,108.9644851,34.30344302,小桔充电站(延长售电重玄路),西安市,汽车相关 充电站,其他,2,其他
小桔充电站(众成爱充龙朔路),汽车相关,充电站,108.9626813,34.37157139,陕西省,西安市,108.9626813,34.37157139,小桔充电站(众成爱充龙朔路),西安市,汽车相关 充电站,其他,2,其他
小桔充电站(西安巨鑫),汽车相关,充电站,108.8322341,34.32140144,陕西省,西安市,108.8322341,34.32140144,小桔充电站(西安巨鑫),西安市,汽车相关 充电站,其他,2,其他
小桔充电站(BP快速充电站西安未央大力国际汽车产业园),汽车相关,充电站,108.8246381,34.32087541,陕西省,西安市,108.8246381,34.32087541,小桔充电站(BP快速充电站西安未央大力国际汽车产业园),西安市,汽车相关 充电站,其他,2,其他
小桔充电站(延长售电大明宫),汽车相关,充电站,108.9710489,34.2980511,陕西省,西安市,108.9710489,34.2980511,小桔充电站(延长售电大明宫),西安市,汽车相关 充电站,其他,4,其他
小桔充电站(西安红旗东路),汽车相关,充电站,108.9750253,34.3537567,陕西省,西安市,108.9750253,34.3537567,小桔充电站(西安红旗东路),西安市,汽车相关 充电站,其他,5,其他
小桔充电站(西安绿能宜家充电站),汽车相关,充电站,108.8444526,34.284366,陕西省,西安市,108.8444526,34.284366,小桔充电站(西安绿能宜家充电站),西安市,汽车相关 充电站,其他,7,其他
小桔充电站(西安西骏冷链充电站),汽车相关,充电站,108.8450095,34.25494192,陕西省,西安市,108.8450095,34.25494192,小桔充电站(西安西骏冷链充电站),西安市,汽车相关 充电站,其他,3,其他
小桔充电站(西安六村堡丰产路充电站),汽车相关,充电站,108.8497972,34.33174975,陕西省,西安市,108.8497972,34.33174975,小桔充电站(西安六村堡丰产路充电站),西安市,汽车相关 充电站,其他,4,其他
小桔充电站(西安万年北辰大道综合能源充电站),汽车相关,充电站,108.9961403,34.32618098,陕西省,西安市,108.9961403,34.32618098,小桔充电站(西安万年北辰大道综合能源充电站),西安市,汽车相关 充电站,其他,4,其他
小桔充电站(西安途源保亿大明宫充电站),汽车相关,充电站,108.9717078,34.30277703,陕西省,西安市,108.9717078,34.30277703,小桔充电站(西安途源保亿大明宫充电站),西安市,汽车相关 充电站,其他,7,其他
小桔充电站(阿房一路充电站),汽车相关,充电站,108.8442486,34.26932399,陕西省,西安市,108.8442486,34.26932399,小桔充电站(阿房一路充电站),西安市,汽车相关 充电站,其他,7,其他
小桔充电站(众成爱充沣东蓝盒奥特莱斯充电站),汽车相关,充电站,108.82405,34.25865129,陕西省,西安市,108.82405,34.25865129,小桔充电站(众成爱充沣东蓝盒奥特莱斯充电站),西安市,汽车相关 充电站,其他,3,其他
小桔充电站(延长壳牌未央区凤城三路充电站),汽车相关,充电站,108.9478704,34.32306883,陕西省,西安市,108.9478704,34.32306883,小桔充电站(延长壳牌未央区凤城三路充电站),西安市,汽车相关 充电站,其他,3,其他
小桔充电站(西安延长壳牌凤城十路),汽车相关,充电站,108.945234,34.34509535,陕西省,西安市,108.945234,34.34509535,小桔充电站(西安延长壳牌凤城十路),西安市,汽车相关 充电站,其他,7,其他
小桔充电站(后卫路充电站),汽车相关,充电站,108.821856,34.2988203,陕西省,西安市,108.821856,34.2988203,小桔充电站(后卫路充电站),西安市,汽车相关 充电站,其他,2,其他
小桔充电站(万马保利心语花园停车场),汽车相关,充电站,109.006736,34.32225978,陕西省,西安市,109.006736,34.32225978,小桔充电站(万马保利心语花园停车场),西安市,汽车相关 充电站,其他,4,其他
小桔充电站(天台路充电站),汽车相关,充电站,108.8247381,34.27147433,陕西省,西安市,108.8247381,34.27147433,小桔充电站(天台路充电站),西安市,汽车相关 充电站,其他,6,其他
小桔充电站(肖家巷充电站),汽车相关,充电站,108.9430066,34.30823073,陕西省,西安市,108.9430066,34.30823073,小桔充电站(肖家巷充电站),西安市,汽车相关 充电站,其他,3,其他
小桔充电站(西安一宿酒店),汽车相关,充电站,108.9199773,34.3585905,陕西省,西安市,108.9199773,34.3585905,小桔充电站(西安一宿酒店),西安市,汽车相关 充电站,其他,3,其他
小桔充电站(西安未央三桥大明宫),汽车相关,充电站,108.8247271,34.29507236,陕西省,西安市,108.8247271,34.29507236,小桔充电站(西安未央三桥大明宫),西安市,汽车相关 充电站,其他,7,其他
小桔充电站(万马爱充北客站文景山公园站),汽车相关,充电站,108.9473195,34.38364703,陕西省,西安市,108.9473195,34.38364703,小桔充电站(万马爱充北客站文景山公园站),西安市,汽车相关 充电站,其他,5,其他
小桔充电站(西安弘星新能源汽车),汽车相关,充电站,108.9196314,34.38448161,陕西省,西安市,108.9196314,34.38448161,小桔充电站(西安弘星新能源汽车),西安市,汽车相关 充电站,其他,6,其他
小桔充电站(西安绿能泰耀明珠家居),汽车相关,充电站,108.9599059,34.30927174,陕西省,西安市,108.9599059,34.30927174,小桔充电站(西安绿能泰耀明珠家居),西安市,汽车相关 充电站,其他,6,其他
小桔充电站(BP快速充电站西安未央碧桂园凤凰印象),汽车相关,充电站,108.9908696,34.3779933,陕西省,西安市,108.9908696,34.3779933,小桔充电站(BP快速充电站西安未央碧桂园凤凰印象),西安市,汽车相关 充电站,其他,3,其他
小桔充电站(中铁二十局康乐园充电站),汽车相关,充电站,109.009408,34.30982279,陕西省,西安市,109.009408,34.30982279,小桔充电站(中铁二十局康乐园充电站),西安市,汽车相关 充电站,其他,2,其他
小桔充电站(众成爱充碧桂园豪园充电站),汽车相关,充电站,108.9940553,34.37141712,陕西省,西安市,108.9940553,34.37141712,小桔充电站(众成爱充碧桂园豪园充电站),西安市,汽车相关 充电站,其他,5,其他
小桔充电站(众成爱充碧桂园珑悦充电站),汽车相关,充电站,108.9996391,34.33635188,陕西省,西安市,108.9996391,34.33635188,小桔充电站(众成爱充碧桂园珑悦充电站),西安市,汽车相关 充电站,其他,6,其他
小桔充电站(西安一宿酒店二期充电站),汽车相关,充电站,108.9179288,34.35860592,陕西省,西安市,108.9179288,34.35860592,小桔充电站(西安一宿酒店二期充电站),西安市,汽车相关 充电站,其他,3,其他
小桔充电站(延长壳牌未央区朱宏路充电站),汽车相关,充电站,108.9229615,34.29638578,陕西省,西安市,108.9229615,34.29638578,小桔充电站(延长壳牌未央区朱宏路充电站),西安市,汽车相关 充电站,其他,6,其他
小桔充电站(西安市未央区草店村充电站),汽车相关,充电站,108.9738775,34.38623488,陕西省,西安市,108.9738775,34.38623488,小桔充电站(西安市未央区草店村充电站),西安市,汽车相关 充电站,其他,8,其他
小桔充电站(延长壳牌浐灞金茂七路充电站),汽车相关,充电站,109.0360912,34.32045763,陕西省,西安市,109.0360912,34.32045763,小桔充电站(延长壳牌浐灞金茂七路充电站),西安市,汽车相关 充电站,其他,5,其他
小桔充电站(西安旭辉公园大道停车场充电站),汽车相关,充电站,109.008989,34.33267281,陕西省,西安市,109.008989,34.33267281,小桔充电站(西安旭辉公园大道停车场充电站),西安市,汽车相关 充电站,其他,5,其他
小桔充电站(延长壳牌未央武德路充电站),汽车相关,充电站,108.9814215,34.36641803,陕西省,西安市,108.9814215,34.36641803,小桔充电站(延长壳牌未央武德路充电站),西安市,汽车相关 充电站,其他,8,其他
小桔充电站(西安四季绿能凤城五路充电站),汽车相关,充电站,108.9367411,34.33002099,陕西省,西安市,108.9367411,34.33002099,小桔充电站(西安四季绿能凤城五路充电站),西安市,汽车相关 充电站,其他,4,其他
小桔充电站(西安未央龙府北郡充电站),汽车相关,充电站,108.9296558,34.3045724,陕西省,西安市,108.9296558,34.3045724,小桔充电站(西安未央龙府北郡充电站),西安市,汽车相关 充电站,其他,8,其他
小桔充电站(源源杨善停车场充电站),汽车相关,充电站,108.913397,34.33024482,陕西省,西安市,108.913397,34.33024482,小桔充电站(源源杨善停车场充电站),西安市,汽车相关 充电站,其他,7,其他
小桔充电站(龙钢广场充电站),汽车相关,充电站,108.9718248,34.33420106,陕西省,西安市,108.9718248,34.33420106,小桔充电站(龙钢广场充电站),西安市,汽车相关 充电站,其他,7,其他
小桔充电站(绿能泰耀科大充电站),汽车相关,充电站,108.9813515,34.38193406,陕西省,西安市,108.9813515,34.38193406,小桔充电站(绿能泰耀科大充电站),西安市,汽车相关 充电站,其他,3,其他
小桔充电站(延长壳牌灞金茂七路站),汽车相关,充电站,109.0361942,34.32068465,陕西省,西安市,109.0361942,34.32068465,小桔充电站(延长壳牌灞金茂七路站),西安市,汽车相关 充电站,其他,5,其他
小桔充电站(西安市未央区草店村),汽车相关,充电站,108.9745234,34.3867798,陕西省,西安市,108.9745234,34.3867798,小桔充电站(西安市未央区草店村),西安市,汽车相关 充电站,其他,4,其他
小桔充电站(绿能泰耀明珠充电站),汽车相关,充电站,108.9607647,34.31083559,陕西省,西安市,108.9607647,34.31083559,小桔充电站(绿能泰耀明珠充电站),西安市,汽车相关 充电站,其他,4,其他
小桔充电站(绿能泰耀一宿酒店),汽车相关,充电站,108.9204242,34.3584864,陕西省,西安市,108.9204242,34.3584864,小桔充电站(绿能泰耀一宿酒店),西安市,汽车相关 充电站,其他,6,其他
小桔充电站(西安未央秦安驾校站),汽车相关,充电站,108.9165592,34.30621113,陕西省,西安市,108.9165592,34.30621113,小桔充电站(西安未央秦安驾校站),西安市,汽车相关 充电站,其他,6,其他
小桔充电站(大寨路鹏诺充电站),汽车相关,充电站,108.8681738,34.24382373,陕西省,西安市,108.8681738,34.24382373,小桔充电站(大寨路鹏诺充电站),西安市,汽车相关 充电站,其他,8,其他
小桔充电站(西安弘星太白南路站),汽车相关,充电站,108.9032755,34.2078017,陕西省,西安市,108.9032755,34.2078017,小桔充电站(西安弘星太白南路站),西安市,汽车相关 充电站,其他,4,其他
小桔充电站(太白电子城),汽车相关,充电站,108.9114505,34.21531704,陕西省,西安市,108.9114505,34.21531704,小桔充电站(太白电子城),西安市,汽车相关 充电站,其他,8,其他
小桔充电站(中榆能源高新逸品),汽车相关,充电站,108.8566524,34.20220696,陕西省,西安市,108.8566524,34.20220696,小桔充电站(中榆能源高新逸品),西安市,汽车相关 充电站,其他,8,其他
小桔充电站(西安格里恩西电社区),汽车相关,充电站,108.9115434,34.22846205,陕西省,西安市,108.9115434,34.22846205,小桔充电站(西安格里恩西电社区),西安市,汽车相关 充电站,其他,6,其他
小桔充电站(BP快速充电站西安高新科技一路),汽车相关,充电站,108.8842218,34.22725128,陕西省,西安市,108.8842218,34.22725128,小桔充电站(BP快速充电站西安高新科技一路),西安市,汽车相关 充电站,其他,5,其他
小桔充电站(不对外陕西开放大学明德校区),汽车相关,充电站,108.937155,34.19997773,陕西省,西安市,108.937155,34.19997773,小桔充电站(不对外陕西开放大学明德校区),西安市,汽车相关 充电站,其他,8,其他
小桔充电站(不对外陕西开放大学太白校区),汽车相关,充电站,108.9141568,34.21774549,陕西省,西安市,108.9141568,34.21774549,小桔充电站(不对外陕西开放大学太白校区),西安市,汽车相关 充电站,其他,2,其他
小桔充电站(聚微能源阿房路西尧头超充站),汽车相关,充电站,108.8536858,34.2506023,陕西省,西安市,108.8536858,34.2506023,小桔充电站(聚微能源阿房路西尧头超充站),西安市,汽车相关 充电站,其他,5,其他
小桔充电站(中石化龙禹新能源曲江行政中心超充站),汽车相关,充电站,108.9607398,34.19172845,陕西省,西安市,108.9607398,34.19172845,小桔充电站(中石化龙禹新能源曲江行政中心超充站),西安市,汽车相关 充电站,其他,4,其他
小桔充电站(雁南公园停车场),汽车相关,充电站,108.901113,34.17926109,陕西省,西安市,108.901113,34.17926109,小桔充电站(雁南公园停车场),西安市,汽车相关 充电站,其他,4,其他
小桔充电站(中海曲江大城),汽车相关,充电站,109.0124252,34.18630773,陕西省,西安市,109.0124252,34.18630773,小桔充电站(中海曲江大城),西安市,汽车相关 充电站,其他,8,其他
小桔充电站(冲蜂快充西沣路站),汽车相关,充电站,108.8902525,34.18921816,陕西省,西安市,108.8902525,34.18921816,小桔充电站(冲蜂快充西沣路站),西安市,汽车相关 充电站,其他,5,其他
小桔充电站(科技西路花都充电站),汽车相关,充电站,108.8398908,34.23933513,陕西省,西安市,108.8398908,34.23933513,小桔充电站(科技西路花都充电站),西安市,汽车相关 充电站,其他,6,其他
小桔充电站(BP快速充电站西安雁塔丈八一路),汽车相关,充电站,108.8862754,34.18941087,陕西省,西安市,108.8862754,34.18941087,小桔充电站(BP快速充电站西安雁塔丈八一路),西安市,汽车相关 充电站,其他,6,其他
小桔充电站(众成爱充鱼化寨),汽车相关,充电站,108.8487202,34.23772966,陕西省,西安市,108.8487202,34.23772966,小桔充电站(众成爱充鱼化寨),西安市,汽车相关 充电站,其他,7,其他
小桔充电站(晨迪万家灯火),汽车相关,充电站,108.8559365,34.20419703,陕西省,西安市,108.8559365,34.20419703,小桔充电站(晨迪万家灯火),西安市,汽车相关 充电站,其他,4,其他
小桔充电站(延长售电吉祥路),汽车相关,充电站,108.9262537,34.22106698,陕西省,西安市,108.9262537,34.22106698,小桔充电站(延长售电吉祥路),西安市,汽车相关 充电站,其他,3,其他
小桔充电站(西安江豪公园南路阳光充电站),汽车相关,充电站,109.0104421,34.24095973,陕西省,西安市,109.0104421,34.24095973,小桔充电站(西安江豪公园南路阳光充电站),西安市,汽车相关 充电站,其他,7,其他
小桔充电站(众成爱充香漫里充电站),汽车相关,充电站,108.9198554,34.19253127,陕西省,西安市,108.9198554,34.19253127,小桔充电站(众成爱充香漫里充电站),西安市,汽车相关 充电站,其他,6,其他
小桔充电站(西安雁塔电子正街充电站),汽车相关,充电站,108.9205832,34.20350613,陕西省,西安市,108.9205832,34.20350613,小桔充电站(西安雁塔电子正街充电站),西安市,汽车相关 充电站,其他,5,其他
小桔充电站(西安长安南路充电站),汽车相关,充电站,108.9450521,34.17711716,陕西省,西安市,108.9450521,34.17711716,小桔充电站(西安长安南路充电站),西安市,汽车相关 充电站,其他,6,其他
小桔充电站(延长壳牌雁塔区科技三路充电站),汽车相关,充电站,108.883334,34.22260543,陕西省,西安市,108.883334,34.22260543,小桔充电站(延长壳牌雁塔区科技三路充电站),西安市,汽车相关 充电站,其他,5,其他
小桔充电站(西安市雁塔区丈八东路花溪湾充电站),汽车相关,充电站,108.9154205,34.1981032,陕西省,西安市,108.9154205,34.1981032,小桔充电站(西安市雁塔区丈八东路花溪湾充电站),西安市,汽车相关 充电站,其他,7,其他
小桔充电站(西安延长石油高科尚城充电站),汽车相关,充电站,108.8641804,34.19545315,陕西省,西安市,108.8641804,34.19545315,小桔充电站(西安延长石油高科尚城充电站),西安市,汽车相关 充电站,其他,4,其他
小桔充电站(雁塔西影路),汽车相关,充电站,108.9770491,34.2243833,陕西省,西安市,108.9770491,34.2243833,小桔充电站(雁塔西影路),西安市,汽车相关 充电站,其他,6,其他
小桔充电站(西安市雁塔区科技三路延长壳牌站),汽车相关,充电站,108.883514,34.2225704,陕西省,西安市,108.883514,34.2225704,小桔充电站(西安市雁塔区科技三路延长壳牌站),西安市,汽车相关 充电站,其他,8,其他
小桔充电站(格里恩西电社区充电站),汽车相关,充电站,108.9116704,34.22835602,陕西省,西安市,108.9116704,34.22835602,小桔充电站(格里恩西电社区充电站),西安市,汽车相关 充电站,其他,5,其他
小桔充电站(西安高新国宾中央区站),汽车相关,充电站,108.8697176,34.20874347,陕西省,西安市,108.8697176,34.20874347,小桔充电站(西安高新国宾中央区站),西安市,汽车相关 充电站,其他,4,其他
小桔充电站(兴正伟西沣路红星美凯龙),汽车相关,充电站,108.8862904,34.18160986,陕西省,西安市,108.8862904,34.18160986,小桔充电站(兴正伟西沣路红星美凯龙),西安市,汽车相关 充电站,其他,3,其他
小桔充电站(西安骏马),汽车相关,充电站,109.0202675,34.2248321,陕西省,西安市,109.0202675,34.2248321,小桔充电站(西安骏马),西安市,汽车相关 充电站,其他,5,其他
小桔充电站(西安大雁塔慈恩镇充电站),汽车相关,充电站,108.9628254,34.22240916,陕西省,西安市,108.9628254,34.22240916,小桔充电站(西安大雁塔慈恩镇充电站),西安市,汽车相关 充电站,其他,7,其他
小桔充电站(延长售电高科广场充电站),汽车相关,充电站,108.9000743,34.24257538,陕西省,西安市,108.9000743,34.24257538,小桔充电站(延长售电高科广场充电站),西安市,汽车相关 充电站,其他,3,其他
小桔充电站(延长售电大寨路中航华府充电站),汽车相关,充电站,108.8545847,34.24430822,陕西省,西安市,108.8545847,34.24430822,小桔充电站(延长售电大寨路中航华府充电站),西安市,汽车相关 充电站,其他,3,其他
小桔充电站(延长壳牌高新区太白南路充电站),汽车相关,充电站,108.909157,34.21444951,陕西省,西安市,108.909157,34.21444951,小桔充电站(延长壳牌高新区太白南路充电站),西安市,汽车相关 充电站,其他,2,其他
小桔充电站(西安高新飞阳商厦充电站),汽车相关,充电站,108.8421687,34.19890998,陕西省,西安市,108.8421687,34.19890998,小桔充电站(西安高新飞阳商厦充电站),西安市,汽车相关 充电站,其他,6,其他
小桔充电站(西安浩立恒充电站),汽车相关,充电站,108.8408308,34.21301505,陕西省,西安市,108.8408308,34.21301505,小桔充电站(西安浩立恒充电站),西安市,汽车相关 充电站,其他,5,其他
小桔充电站(西安雁塔东方传奇充电站),汽车相关,充电站,109.0180564,34.21579397,陕西省,西安市,109.0180564,34.21579397,小桔充电站(西安雁塔东方传奇充电站),西安市,汽车相关 充电站,其他,3,其他
小桔充电站(秦川靖正),汽车相关,充电站,109.0241748,34.22618436,陕西省,西安市,109.0241748,34.22618436,小桔充电站(秦川靖正),西安市,汽车相关 充电站,其他,2,其他
小桔充电站(杜城西路充电站),汽车相关,充电站,108.9087102,34.18655157,陕西省,西安市,108.9087102,34.18655157,小桔充电站(杜城西路充电站),西安市,汽车相关 充电站,其他,7,其他
小桔充电站(西安世家星城充电站),汽车相关,充电站,108.9286811,34.18949343,陕西省,西安市,108.9286811,34.18949343,小桔充电站(西安世家星城充电站),西安市,汽车相关 充电站,其他,4,其他
小桔充电站(西飞航空物流超充站),汽车相关,充电站,109.2222906,34.65557642,陕西省,西安市,109.2222906,34.65557642,小桔充电站(西飞航空物流超充站),西安市,汽车相关 充电站,其他,8,其他
小桔充电站(陕西特快电唐御坊),汽车相关,充电站,109.2041715,34.37023754,陕西省,西安市,109.2041715,34.37023754,小桔充电站(陕西特快电唐御坊),西安市,汽车相关 充电站,其他,8,其他
小桔充电站(延长售电陕鼓大道),汽车相关,充电站,109.1911529,34.37110271,陕西省,西安市,109.1911529,34.37110271,小桔充电站(延长售电陕鼓大道),西安市,汽车相关 充电站,其他,5,其他
小桔充电站(西安临潼生力广场),汽车相关,充电站,109.2246131,34.37646671,陕西省,西安市,109.2246131,34.37646671,小桔充电站(西安临潼生力广场),西安市,汽车相关 充电站,其他,3,其他
小桔充电站(陕西特快电石油城充电站),汽车相关,充电站,109.2026277,34.37962072,陕西省,西安市,109.2026277,34.37962072,小桔充电站(陕西特快电石油城充电站),西安市,汽车相关 充电站,其他,8,其他
小桔充电站(长兴北路新能源),汽车相关,充电站,108.9390556,34.17110332,陕西省,西安市,108.9390556,34.17110332,小桔充电站(长兴北路新能源),西安市,汽车相关 充电站,其他,6,其他
小桔充电站(冲蜂快充沣东旺城),汽车相关,充电站,108.7607445,34.26021399,陕西省,西安市,108.7607445,34.26021399,小桔充电站(冲蜂快充沣东旺城),西安市,汽车相关 充电站,其他,8,其他
小桔充电站(老虎快充正通站),汽车相关,充电站,108.8309881,34.1606592,陕西省,西安市,108.8309881,34.1606592,小桔充电站(老虎快充正通站),西安市,汽车相关 充电站,其他,8,其他
小桔充电站(延长售电王寺东街),汽车相关,充电站,108.7740912,34.25525926,陕西省,西安市,108.7740912,34.25525926,小桔充电站(延长售电王寺东街),西安市,汽车相关 充电站,其他,8,其他
小桔充电站(万马爱充出口加工B区站),汽车相关,充电站,108.8454585,34.16709076,陕西省,西安市,108.8454585,34.16709076,小桔充电站(万马爱充出口加工B区站),西安市,汽车相关 充电站,其他,2,其他
小桔充电站(中石化龙禹新能源德尖),汽车相关,充电站,108.8742598,34.16774977,陕西省,西安市,108.8742598,34.16774977,小桔充电站(中石化龙禹新能源德尖),西安市,汽车相关 充电站,其他,3,其他
小桔充电站(不对外陕西开放大学郭杜校区),汽车相关,充电站,108.8710913,34.16396622,陕西省,西安市,108.8710913,34.16396622,小桔充电站(不对外陕西开放大学郭杜校区),西安市,汽车相关 充电站,其他,6,其他
小桔充电站(长安万科广场),汽车相关,充电站,108.8976069,34.15844474,陕西省,西安市,108.8976069,34.15844474,小桔充电站(长安万科广场),西安市,汽车相关 充电站,其他,3,其他
小桔充电站(元翼G210国道),汽车相关,充电站,108.8218949,34.05858699,陕西省,西安市,108.8218949,34.05858699,小桔充电站(元翼G210国道),西安市,汽车相关 充电站,其他,5,其他
小桔充电站(众成爱充佳为科技园),汽车相关,充电站,109.0001472,34.16852968,陕西省,西安市,109.0001472,34.16852968,小桔充电站(众成爱充佳为科技园),西安市,汽车相关 充电站,其他,5,其他
小桔充电站(万马爱充长安航天翼城站),汽车相关,充电站,108.9668767,34.16100151,陕西省,西安市,108.9668767,34.16100151,小桔充电站(万马爱充长安航天翼城站),西安市,汽车相关 充电站,其他,5,其他
小桔充电站(万马爱充长安区陕师大站),汽车相关,充电站,108.8910404,34.15363797,陕西省,西安市,108.8910404,34.15363797,小桔充电站(万马爱充长安区陕师大站),西安市,汽车相关 充电站,其他,7,其他
小桔充电站(途源陕西省中小企业服务中心),汽车相关,充电站,108.9633043,34.15842403,陕西省,西安市,108.9633043,34.15842403,小桔充电站(途源陕西省中小企业服务中心),西安市,汽车相关 充电站,其他,8,其他
小桔充电站(吉峰智充新能源),汽车相关,充电站,108.9303057,34.12587203,陕西省,西安市,108.9303057,34.12587203,小桔充电站(吉峰智充新能源),西安市,汽车相关 充电站,其他,7,其他
小桔充电站(陕西百纳快充站),汽车相关,充电站,108.9573125,34.15395896,陕西省,西安市,108.9573125,34.15395896,小桔充电站(陕西百纳快充站),西安市,汽车相关 充电站,其他,2,其他
小桔充电站(途源棉花公寓),汽车相关,充电站,108.8941067,34.16329641,陕西省,西安市,108.8941067,34.16329641,小桔充电站(途源棉花公寓),西安市,汽车相关 充电站,其他,5,其他
小桔充电站(西安悦秀城),汽车相关,充电站,108.8871772,34.14965166,陕西省,西安市,108.8871772,34.14965166,小桔充电站(西安悦秀城),西安市,汽车相关 充电站,其他,6,其他
小桔充电站(延长壳牌长安区西沣路大明宫充电站),汽车相关,充电站,108.8644074,34.16210908,陕西省,西安市,108.8644074,34.16210908,小桔充电站(延长壳牌长安区西沣路大明宫充电站),西安市,汽车相关 充电站,其他,3,其他
小桔充电站(延长壳牌长安区澳堡广场充电站),汽车相关,充电站,108.9177479,34.15736766,陕西省,西安市,108.9177479,34.15736766,小桔充电站(延长壳牌长安区澳堡广场充电站),西安市,汽车相关 充电站,其他,8,其他
小桔充电站(延长壳牌西安西沣路大明宫),汽车相关,充电站,108.8645254,34.16206306,陕西省,西安市,108.8645254,34.16206306,小桔充电站(延长壳牌西安西沣路大明宫),西安市,汽车相关 充电站,其他,4,其他
小桔充电站(西安长安区延长壳牌澳堡广场),汽车相关,充电站,108.9176129,34.15736469,陕西省,西安市,108.9176129,34.15736469,小桔充电站(西安长安区延长壳牌澳堡广场),西安市,汽车相关 充电站,其他,6,其他
小桔充电站(智己慧充亚美创新科技园充电站),汽车相关,充电站,108.8201679,34.16888604,陕西省,西安市,108.8201679,34.16888604,小桔充电站(智己慧充亚美创新科技园充电站),西安市,汽车相关 充电站,其他,8,其他
小桔充电站(信息大道充电站),汽车相关,充电站,108.8489442,34.16669854,陕西省,西安市,108.8489442,34.16669854,小桔充电站(信息大道充电站),西安市,汽车相关 充电站,其他,7,其他
小桔充电站(BP快速充电站西安长安普天产业园),汽车相关,充电站,108.9891558,34.13809315,陕西省,西安市,108.9891558,34.13809315,小桔充电站(BP快速充电站西安长安普天产业园),西安市,汽车相关 充电站,其他,7,其他
小桔充电站(途源陕西省中小企业服务中心充电站),汽车相关,充电站,108.9631944,34.15882504,陕西省,西安市,108.9631944,34.15882504,小桔充电站(途源陕西省中小企业服务中心充电站),西安市,汽车相关 充电站,其他,6,其他
小桔充电站(西安高陵渭塬),汽车相关,充电站,108.9761941,34.44046467,陕西省,西安市,108.9761941,34.44046467,小桔充电站(西安高陵渭塬),西安市,汽车相关 充电站,其他,7,其他
小桔充电站(西安泾河工业园区泾渭南路),汽车相关,充电站,108.9832882,34.44027696,陕西省,西安市,108.9832882,34.44027696,小桔充电站(西安泾河工业园区泾渭南路),西安市,汽车相关 充电站,其他,5,其他
小桔充电站(西安泾欣园2区-长安门),汽车相关,充电站,109.0240927,34.46546261,陕西省,西安市,109.0240927,34.46546261,小桔充电站(西安泾欣园2区-长安门),西安市,汽车相关 充电站,其他,2,其他
小桔充电站(渭塬充电站二期),汽车相关,充电站,108.9760491,34.44024569,陕西省,西安市,108.9760491,34.44024569,小桔充电站(渭塬充电站二期),西安市,汽车相关 充电站,其他,3,其他
小桔充电站(高陵军庄汽车),汽车相关,充电站,109.0326486,34.4760544,陕西省,西安市,109.0326486,34.4760544,小桔充电站(高陵军庄汽车),西安市,汽车相关 充电站,其他,2,其他
小桔充电站(西安高陵渭塬充电站),汽车相关,充电站,108.9760761,34.44005269,陕西省,西安市,108.9760761,34.44005269,小桔充电站(西安高陵渭塬充电站),西安市,汽车相关 充电站,其他,8,其他
小桔充电站(西安市高陵区高川广场),汽车相关,充电站,109.0885623,34.52050694,陕西省,西安市,109.0885623,34.52050694,小桔充电站(西安市高陵区高川广场),西安市,汽车相关 充电站,其他,3,其他
小桔充电站(康思特丰京路充电站),汽车相关,充电站,108.627139,34.10768062,陕西省,西安市,108.627139,34.10768062,小桔充电站(康思特丰京路充电站),西安市,汽车相关 充电站,其他,3,其他
小桔充电站(康思特西韩村充电站),汽车相关,充电站,108.6043739,34.12427458,陕西省,西安市,108.6043739,34.12427458,小桔充电站(康思特西韩村充电站),西安市,汽车相关 充电站,其他,2,其他
小桔充电站(盛世恒通充电站),汽车相关,充电站,109.3071439,34.16941169,陕西省,西安市,109.3071439,34.16941169,小桔充电站(盛世恒通充电站),西安市,汽车相关 充电站,其他,6,其他
小鹏汽车充电站(西安朝阳国际广场小鹏超充站),汽车相关,充电站,108.9735996,34.26902975,陕西省,西安市,108.9735996,34.26902975,小鹏汽车充电站(西安朝阳国际广场小鹏超充站),西安市,汽车相关 充电站,小鹏,3,其他
小鹏汽车充电站(西安三桥大明宫建材城小鹏超充站),汽车相关,充电站,108.823304,34.29598433,陕西省,西安市,108.823304,34.29598433,小鹏汽车充电站(西安三桥大明宫建材城小鹏超充站),西安市,汽车相关 充电站,小鹏,2,其他
小鹏汽车充电站(西安金辉环球广场小鹏超充站),汽车相关,充电站,108.964993,34.18120579,陕西省,西安市,108.964993,34.18120579,小鹏汽车充电站(西安金辉环球广场小鹏超充站),西安市,汽车相关 充电站,小鹏,3,其他
小鹏汽车充电站(西安威斯汀酒店小鹏超充站),汽车相关,充电站,108.9631823,34.2150491,陕西省,西安市,108.9631823,34.2150491,小鹏汽车充电站(西安威斯汀酒店小鹏超充站),西安市,汽车相关 充电站,小鹏,4,其他
小鹏汽车充电站(试运营西安金辉环球广场小鹏超充站),汽车相关,充电站,108.964993,34.18120579,陕西省,西安市,108.964993,34.18120579,小鹏汽车充电站(试运营西安金辉环球广场小鹏超充站),西安市,汽车相关 充电站,小鹏,6,其他
小鹏汽车充电站(开放运营-小鹏S4超快充西安立丰国际站),汽车相关,充电站,108.9973592,34.24686584,陕西省,西安市,108.9973592,34.24686584,小鹏汽车充电站(开放运营-小鹏S4超快充西安立丰国际站),西安市,汽车相关 充电站,小鹏,5,其他
小鹏汽车充电站(开放运营-小鹏S4超快充西安丰禾路站),汽车相关,充电站,108.9018078,34.2803471,陕西省,西安市,108.9018078,34.2803471,小鹏汽车充电站(开放运营-小鹏S4超快充西安丰禾路站),西安市,汽车相关 充电站,小鹏,3,其他
小鹏汽车充电站(金辉国际广场),汽车相关,充电站,108.8867603,34.24954688,陕西省,西安市,108.8867603,34.24954688,小鹏汽车充电站(金辉国际广场),西安市,汽车相关 充电站,小鹏,4,其他
小鹏汽车充电站(开放运营-小鹏S4超快充西安延长壳牌穆将王站),汽车相关,充电站,109.056525,34.25160774,陕西省,西安市,109.056525,34.25160774,小鹏汽车充电站(开放运营-小鹏S4超快充西安延长壳牌穆将王站),西安市,汽车相关 充电站,小鹏,5,其他
小鹏汽车充电站(开放运营-小鹏S4超快充西安奥体中心站),汽车相关,充电站,109.0234557,34.37833948,陕西省,西安市,109.0234557,34.37833948,小鹏汽车充电站(开放运营-小鹏S4超快充西安奥体中心站),西安市,汽车相关 充电站,小鹏,5,其他
小鹏汽车充电站(开放运营-小鹏S4超快充西安浐灞金融城站),汽车相关,充电站,109.0373114,34.30278776,陕西省,西安市,109.0373114,34.30278776,小鹏汽车充电站(开放运营-小鹏S4超快充西安浐灞金融城站),西安市,汽车相关 充电站,小鹏,8,其他
小鹏汽车充电站(开放运营-小鹏S4超快充西安泰尔发现新坐标站),汽车相关,充电站,109.0715987,34.28384883,陕西省,西安市,109.0715987,34.28384883,小鹏汽车充电站(开放运营-小鹏S4超快充西安泰尔发现新坐标站),西安市,汽车相关 充电站,小鹏,3,其他
小鹏汽车充电站(开放运营-小鹏S4超快充西安香湖湾站),汽车相关,充电站,109.052051,34.32963402,陕西省,西安市,109.052051,34.32963402,小鹏汽车充电站(开放运营-小鹏S4超快充西安香湖湾站),西安市,汽车相关 充电站,小鹏,2,其他
小鹏汽车充电站(开放运营-小鹏S4超快充西安行政中心站),汽车相关,充电站,108.9503159,34.34215842,陕西省,西安市,108.9503159,34.34215842,小鹏汽车充电站(开放运营-小鹏S4超快充西安行政中心站),西安市,汽车相关 充电站,小鹏,3,其他
小鹏汽车充电站(开放运营-小鹏S4超快充西安海荣豪佳花园停车场站),汽车相关,充电站,108.9408831,34.32948318,陕西省,西安市,108.9408831,34.32948318,小鹏汽车充电站(开放运营-小鹏S4超快充西安海荣豪佳花园停车场站),西安市,汽车相关 充电站,小鹏,4,其他
小鹏汽车充电站(开放运营-小鹏S4超快充西安开元公园站),汽车相关,充电站,108.9546949,34.35100766,陕西省,西安市,108.9546949,34.35100766,小鹏汽车充电站(开放运营-小鹏S4超快充西安开元公园站),西安市,汽车相关 充电站,小鹏,5,其他
小鹏汽车充电站(开放运营-小鹏S4超快充西安秦创原软科中心站),汽车相关,充电站,108.921183,34.3314472,陕西省,西安市,108.921183,34.3314472,小鹏汽车充电站(开放运营-小鹏S4超快充西安秦创原软科中心站),西安市,汽车相关 充电站,小鹏,3,其他
小鹏汽车充电站(开放运营-小鹏S4超快充西安湖畔嘉园站),汽车相关,充电站,109.004369,34.31384577,陕西省,西安市,109.004369,34.31384577,小鹏汽车充电站(开放运营-小鹏S4超快充西安湖畔嘉园站),西安市,汽车相关 充电站,小鹏,2,其他
小鹏汽车充电站(开放运营-小鹏目充西安恒石国际中心站),汽车相关,充电站,108.9265716,34.33022608,陕西省,西安市,108.9265716,34.33022608,小鹏汽车充电站(开放运营-小鹏目充西安恒石国际中心站),西安市,汽车相关 充电站,小鹏,8,其他
小鹏汽车充电站(开放运营-小鹏S4超快充西安长安南路三爻站),汽车相关,充电站,108.945577,34.17793206,陕西省,西安市,108.945577,34.17793206,小鹏汽车充电站(开放运营-小鹏S4超快充西安长安南路三爻站),西安市,汽车相关 充电站,小鹏,3,其他
小鹏汽车充电站(开放运营-小鹏S4超快充西安雁塔区傅村停车场站),汽车相关,充电站,108.8837319,34.1841743,陕西省,西安市,108.8837319,34.1841743,小鹏汽车充电站(开放运营-小鹏S4超快充西安雁塔区傅村停车场站),西安市,汽车相关 充电站,小鹏,6,其他
小鹏汽车充电站(开放运营-小鹏S4超快充西安云水一路站),汽车相关,充电站,108.8367239,34.21856919,陕西省,西安市,108.8367239,34.21856919,小鹏汽车充电站(开放运营-小鹏S4超快充西安云水一路站),西安市,汽车相关 充电站,小鹏,8,其他
小鹏汽车充电站(开放运营-小鹏S4超快充西安青龙寺地铁站停车场站),汽车相关,充电站,108.9932355,34.23108,陕西省,西安市,108.9932355,34.23108,小鹏汽车充电站(开放运营-小鹏S4超快充西安青龙寺地铁站停车场站),西安市,汽车相关 充电站,小鹏,2,其他
小鹏汽车充电站(开放运营-小鹏S4超快充西安市广泽逸然居站),汽车相关,充电站,108.9021078,34.19745091,陕西省,西安市,108.9021078,34.19745091,小鹏汽车充电站(开放运营-小鹏S4超快充西安市广泽逸然居站),西安市,汽车相关 充电站,小鹏,4,其他
小鹏汽车充电站(开放运营-小鹏S4超快充西安南三环长安南路站),汽车相关,充电站,108.9442473,34.18735232,陕西省,西安市,108.9442473,34.18735232,小鹏汽车充电站(开放运营-小鹏S4超快充西安南三环长安南路站),西安市,汽车相关 充电站,小鹏,5,其他
小鹏汽车充电站(开放运营-小鹏S4超快充西安金地中央公园站),汽车相关,充电站,108.8947295,34.17849532,陕西省,西安市,108.8947295,34.17849532,小鹏汽车充电站(开放运营-小鹏S4超快充西安金地中央公园站),西安市,汽车相关 充电站,小鹏,3,其他
小鹏汽车充电站(开放运营-小鹏S4超快充西安曲江澜山站),汽车相关,充电站,108.9633433,34.17217703,陕西省,西安市,108.9633433,34.17217703,小鹏汽车充电站(开放运营-小鹏S4超快充西安曲江澜山站),西安市,汽车相关 充电站,小鹏,2,其他
小鹏汽车充电站(开放运营-小鹏S4超快充西安长安区鸿博星停车场站),汽车相关,充电站,108.9127352,34.15948871,陕西省,西安市,108.9127352,34.15948871,小鹏汽车充电站(开放运营-小鹏S4超快充西安长安区鸿博星停车场站),西安市,汽车相关 充电站,小鹏,8,其他
小鹏汽车充电站(开放运营-小鹏超充西安高陵中药城站),汽车相关,充电站,109.0478931,34.48908348,陕西省,西安市,109.0478931,34.48908348,小鹏汽车充电站(开放运营-小鹏超充西安高陵中药城站),西安市,汽车相关 充电站,小鹏,6,其他
小鹏汽车充电站(西安三桥大明宫建材城S4小鹏超快充站),汽车相关,充电站,108.8252581,34.29531637,陕西省,西安市,108.8252581,34.29531637,小鹏汽车充电站(西安三桥大明宫建材城S4小鹏超快充站),西安市,汽车相关 充电站,小鹏,2,其他
小鹏汽车充电站(开放运营-西安大明宫万达广场小鹏超充站),汽车相关,充电站,108.9727417,34.31672992,陕西省,西安市,108.9727417,34.31672992,小鹏汽车充电站(开放运营-西安大明宫万达广场小鹏超充站),西安市,汽车相关 充电站,小鹏,7,其他
小鹏汽车充电站(开放运营-西安金辉环球广场S4小鹏超快充站),汽车相关,充电站,108.964915,34.18234581,陕西省,西安市,108.964915,34.18234581,小鹏汽车充电站(开放运营-西安金辉环球广场S4小鹏超快充站),西安市,汽车相关 充电站,小鹏,6,其他
小鹏汽车充电站(开放运营-小鹏超充西安凯威大厦站),汽车相关,充电站,108.9047671,34.23742244,陕西省,西安市,108.9047671,34.23742244,小鹏汽车充电站(开放运营-小鹏超充西安凯威大厦站),西安市,汽车相关 充电站,小鹏,8,其他
广州蔚星汽车充电站(西核东区充电场站),汽车相关,充电站,108.9939794,34.3397861,陕西省,西安市,108.9939794,34.3397861,广州蔚星汽车充电站(西核东区充电场站),西安市,汽车相关 充电站,其他,4,其他
广州蔚星汽车充电站(西安广成皇冠假日酒店),汽车相关,充电站,108.9418578,34.30899495,陕西省,西安市,108.9418578,34.30899495,广州蔚星汽车充电站(西安广成皇冠假日酒店),西安市,汽车相关 充电站,其他,5,其他
广州蔚星汽车充电站(秦创原·科控浐灞创新园陕西科技创新谷),汽车相关,充电站,109.0151792,34.32822596,陕西省,西安市,109.0151792,34.32822596,广州蔚星汽车充电站(秦创原·科控浐灞创新园陕西科技创新谷),西安市,汽车相关 充电站,其他,8,其他
广州蔚星汽车充电站(百花家园地下车库充电站),汽车相关,充电站,108.9695622,34.32308834,陕西省,西安市,108.9695622,34.32308834,广州蔚星汽车充电站(百花家园地下车库充电站),西安市,汽车相关 充电站,其他,4,其他
广州蔚星汽车充电站(西核西区充电场站),汽车相关,充电站,108.9629833,34.3384893,陕西省,西安市,108.9629833,34.3384893,广州蔚星汽车充电站(西核西区充电场站),西安市,汽车相关 充电站,其他,3,其他
广州蔚星汽车充电站(金轮宝快速充电站),汽车相关,充电站,108.8473474,34.34238593,陕西省,西安市,108.8473474,34.34238593,广州蔚星汽车充电站(金轮宝快速充电站),西安市,汽车相关 充电站,其他,2,其他
广州蔚星汽车充电站(金轮宝快速),汽车相关,充电站,108.8473474,34.34238494,陕西省,西安市,108.8473474,34.34238494,广州蔚星汽车充电站(金轮宝快速),西安市,汽车相关 充电站,其他,7,其他
广州蔚星汽车充电站(城南运动充电站),汽车相关,充电站,108.9269016,34.1877848,陕西省,西安市,108.9269016,34.1877848,广州蔚星汽车充电站(城南运动充电站),西安市,汽车相关 充电站,其他,6,其他
广州蔚星汽车充电站(东海充电站),汽车相关,充电站,109.3892984,34.61610532,陕西省,西安市,109.3892984,34.61610532,广州蔚星汽车充电站(东海充电站),西安市,汽车相关 充电站,其他,6,其他
广州蔚星汽车充电站(博仁医院充电站),汽车相关,充电站,109.2271426,34.38746032,陕西省,西安市,109.2271426,34.38746032,广州蔚星汽车充电站(博仁医院充电站),西安市,汽车相关 充电站,其他,2,其他
广州蔚星汽车充电站(博仁医院),汽车相关,充电站,109.2271426,34.38746132,陕西省,西安市,109.2271426,34.38746132,广州蔚星汽车充电站(博仁医院),西安市,汽车相关 充电站,其他,7,其他
广州蔚星汽车充电站(政通新能源),汽车相关,充电站,108.9968351,34.49415315,陕西省,西安市,108.9968351,34.49415315,广州蔚星汽车充电站(政通新能源),西安市,汽车相关 充电站,其他,2,其他
广州蔚星汽车充电站(莱比森泾欣园二区充电桩),汽车相关,充电站,109.0289802,34.46518703,陕西省,西安市,109.0289802,34.46518703,广州蔚星汽车充电站(莱比森泾欣园二区充电桩),西安市,汽车相关 充电站,其他,3,其他
广州蔚星汽车充电站(运动公园地库充电站),汽车相关,充电站,108.6073672,34.105464,陕西省,西安市,108.6073672,34.105464,广州蔚星汽车充电站(运动公园地库充电站),西安市,汽车相关 充电站,其他,4,其他
广州蔚星汽车充电站(小易智充沪陕高速华胥/曳湖出口充电站),汽车相关,充电站,109.2311018,34.21159438,陕西省,西安市,109.2311018,34.21159438,广州蔚星汽车充电站(小易智充沪陕高速华胥/曳湖出口充电站),西安市,汽车相关 充电站,其他,8,其他
广汽能源汽车充电站(昊铂西安太乙城超充站),汽车相关,充电站,108.9752613,34.23458351,陕西省,西安市,108.9752613,34.23458351,广汽能源汽车充电站(昊铂西安太乙城超充站),西安市,汽车相关 充电站,其他,6,其他
广汽能源汽车充电站(广汽能源西安劳动公园超充站),汽车相关,充电站,108.9036574,34.2635027,陕西省,西安市,108.9036574,34.2635027,广汽能源汽车充电站(广汽能源西安劳动公园超充站),西安市,汽车相关 充电站,其他,3,其他
广汽能源汽车充电站(广汽能源西安电厂东路超充站),汽车相关,充电站,109.0594107,34.28036732,陕西省,西安市,109.0594107,34.28036732,广汽能源汽车充电站(广汽能源西安电厂东路超充站),西安市,汽车相关 充电站,其他,4,其他
广汽能源汽车充电站(昊铂西安CBE发展大厦超充站),汽车相关,充电站,109.006304,34.3378878,陕西省,西安市,109.006304,34.3378878,广汽能源汽车充电站(昊铂西安CBE发展大厦超充站),西安市,汽车相关 充电站,其他,3,其他
广汽能源汽车充电站(昊铂西安大明宫万达超充站),汽车相关,充电站,108.9729716,34.31408989,陕西省,西安市,108.9729716,34.31408989,广汽能源汽车充电站(昊铂西安大明宫万达超充站),西安市,汽车相关 充电站,其他,7,其他
广汽能源汽车充电站(昊铂西安西咸吾悦广场超充站),汽车相关,充电站,108.823433,34.25368327,陕西省,西安市,108.823433,34.25368327,广汽能源汽车充电站(昊铂西安西咸吾悦广场超充站),西安市,汽车相关 充电站,其他,6,其他
广汽能源汽车充电站(广汽能源西安丈八东路超充站),汽车相关,充电站,108.9020378,34.19745393,陕西省,西安市,108.9020378,34.19745393,广汽能源汽车充电站(广汽能源西安丈八东路超充站),西安市,汽车相关 充电站,其他,8,其他
广汽能源汽车充电站(昊铂西安丈八一路超充站),汽车相关,充电站,108.8865414,34.18979382,陕西省,西安市,108.8865414,34.18979382,广汽能源汽车充电站(昊铂西安丈八一路超充站),西安市,汽车相关 充电站,其他,2,其他
广汽能源汽车充电站(广汽能源西安小寨银泰超充站),汽车相关,充电站,108.9406352,34.22349007,陕西省,西安市,108.9406352,34.22349007,广汽能源汽车充电站(广汽能源西安小寨银泰超充站),西安市,汽车相关 充电站,其他,2,其他
延长壳牌汽车充电站(延长壳牌新城区万和城慢充电站),汽车相关,充电站,108.9945794,34.27877898,陕西省,西安市,108.9945794,34.27877898,延长壳牌汽车充电站(延长壳牌新城区万和城慢充电站),西安市,汽车相关 充电站,其他,4,其他
延长壳牌汽车充电站(延长壳牌西安幸福林带樱花广场慢充站),汽车相关,充电站,109.0163093,34.25192392,陕西省,西安市,109.0163093,34.25192392,延长壳牌汽车充电站(延长壳牌西安幸福林带樱花广场慢充站),西安市,汽车相关 充电站,其他,8,其他
延长壳牌汽车充电站(延长壳牌新城区革命公园充电站),汽车相关,充电站,108.9601239,34.27072965,陕西省,西安市,108.9601239,34.27072965,延长壳牌汽车充电站(延长壳牌新城区革命公园充电站),西安市,汽车相关 充电站,其他,5,其他
延长壳牌汽车充电站(延长壳牌碑林区盛安广场慢充电站),汽车相关,充电站,108.9326901,34.24333468,陕西省,西安市,108.9326901,34.24333468,延长壳牌汽车充电站(延长壳牌碑林区盛安广场慢充电站),西安市,汽车相关 充电站,其他,7,其他
延长壳牌汽车充电站(延长壳牌碑林区华清广场慢充电站),汽车相关,充电站,108.9642771,34.24061597,陕西省,西安市,108.9642771,34.24061597,延长壳牌汽车充电站(延长壳牌碑林区华清广场慢充电站),西安市,汽车相关 充电站,其他,4,其他
延长壳牌汽车充电站(延长壳牌莲湖区丰禾路慢充电站),汽车相关,充电站,108.9019478,34.27991607,陕西省,西安市,108.9019478,34.27991607,延长壳牌汽车充电站(延长壳牌莲湖区丰禾路慢充电站),西安市,汽车相关 充电站,其他,5,其他
延长壳牌汽车充电站(延长壳牌未央区武德路充电站),汽车相关,充电站,108.8987486,34.25915167,陕西省,西安市,108.8987486,34.25915167,延长壳牌汽车充电站(延长壳牌未央区武德路充电站),西安市,汽车相关 充电站,其他,3,其他
延长壳牌汽车充电站(西安莲湖区丰镐东路充电站),汽车相关,充电站,108.8982227,34.25827977,陕西省,西安市,108.8982227,34.25827977,延长壳牌汽车充电站(西安莲湖区丰镐东路充电站),西安市,汽车相关 充电站,其他,7,其他
延长壳牌汽车充电站(延长壳牌莲湖区丰镐东路慢充电站),汽车相关,充电站,108.8982227,34.25827977,陕西省,西安市,108.8982227,34.25827977,延长壳牌汽车充电站(延长壳牌莲湖区丰镐东路慢充电站),西安市,汽车相关 充电站,其他,3,其他
延长壳牌汽车充电站(延长壳牌浐灞金茂七路充电站),汽车相关,充电站,108.8987486,34.25915167,陕西省,西安市,108.8987486,34.25915167,延长壳牌汽车充电站(延长壳牌浐灞金茂七路充电站),西安市,汽车相关 充电站,其他,8,其他
延长壳牌汽车充电站(延长壳牌未央区凤城十路充电站),汽车相关,充电站,108.8987486,34.25915167,陕西省,西安市,108.8987486,34.25915167,延长壳牌汽车充电站(延长壳牌未央区凤城十路充电站),西安市,汽车相关 充电站,其他,6,其他
延长壳牌汽车充电站(延长壳牌灞桥区穆将王充电站),汽车相关,充电站,109.0636567,34.25772214,陕西省,西安市,109.0636567,34.25772214,延长壳牌汽车充电站(延长壳牌灞桥区穆将王充电站),西安市,汽车相关 充电站,其他,7,其他
延长壳牌汽车充电站(延长壳牌灞桥区浐灞金融城慢充电站),汽车相关,充电站,109.0372814,34.30154776,陕西省,西安市,109.0372814,34.30154776,延长壳牌汽车充电站(延长壳牌灞桥区浐灞金融城慢充电站),西安市,汽车相关 充电站,其他,5,其他
延长壳牌汽车充电站(延长壳牌灞桥区香湖湾快充站),汽车相关,充电站,109.051954,34.32962999,陕西省,西安市,109.051954,34.32962999,延长壳牌汽车充电站(延长壳牌灞桥区香湖湾快充站),西安市,汽车相关 充电站,其他,6,其他
延长壳牌汽车充电站(延长壳牌灞桥区东大明宫慢充电站),汽车相关,充电站,109.0502077,34.26517163,陕西省,西安市,109.0502077,34.26517163,延长壳牌汽车充电站(延长壳牌灞桥区东大明宫慢充电站),西安市,汽车相关 充电站,其他,2,其他
延长壳牌汽车充电站(延长壳牌灞桥区十里铺北路充电站),汽车相关,充电站,109.0234697,34.29515238,陕西省,西安市,109.0234697,34.29515238,延长壳牌汽车充电站(延长壳牌灞桥区十里铺北路充电站),西安市,汽车相关 充电站,其他,5,其他
延长壳牌汽车充电站(延长壳牌灞桥区泰尔国际充电站),汽车相关,充电站,109.0716787,34.28379585,陕西省,西安市,109.0716787,34.28379585,延长壳牌汽车充电站(延长壳牌灞桥区泰尔国际充电站),西安市,汽车相关 充电站,其他,4,其他
延长壳牌汽车充电站(延长壳牌莲湖区金光门充电站),汽车相关,充电站,109.0420421,34.29308839,陕西省,西安市,109.0420421,34.29308839,延长壳牌汽车充电站(延长壳牌莲湖区金光门充电站),西安市,汽车相关 充电站,其他,2,其他
延长壳牌汽车充电站(延长壳牌未央区龙华小区慢充电站),汽车相关,充电站,108.8465374,34.28339488,陕西省,西安市,108.8465374,34.28339488,延长壳牌汽车充电站(延长壳牌未央区龙华小区慢充电站),西安市,汽车相关 充电站,其他,2,其他
延长壳牌汽车充电站(延长壳牌未央区环普创新城慢充电站),汽车相关,充电站,108.8281981,34.25281334,陕西省,西安市,108.8281981,34.25281334,延长壳牌汽车充电站(延长壳牌未央区环普创新城慢充电站),西安市,汽车相关 充电站,其他,4,其他
延长壳牌汽车充电站(延长壳牌西咸新区启航馨苑慢充电站),汽车相关,充电站,108.8205379,34.31563929,陕西省,西安市,108.8205379,34.31563929,延长壳牌汽车充电站(延长壳牌西咸新区启航馨苑慢充电站),西安市,汽车相关 充电站,其他,7,其他
延长壳牌汽车充电站(延长壳牌未央区银池广场充电站),汽车相关,充电站,108.9477265,34.33384187,陕西省,西安市,108.9477265,34.33384187,延长壳牌汽车充电站(延长壳牌未央区银池广场充电站),西安市,汽车相关 充电站,其他,2,其他
延长壳牌汽车充电站(延长壳牌西咸新区芊域阳光南二慢充电站),汽车相关,充电站,108.8243981,34.33530942,陕西省,西安市,108.8243981,34.33530942,延长壳牌汽车充电站(延长壳牌西咸新区芊域阳光南二慢充电站),西安市,汽车相关 充电站,其他,8,其他
延长壳牌汽车充电站(延长壳牌未央区贞观路充电站),汽车相关,充电站,108.959388,34.33662586,陕西省,西安市,108.959388,34.33662586,延长壳牌汽车充电站(延长壳牌未央区贞观路充电站),西安市,汽车相关 充电站,其他,5,其他
延长壳牌汽车充电站(延长壳牌未央区宣平小院慢充电站),汽车相关,充电站,108.913055,34.34058691,陕西省,西安市,108.913055,34.34058691,延长壳牌汽车充电站(延长壳牌未央区宣平小院慢充电站),西安市,汽车相关 充电站,其他,6,其他
延长壳牌汽车充电站(延长壳牌未央区大唐星河苑慢充电站),汽车相关,充电站,108.9548189,34.31363058,陕西省,西安市,108.9548189,34.31363058,延长壳牌汽车充电站(延长壳牌未央区大唐星河苑慢充电站),西安市,汽车相关 充电站,其他,2,其他
延长壳牌汽车充电站(延长壳牌未央区东元路充电站),汽车相关,充电站,108.9941994,34.29879604,陕西省,西安市,108.9941994,34.29879604,延长壳牌汽车充电站(延长壳牌未央区东元路充电站),西安市,汽车相关 充电站,其他,5,其他
延长壳牌汽车充电站(延长壳牌未央区珠江新城1区慢充电站),汽车相关,充电站,108.98657,34.31844853,陕西省,西安市,108.98657,34.31844853,延长壳牌汽车充电站(延长壳牌未央区珠江新城1区慢充电站),西安市,汽车相关 充电站,其他,3,其他
延长壳牌汽车充电站(延长壳牌未央区珠江新城2区慢充电站),汽车相关,充电站,108.98657,34.31844853,陕西省,西安市,108.98657,34.31844853,延长壳牌汽车充电站(延长壳牌未央区珠江新城2区慢充电站),西安市,汽车相关 充电站,其他,5,其他
延长壳牌汽车充电站(延长壳牌未央区建元路充电站),汽车相关,充电站,108.9484113,34.36776679,陕西省,西安市,108.9484113,34.36776679,延长壳牌汽车充电站(延长壳牌未央区建元路充电站),西安市,汽车相关 充电站,其他,6,其他
延长壳牌汽车充电站(延长壳牌未央区重信家居广场充电站),汽车相关,充电站,108.851753,34.28391352,陕西省,西安市,108.851753,34.28391352,延长壳牌汽车充电站(延长壳牌未央区重信家居广场充电站),西安市,汽车相关 充电站,其他,5,其他
延长壳牌汽车充电站(延长壳牌西安高级中学快充站),汽车相关,充电站,108.9687023,34.34484848,陕西省,西安市,108.9687023,34.34484848,延长壳牌汽车充电站(延长壳牌西安高级中学快充站),西安市,汽车相关 充电站,其他,4,其他
延长壳牌汽车充电站(延长壳牌未央区枫丹唐悦慢充电站),汽车相关,充电站,109.0001491,34.33652187,陕西省,西安市,109.0001491,34.33652187,延长壳牌汽车充电站(延长壳牌未央区枫丹唐悦慢充电站),西安市,汽车相关 充电站,其他,6,其他
延长壳牌汽车充电站(延长壳牌未央区明珠家居充电站),汽车相关,充电站,108.9597,34.30938977,陕西省,西安市,108.9597,34.30938977,延长壳牌汽车充电站(延长壳牌未央区明珠家居充电站),西安市,汽车相关 充电站,其他,7,其他
延长壳牌汽车充电站(延长壳牌未央区启航馨苑慢充电站),汽车相关,充电站,108.8205379,34.31563929,陕西省,西安市,108.8205379,34.31563929,延长壳牌汽车充电站(延长壳牌未央区启航馨苑慢充电站),西安市,汽车相关 充电站,其他,3,其他
延长壳牌汽车充电站(延长壳牌未央区禧悦里慢充电站),汽车相关,充电站,108.9393044,34.35871653,陕西省,西安市,108.9393044,34.35871653,延长壳牌汽车充电站(延长壳牌未央区禧悦里慢充电站),西安市,汽车相关 充电站,其他,4,其他
延长壳牌汽车充电站(延长壳牌西安启航佳苑东区北慢充站),汽车相关,充电站,108.8161577,34.30093108,陕西省,西安市,108.8161577,34.30093108,延长壳牌汽车充电站(延长壳牌西安启航佳苑东区北慢充站),西安市,汽车相关 充电站,其他,7,其他
延长壳牌汽车充电站(延长壳牌西安启航佳苑东区南慢充站),汽车相关,充电站,108.8161577,34.30093108,陕西省,西安市,108.8161577,34.30093108,延长壳牌汽车充电站(延长壳牌西安启航佳苑东区南慢充站),西安市,汽车相关 充电站,其他,5,其他
延长壳牌汽车充电站(延长壳牌西安启航佳苑西区第二慢充站),汽车相关,充电站,108.8163577,34.30160309,陕西省,西安市,108.8163577,34.30160309,延长壳牌汽车充电站(延长壳牌西安启航佳苑西区第二慢充站),西安市,汽车相关 充电站,其他,6,其他
延长壳牌汽车充电站(延长壳牌西咸新区芊域阳光北慢充电站),汽车相关,充电站,108.8257221,34.33711945,陕西省,西安市,108.8257221,34.33711945,延长壳牌汽车充电站(延长壳牌西咸新区芊域阳光北慢充电站),西安市,汽车相关 充电站,其他,3,其他
延长壳牌汽车充电站(延长壳牌西咸新区芊域阳光南一慢充电站),汽车相关,充电站,108.8245621,34.33298643,陕西省,西安市,108.8245621,34.33298643,延长壳牌汽车充电站(延长壳牌西咸新区芊域阳光南一慢充电站),西安市,汽车相关 充电站,其他,4,其他
延长壳牌汽车充电站(西安市高新区飞阳广场充电站),汽车相关,充电站,108.9885897,34.36089143,陕西省,西安市,108.9885897,34.36089143,延长壳牌汽车充电站(西安市高新区飞阳广场充电站),西安市,汽车相关 充电站,其他,7,其他
延长壳牌汽车充电站(民生家园店),汽车相关,充电站,109.0007571,34.30315481,陕西省,西安市,109.0007571,34.30315481,延长壳牌汽车充电站(民生家园店),西安市,汽车相关 充电站,其他,7,其他
延长壳牌汽车充电站(延长壳牌未央区建章二路充电站),汽车相关,充电站,108.8285581,34.32120745,陕西省,西安市,108.8285581,34.32120745,延长壳牌汽车充电站(延长壳牌未央区建章二路充电站),西安市,汽车相关 充电站,其他,3,其他
延长壳牌汽车充电站(延长壳牌西安未央区贞观路充电站),汽车相关,充电站,108.9601968,34.33654773,陕西省,西安市,108.9601968,34.33654773,延长壳牌汽车充电站(延长壳牌西安未央区贞观路充电站),西安市,汽车相关 充电站,其他,8,其他
延长壳牌汽车充电站(延长壳牌西咸新区沣东大道充电站),汽车相关,充电站,108.8289371,34.25929935,陕西省,西安市,108.8289371,34.25929935,延长壳牌汽车充电站(延长壳牌西咸新区沣东大道充电站),西安市,汽车相关 充电站,其他,5,其他
延长壳牌汽车充电站(延长壳牌未央区北辰大道充电站),汽车相关,充电站,108.9951983,34.36661807,陕西省,西安市,108.9951983,34.36661807,延长壳牌汽车充电站(延长壳牌未央区北辰大道充电站),西安市,汽车相关 充电站,其他,3,其他
延长壳牌汽车充电站(延长壳牌梨园路),汽车相关,充电站,108.9067896,34.29292212,陕西省,西安市,108.9067896,34.29292212,延长壳牌汽车充电站(延长壳牌梨园路),西安市,汽车相关 充电站,其他,7,其他
延长壳牌汽车充电站(延长壳牌雁塔区西高智能大厦慢充电站),汽车相关,充电站,108.9007481,34.23978124,陕西省,西安市,108.9007481,34.23978124,延长壳牌汽车充电站(延长壳牌雁塔区西高智能大厦慢充电站),西安市,汽车相关 充电站,其他,2,其他
延长壳牌汽车充电站(延长壳牌雁塔区人保大厦快充站),汽车相关,充电站,108.8987686,34.23871163,陕西省,西安市,108.8987686,34.23871163,延长壳牌汽车充电站(延长壳牌雁塔区人保大厦快充站),西安市,汽车相关 充电站,其他,4,其他
延长壳牌汽车充电站(延长壳牌西安泰维快充电站),汽车相关,充电站,108.8838319,34.18727429,陕西省,西安市,108.8838319,34.18727429,延长壳牌汽车充电站(延长壳牌西安泰维快充电站),西安市,汽车相关 充电站,其他,3,其他
延长壳牌汽车充电站(延长壳牌雁塔区希尔顿欢朋酒店慢充电站),汽车相关,充电站,108.8706344,34.2411104,陕西省,西安市,108.8706344,34.2411104,延长壳牌汽车充电站(延长壳牌雁塔区希尔顿欢朋酒店慢充电站),西安市,汽车相关 充电站,其他,8,其他
延长壳牌汽车充电站(延长壳牌高新区绿地中心慢充电站),汽车相关,充电站,108.8796728,34.19437498,陕西省,西安市,108.8796728,34.19437498,延长壳牌汽车充电站(延长壳牌高新区绿地中心慢充电站),西安市,汽车相关 充电站,其他,7,其他
延长壳牌汽车充电站(延长壳牌雁塔区和记大合城慢充电站),汽车相关,充电站,109.0308105,34.23396895,陕西省,西安市,109.0308105,34.23396895,延长壳牌汽车充电站(延长壳牌雁塔区和记大合城慢充电站),西安市,汽车相关 充电站,其他,5,其他
延长壳牌汽车充电站(延长壳牌雁塔区海亮时代ONE第二慢充),汽车相关,充电站,108.8850817,34.17854706,陕西省,西安市,108.8850817,34.17854706,延长壳牌汽车充电站(延长壳牌雁塔区海亮时代ONE第二慢充),西安市,汽车相关 充电站,其他,7,其他
延长壳牌汽车充电站(延长壳牌雁塔区曲江雁翔广场慢充电站),汽车相关,充电站,109.0104741,34.2106617,陕西省,西安市,109.0104741,34.2106617,延长壳牌汽车充电站(延长壳牌雁塔区曲江雁翔广场慢充电站),西安市,汽车相关 充电站,其他,5,其他
延长壳牌汽车充电站(延长壳牌高新区飞阳广场充电站),汽车相关,充电站,108.8429496,34.19855394,陕西省,西安市,108.8429496,34.19855394,延长壳牌汽车充电站(延长壳牌高新区飞阳广场充电站),西安市,汽车相关 充电站,其他,3,其他
延长壳牌汽车充电站(延长壳牌长安区航天大道充电站),汽车相关,充电站,108.9842423,34.17356755,陕西省,西安市,108.9842423,34.17356755,延长壳牌汽车充电站(延长壳牌长安区航天大道充电站),西安市,汽车相关 充电站,其他,5,其他
延长壳牌汽车充电站(延长壳牌长安区七里镇第二小区慢充电站),汽车相关,充电站,108.7734471,34.24813114,陕西省,西安市,108.7734471,34.24813114,延长壳牌汽车充电站(延长壳牌长安区七里镇第二小区慢充电站),西安市,汽车相关 充电站,其他,6,其他
延长壳牌汽车充电站(延长壳牌长安区绿地人才公寓慢充电站),汽车相关,充电站,108.7693313,34.25748047,陕西省,西安市,108.7693313,34.25748047,延长壳牌汽车充电站(延长壳牌长安区绿地人才公寓慢充电站),西安市,汽车相关 充电站,其他,6,其他
延长壳牌汽车充电站(延长壳牌长安区七里镇第一小区慢充电站),汽车相关,充电站,108.7618598,34.24676716,陕西省,西安市,108.7618598,34.24676716,延长壳牌汽车充电站(延长壳牌长安区七里镇第一小区慢充电站),西安市,汽车相关 充电站,其他,6,其他
延长壳牌汽车充电站(延长壳牌长安航天新经济科技园3区慢充),汽车相关,充电站,108.9832904,34.15683662,陕西省,西安市,108.9832904,34.15683662,延长壳牌汽车充电站(延长壳牌长安航天新经济科技园3区慢充),西安市,汽车相关 充电站,其他,8,其他
延长壳牌汽车充电站(延长壳牌长安区西汤路充电站),汽车相关,充电站,108.9797108,34.12789693,陕西省,西安市,108.9797108,34.12789693,延长壳牌汽车充电站(延长壳牌长安区西汤路充电站),西安市,汽车相关 充电站,其他,8,其他
延长壳牌汽车充电站(延长壳牌长安航天新经济科技园1区慢充),汽车相关,充电站,108.9837143,34.15914658,陕西省,西安市,108.9837143,34.15914658,延长壳牌汽车充电站(延长壳牌长安航天新经济科技园1区慢充),西安市,汽车相关 充电站,其他,2,其他
延长壳牌汽车充电站(延长壳牌长安航天新经济科技园2区慢充),汽车相关,充电站,108.9837143,34.15998659,陕西省,西安市,108.9837143,34.15998659,延长壳牌汽车充电站(延长壳牌长安航天新经济科技园2区慢充),西安市,汽车相关 充电站,其他,8,其他
延长壳牌汽车充电站(延长壳牌长安区福海老年公寓慢充电站),汽车相关,充电站,108.833118,34.10205911,陕西省,西安市,108.833118,34.10205911,延长壳牌汽车充电站(延长壳牌长安区福海老年公寓慢充电站),西安市,汽车相关 充电站,其他,3,其他
延长壳牌汽车充电站(西安航天大道充电站),汽车相关,充电站,108.9735766,34.16374463,陕西省,西安市,108.9735766,34.16374463,延长壳牌汽车充电站(西安航天大道充电站),西安市,汽车相关 充电站,其他,7,其他
延长壳牌汽车充电站(延长壳牌二七区连云路充电站),汽车相关,充电站,108.9111556,34.15151503,陕西省,西安市,108.9111556,34.15151503,延长壳牌汽车充电站(延长壳牌二七区连云路充电站),西安市,汽车相关 充电站,其他,7,其他
延长壳牌汽车充电站(延长壳牌长安区学府大街充电站),汽车相关,充电站,108.8870233,34.14810969,陕西省,西安市,108.8870233,34.14810969,延长壳牌汽车充电站(延长壳牌长安区学府大街充电站),西安市,汽车相关 充电站,其他,2,其他
延长壳牌汽车充电站(延长壳牌高陵区耿镇北充电站),汽车相关,充电站,109.1026292,34.4417331,陕西省,西安市,109.1026292,34.4417331,延长壳牌汽车充电站(延长壳牌高陵区耿镇北充电站),西安市,汽车相关 充电站,其他,8,其他
开迈斯新能源汽车充电站(西安市苏宁生活广场站),汽车相关,充电站,108.9622535,34.2658123,陕西省,西安市,108.9622535,34.2658123,开迈斯新能源汽车充电站(西安市苏宁生活广场站),西安市,汽车相关 充电站,其他,5,其他
开迈斯新能源汽车充电站(西安市苏宁生活广场直流站),汽车相关,充电站,108.9622365,34.26565831,陕西省,西安市,108.9622365,34.26565831,开迈斯新能源汽车充电站(西安市苏宁生活广场直流站),西安市,汽车相关 充电站,其他,2,其他
开迈斯新能源汽车充电站(西安市华清广场站),汽车相关,充电站,108.9637332,34.23964905,陕西省,西安市,108.9637332,34.23964905,开迈斯新能源汽车充电站(西安市华清广场站),西安市,汽车相关 充电站,其他,5,其他
开迈斯新能源汽车充电站(西安市金辉国际广场站),汽车相关,充电站,108.8868413,34.24970986,陕西省,西安市,108.8868413,34.24970986,开迈斯新能源汽车充电站(西安市金辉国际广场站),西安市,汽车相关 充电站,其他,5,其他
开迈斯新能源汽车充电站(西安市龙湖大兴星悦荟直流站),汽车相关,充电站,108.9184547,34.2858207,陕西省,西安市,108.9184547,34.2858207,开迈斯新能源汽车充电站(西安市龙湖大兴星悦荟直流站),西安市,汽车相关 充电站,其他,4,其他
开迈斯新能源汽车充电站(西安金辉国际广场直流站),汽车相关,充电站,108.8865194,34.24993293,陕西省,西安市,108.8865194,34.24993293,开迈斯新能源汽车充电站(西安金辉国际广场直流站),西安市,汽车相关 充电站,其他,7,其他
开迈斯新能源汽车充电站(西市东桃园直流站),汽车相关,充电站,108.9042613,34.24209556,陕西省,西安市,108.9042613,34.24209556,开迈斯新能源汽车充电站(西市东桃园直流站),西安市,汽车相关 充电站,其他,6,其他
开迈斯新能源汽车充电站(西安市电厂东路站),汽车相关,充电站,109.0569851,34.28749086,陕西省,西安市,109.0569851,34.28749086,开迈斯新能源汽车充电站(西安市电厂东路站),西安市,汽车相关 充电站,其他,8,其他
开迈斯新能源汽车充电站(西安市文景天下站),汽车相关,充电站,108.9346096,34.3198794,陕西省,西安市,108.9346096,34.3198794,开迈斯新能源汽车充电站(西安市文景天下站),西安市,汽车相关 充电站,其他,5,其他
开迈斯新能源汽车充电站(西安市西咸吾悦广场站),汽车相关,充电站,108.82324,34.25313626,陕西省,西安市,108.82324,34.25313626,开迈斯新能源汽车充电站(西安市西咸吾悦广场站),西安市,汽车相关 充电站,其他,4,其他
开迈斯新能源汽车充电站(仅对专属客户开放西安市鹰之杰一汽大众4S店站),汽车相关,充电站,108.8264181,34.27084535,陕西省,西安市,108.8264181,34.27084535,开迈斯新能源汽车充电站(仅对专属客户开放西安市鹰之杰一汽大众4S店站),西安市,汽车相关 充电站,其他,7,其他
开迈斯新能源汽车充电站(仅对专属客户开放西安市尊荣致诚一汽大众4S店站),汽车相关,充电站,108.8472974,34.3225529,陕西省,西安市,108.8472974,34.3225529,开迈斯新能源汽车充电站(仅对专属客户开放西安市尊荣致诚一汽大众4S店站),西安市,汽车相关 充电站,其他,6,其他
开迈斯新能源汽车充电站(西安市艾斯广场站),汽车相关,充电站,108.9471266,34.31999596,陕西省,西安市,108.9471266,34.31999596,开迈斯新能源汽车充电站(西安市艾斯广场站),西安市,汽车相关 充电站,其他,5,其他
开迈斯新能源汽车充电站(西安绿地缤纷荟),汽车相关,充电站,108.8807056,34.19425181,陕西省,西安市,108.8807056,34.19425181,开迈斯新能源汽车充电站(西安绿地缤纷荟),西安市,汽车相关 充电站,其他,5,其他
开迈斯新能源汽车充电站(西安市环球金辉广场直流站),汽车相关,充电站,108.9646511,34.18255285,陕西省,西安市,108.9646511,34.18255285,开迈斯新能源汽车充电站(西安市环球金辉广场直流站),西安市,汽车相关 充电站,其他,2,其他
开迈斯新能源汽车充电站(西安市芯国腾科技园站),汽车相关,充电站,108.8557115,34.16062199,陕西省,西安市,108.8557115,34.16062199,开迈斯新能源汽车充电站(西安市芯国腾科技园站),西安市,汽车相关 充电站,其他,2,其他
开迈斯新能源汽车充电站(西安市北航科技园站),汽车相关,充电站,108.978451,34.16144409,陕西省,西安市,108.978451,34.16144409,开迈斯新能源汽车充电站(西安市北航科技园站),西安市,汽车相关 充电站,其他,7,其他
快来充汽车充电站(交大创新港核心地下室),汽车相关,充电站,108.9820065,34.25038683,陕西省,西安市,108.9820065,34.25038683,快来充汽车充电站(交大创新港核心地下室),西安市,汽车相关 充电站,其他,6,其他
新国网汽车充电站(陕西省西安市西咸新区咸阳职业技术学院大学生活动中心公共充电站),汽车相关,充电站,108.6194445,34.09576684,陕西省,西安市,108.6194445,34.09576684,新国网汽车充电站(陕西省西安市西咸新区咸阳职业技术学院大学生活动中心公共充电站),西安市,汽车相关 充电站,国家电网,5,其他
星星充电汽车充电站(星星充电-胡家庙充电站二期),汽车相关,充电站,108.9959403,34.27698393,陕西省,西安市,108.9959403,34.27698393,星星充电汽车充电站(星星充电-胡家庙充电站二期),西安市,汽车相关 充电站,星星充电,7,其他
星星充电汽车充电站(西安城投新能源鸿瑞林),汽车相关,充电站,109.0236898,34.25161635,陕西省,西安市,109.0236898,34.25161635,星星充电汽车充电站(西安城投新能源鸿瑞林),西安市,汽车相关 充电站,星星充电,7,其他
星星充电汽车充电站(更新能源28号),汽车相关,充电站,108.9826924,34.2804898,陕西省,西安市,108.9826924,34.2804898,星星充电汽车充电站(更新能源28号),西安市,汽车相关 充电站,星星充电,3,其他
星星充电汽车充电站(电泊士石家街新能源充电站二期),汽车相关,充电站,108.9957883,34.29207495,陕西省,西安市,108.9957883,34.29207495,星星充电汽车充电站(电泊士石家街新能源充电站二期),西安市,汽车相关 充电站,星星充电,8,其他
星星充电汽车充电站(星星充电星耀极速火车站超充站),汽车相关,充电站,108.9671316,34.2739616,陕西省,西安市,108.9671316,34.2739616,星星充电汽车充电站(星星充电星耀极速火车站超充站),西安市,汽车相关 充电站,星星充电,2,其他
星星充电汽车充电站(金康路交流快充桩群-陕西春雨),汽车相关,充电站,108.9985182,34.26781483,陕西省,西安市,108.9985182,34.26781483,星星充电汽车充电站(金康路交流快充桩群-陕西春雨),西安市,汽车相关 充电站,星星充电,6,其他
星星充电汽车充电站(胡家庙),汽车相关,充电站,108.9959853,34.27706993,陕西省,西安市,108.9959853,34.27706993,星星充电汽车充电站(胡家庙),西安市,汽车相关 充电站,星星充电,5,其他
星星充电汽车充电站(电泊士石家街新能源一期),汽车相关,充电站,108.9957883,34.29207495,陕西省,西安市,108.9957883,34.29207495,星星充电汽车充电站(电泊士石家街新能源一期),西安市,汽车相关 充电站,星星充电,7,其他
星星充电汽车充电站(电泊士石家街新能源二期),汽车相关,充电站,108.9976482,34.29216189,陕西省,西安市,108.9976482,34.29216189,星星充电汽车充电站(电泊士石家街新能源二期),西安市,汽车相关 充电站,星星充电,5,其他
星星充电汽车充电站(含元花世界充电站),汽车相关,充电站,108.9929455,34.28976209,陕西省,西安市,108.9929455,34.28976209,星星充电汽车充电站(含元花世界充电站),西安市,汽车相关 充电站,星星充电,3,其他
星星充电汽车充电站(咸宁路天子出租),汽车相关,充电站,109.0221827,34.25141725,陕西省,西安市,109.0221827,34.25141725,星星充电汽车充电站(咸宁路天子出租),西安市,汽车相关 充电站,星星充电,6,其他
星星充电汽车充电站(盛鑫博瑞金泉小区),汽车相关,充电站,108.9409241,34.24257904,陕西省,西安市,108.9409241,34.24257904,星星充电汽车充电站(盛鑫博瑞金泉小区),西安市,汽车相关 充电站,星星充电,7,其他
星星充电汽车充电站(启明星唐延中心城充电站沣惠南路西),汽车相关,充电站,108.8894807,34.23882438,陕西省,西安市,108.8894807,34.23882438,星星充电汽车充电站(启明星唐延中心城充电站沣惠南路西),西安市,汽车相关 充电站,星星充电,5,其他
星星充电汽车充电站(陕西人事厅习武园),汽车相关,充电站,108.928863,34.27456351,陕西省,西安市,108.928863,34.27456351,星星充电汽车充电站(陕西人事厅习武园),西安市,汽车相关 充电站,星星充电,2,其他
星星充电汽车充电站(青年路),汽车相关,充电站,108.9458989,34.27151813,陕西省,西安市,108.9458989,34.27151813,星星充电汽车充电站(青年路),西安市,汽车相关 充电站,星星充电,8,其他
星星充电汽车充电站(康驰新能源),汽车相关,充电站,108.9079673,34.27036084,陕西省,西安市,108.9079673,34.27036084,星星充电汽车充电站(康驰新能源),西安市,汽车相关 充电站,星星充电,3,其他
星星充电汽车充电站(美丽充星耀极速团结中路充电站二期),汽车相关,充电站,108.8855196,34.26461912,陕西省,西安市,108.8855196,34.26461912,星星充电汽车充电站(美丽充星耀极速团结中路充电站二期),西安市,汽车相关 充电站,星星充电,6,其他
星星充电汽车充电站(美丽充星耀极速团结中路),汽车相关,充电站,108.8855286,34.26426511,陕西省,西安市,108.8855286,34.26426511,星星充电汽车充电站(美丽充星耀极速团结中路),西安市,汽车相关 充电站,星星充电,3,其他
星星充电汽车充电站(荣民龙首广场地下),汽车相关,充电站,108.9474506,34.29139786,陕西省,西安市,108.9474506,34.29139786,星星充电汽车充电站(荣民龙首广场地下),西安市,汽车相关 充电站,星星充电,2,其他
星星充电汽车充电站(星火路),汽车相关,充电站,108.9225287,34.28316484,陕西省,西安市,108.9225287,34.28316484,星星充电汽车充电站(星火路),西安市,汽车相关 充电站,星星充电,6,其他
星星充电汽车充电站(枣园西路三民便民),汽车相关,充电站,108.8589711,34.27959786,陕西省,西安市,108.8589711,34.27959786,星星充电汽车充电站(枣园西路三民便民),西安市,汽车相关 充电站,星星充电,3,其他
星星充电汽车充电站(青年路交流桩群-陕西春雨),汽车相关,充电站,108.9443523,34.27082742,陕西省,西安市,108.9443523,34.27082742,星星充电汽车充电站(青年路交流桩群-陕西春雨),西安市,汽车相关 充电站,星星充电,4,其他
星星充电汽车充电站(青年路快充),汽车相关,充电站,108.9458989,34.27151813,陕西省,西安市,108.9458989,34.27151813,星星充电汽车充电站(青年路快充),西安市,汽车相关 充电站,星星充电,2,其他
星星充电汽车充电站(西安西城出租星星充电),汽车相关,充电站,108.9007441,34.2732873,陕西省,西安市,108.9007441,34.2732873,星星充电汽车充电站(西安西城出租星星充电),西安市,汽车相关 充电站,星星充电,2,其他
星星充电汽车充电站(不对外开放星星充电西安铁路职业技术学院),汽车相关,充电站,109.0683188,34.38403724,陕西省,西安市,109.0683188,34.38403724,星星充电汽车充电站(不对外开放星星充电西安铁路职业技术学院),西安市,汽车相关 充电站,星星充电,2,其他
星星充电汽车充电站(西安交燃三环官厅),汽车相关,充电站,109.0500626,34.29231363,陕西省,西安市,109.0500626,34.29231363,星星充电汽车充电站(西安交燃三环官厅),西安市,汽车相关 充电站,星星充电,4,其他
星星充电汽车充电站(浐灞金桥三路),汽车相关,充电站,109.0504337,34.30623871,陕西省,西安市,109.0504337,34.30623871,星星充电汽车充电站(浐灞金桥三路),西安市,汽车相关 充电站,星星充电,4,其他
星星充电汽车充电站(纺织城陕钢小区充电站),汽车相关,充电站,109.065081,34.27759245,陕西省,西安市,109.065081,34.27759245,星星充电汽车充电站(纺织城陕钢小区充电站),西安市,汽车相关 充电站,星星充电,5,其他
星星充电汽车充电站(纺织城陕钢小区2),汽车相关,充电站,109.065078,34.27759245,陕西省,西安市,109.065078,34.27759245,星星充电汽车充电站(纺织城陕钢小区2),西安市,汽车相关 充电站,星星充电,7,其他
星星充电汽车充电站(澳秦米秦路),汽车相关,充电站,109.0222116,34.29524929,陕西省,西安市,109.0222116,34.29524929,星星充电汽车充电站(澳秦米秦路),西安市,汽车相关 充电站,星星充电,8,其他
星星充电汽车充电站(灞河东路两堤间停车楼B库),汽车相关,充电站,109.0285352,34.33691284,陕西省,西安市,109.0285352,34.33691284,星星充电汽车充电站(灞河东路两堤间停车楼B库),西安市,汽车相关 充电站,星星充电,3,其他
星星充电汽车充电站(邦友物流),汽车相关,充电站,109.1060781,34.32486572,陕西省,西安市,109.1060781,34.32486572,星星充电汽车充电站(邦友物流),西安市,汽车相关 充电站,星星充电,5,其他
星星充电汽车充电站(高科众源纺园路),汽车相关,充电站,109.1250148,34.28079749,陕西省,西安市,109.1250148,34.28079749,星星充电汽车充电站(高科众源纺园路),西安市,汽车相关 充电站,星星充电,3,其他
星星充电汽车充电站(星星西安路通路),汽车相关,充电站,109.004864,34.29404675,陕西省,西安市,109.004864,34.29404675,星星充电汽车充电站(星星西安路通路),西安市,汽车相关 充电站,星星充电,8,其他
星星充电汽车充电站(浐灞商务中心三期),汽车相关,充电站,109.0441205,34.31733271,陕西省,西安市,109.0441205,34.31733271,星星充电汽车充电站(浐灞商务中心三期),西安市,汽车相关 充电站,星星充电,7,其他
星星充电汽车充电站(澳秦米秦路2号交流桩群),汽车相关,充电站,109.0223366,34.2968153,陕西省,西安市,109.0223366,34.2968153,星星充电汽车充电站(澳秦米秦路2号交流桩群),西安市,汽车相关 充电站,星星充电,4,其他
星星充电汽车充电站(西安浐灞华邑酒店),汽车相关,充电站,109.0429823,34.34471258,陕西省,西安市,109.0429823,34.34471258,星星充电汽车充电站(西安浐灞华邑酒店),西安市,汽车相关 充电站,星星充电,7,其他
星星充电汽车充电站(西安国际港务区柳树余小学),汽车相关,充电站,109.0653671,34.36645261,陕西省,西安市,109.0653671,34.36645261,星星充电汽车充电站(西安国际港务区柳树余小学),西安市,汽车相关 充电站,星星充电,4,其他
星星充电汽车充电站(新兴村1号桩),汽车相关,充电站,109.1448064,34.28677846,陕西省,西安市,109.1448064,34.28677846,星星充电汽车充电站(新兴村1号桩),西安市,汽车相关 充电站,星星充电,8,其他
星星充电汽车充电站(新兴村王家顶1号桩),汽车相关,充电站,109.1503571,34.28329803,陕西省,西安市,109.1503571,34.28329803,星星充电汽车充电站(新兴村王家顶1号桩),西安市,汽车相关 充电站,星星充电,7,其他
星星充电汽车充电站(益翔昇临湾路),汽车相关,充电站,109.0555648,34.22141153,陕西省,西安市,109.0555648,34.22141153,星星充电汽车充电站(益翔昇临湾路),西安市,汽车相关 充电站,星星充电,5,其他
星星充电汽车充电站(西安城投亚辉),汽车相关,充电站,109.0126271,34.29423784,陕西省,西安市,109.0126271,34.29423784,星星充电汽车充电站(西安城投亚辉),西安市,汽车相关 充电站,星星充电,6,其他
星星充电汽车充电站(亚辉公共站),汽车相关,充电站,109.0126211,34.29423184,陕西省,西安市,109.0126211,34.29423184,星星充电汽车充电站(亚辉公共站),西安市,汽车相关 充电站,星星充电,5,其他
星星充电汽车充电站(路通路),汽车相关,充电站,109.0897046,34.4133871,陕西省,西安市,109.0897046,34.4133871,星星充电汽车充电站(路通路),西安市,汽车相关 充电站,星星充电,3,其他
星星充电汽车充电站(苏王村快速干道),汽车相关,充电站,109.0134551,34.29460187,陕西省,西安市,109.0134551,34.29460187,星星充电汽车充电站(苏王村快速干道),西安市,汽车相关 充电站,星星充电,5,其他
星星充电汽车充电站(草滩十路充电站社会开放),汽车相关,充电站,108.8581223,34.35615208,陕西省,西安市,108.8581223,34.35615208,星星充电汽车充电站(草滩十路充电站社会开放),西安市,汽车相关 充电站,星星充电,8,其他
星星充电汽车充电站(六六充电建章路),汽车相关,充电站,108.8411338,34.33180724,陕西省,西安市,108.8411338,34.33180724,星星充电汽车充电站(六六充电建章路),西安市,汽车相关 充电站,星星充电,2,其他
星星充电汽车充电站(天台八路星星怡锦盛世集中式快充站),汽车相关,充电站,108.8195509,34.2853842,陕西省,西安市,108.8195509,34.2853842,星星充电汽车充电站(天台八路星星怡锦盛世集中式快充站),西安市,汽车相关 充电站,星星充电,3,其他
星星充电汽车充电站(星星充电-文景校区充电站1不对外开放),汽车相关,充电站,108.9397213,34.32464539,陕西省,西安市,108.9397213,34.32464539,星星充电汽车充电站(星星充电-文景校区充电站1不对外开放),西安市,汽车相关 充电站,星星充电,7,其他
星星充电汽车充电站(凤城一路),汽车相关,充电站,108.9375859,34.3140798,陕西省,西安市,108.9375859,34.3140798,星星充电汽车充电站(凤城一路),西安市,汽车相关 充电站,星星充电,3,其他
星星充电汽车充电站(绿之谷沈家寨),汽车相关,充电站,108.833733,34.26289132,陕西省,西安市,108.833733,34.26289132,星星充电汽车充电站(绿之谷沈家寨),西安市,汽车相关 充电站,星星充电,6,其他
星星充电汽车充电站(西安城投新能源钜益),汽车相关,充电站,108.9876138,34.3592965,陕西省,西安市,108.9876138,34.3592965,星星充电汽车充电站(西安城投新能源钜益),西安市,汽车相关 充电站,星星充电,4,其他
星星充电汽车充电站(首府尚苑),汽车相关,充电站,108.9600769,34.34702875,陕西省,西安市,108.9600769,34.34702875,星星充电汽车充电站(首府尚苑),西安市,汽车相关 充电站,星星充电,7,其他
星星充电汽车充电站(众成爱充龙朔路),汽车相关,充电站,108.9637851,34.37169122,陕西省,西安市,108.9637851,34.37169122,星星充电汽车充电站(众成爱充龙朔路),西安市,汽车相关 充电站,星星充电,3,其他
星星充电汽车充电站(灞能充电浐灞城市广场),汽车相关,充电站,109.034787,34.31337747,陕西省,西安市,109.034787,34.31337747,星星充电汽车充电站(灞能充电浐灞城市广场),西安市,汽车相关 充电站,星星充电,7,其他
星星充电汽车充电站(草滩十路社会开放),汽车相关,充电站,108.8581593,34.35620907,陕西省,西安市,108.8581593,34.35620907,星星充电汽车充电站(草滩十路社会开放),西安市,汽车相关 充电站,星星充电,7,其他
星星充电汽车充电站(桃花潭公共),汽车相关,充电站,109.0330488,34.31018127,陕西省,西安市,109.0330488,34.31018127,星星充电汽车充电站(桃花潭公共),西安市,汽车相关 充电站,星星充电,7,其他
星星充电汽车充电站(星星充电-北站长安大学),汽车相关,充电站,108.8951054,34.37254056,陕西省,西安市,108.8951054,34.37254056,星星充电汽车充电站(星星充电-北站长安大学),西安市,汽车相关 充电站,星星充电,4,其他
星星充电汽车充电站(凤城一路充电站交流充电区),汽车相关,充电站,108.9366281,34.31464499,陕西省,西安市,108.9366281,34.31464499,星星充电汽车充电站(凤城一路充电站交流充电区),西安市,汽车相关 充电站,星星充电,8,其他
星星充电汽车充电站(秦建科),汽车相关,充电站,108.8275391,34.30613142,陕西省,西安市,108.8275391,34.30613142,星星充电汽车充电站(秦建科),西安市,汽车相关 充电站,星星充电,5,其他
星星充电汽车充电站(西安市行政中心专用市政府外东车库-直流充电区地下),汽车相关,充电站,108.9425047,34.34147788,陕西省,西安市,108.9425047,34.34147788,星星充电汽车充电站(西安市行政中心专用市政府外东车库-直流充电区地下),西安市,汽车相关 充电站,星星充电,7,其他
星星充电汽车充电站(行政审批局社会),汽车相关,充电站,108.945412,34.34172932,陕西省,西安市,108.945412,34.34172932,星星充电汽车充电站(行政审批局社会),西安市,汽车相关 充电站,星星充电,2,其他
星星充电汽车充电站(广汽本田陕西恒得利用户中心),汽车相关,充电站,108.8491692,34.32145878,陕西省,西安市,108.8491692,34.32145878,星星充电汽车充电站(广汽本田陕西恒得利用户中心),西安市,汽车相关 充电站,星星充电,8,其他
星星充电汽车充电站(凤城一路桩群-陕西春雨),汽车相关,充电站,108.9395704,34.3135944,陕西省,西安市,108.9395704,34.3135944,星星充电汽车充电站(凤城一路桩群-陕西春雨),西安市,汽车相关 充电站,星星充电,6,其他
星星充电汽车充电站(中国石油凤城十路),汽车相关,充电站,108.9579193,34.35415812,陕西省,西安市,108.9579193,34.35415812,星星充电汽车充电站(中国石油凤城十路),西安市,汽车相关 充电站,星星充电,4,其他
星星充电汽车充电站(凤城五路公共),汽车相关,充电站,108.9405681,34.32932023,陕西省,西安市,108.9405681,34.32932023,星星充电汽车充电站(凤城五路公共),西安市,汽车相关 充电站,星星充电,3,其他
星星充电汽车充电站(六村堡立交一期),汽车相关,充电站,108.8481523,34.33205587,陕西省,西安市,108.8481523,34.33205587,星星充电汽车充电站(六村堡立交一期),西安市,汽车相关 充电站,星星充电,4,其他
星星充电汽车充电站(阿房一路),汽车相关,充电站,108.836735,34.26740327,陕西省,西安市,108.836735,34.26740327,星星充电汽车充电站(阿房一路),西安市,汽车相关 充电站,星星充电,3,其他
星星充电汽车充电站(尔般星星后卫寨),汽车相关,充电站,108.822347,34.29831331,陕西省,西安市,108.822347,34.29831331,星星充电汽车充电站(尔般星星后卫寨),西安市,汽车相关 充电站,星星充电,4,其他
星星充电汽车充电站(杨家庄社区),汽车相关,充电站,108.9912006,34.31500321,陕西省,西安市,108.9912006,34.31500321,星星充电汽车充电站(杨家庄社区),西安市,汽车相关 充电站,星星充电,3,其他
星星充电汽车充电站(名京九合院),汽车相关,充电站,108.941307,34.30812205,陕西省,西安市,108.941307,34.30812205,星星充电汽车充电站(名京九合院),西安市,汽车相关 充电站,星星充电,7,其他
星星充电汽车充电站(秦建科仓储中心),汽车相关,充电站,108.8282411,34.30610742,陕西省,西安市,108.8282411,34.30610742,星星充电汽车充电站(秦建科仓储中心),西安市,汽车相关 充电站,星星充电,5,其他
星星充电汽车充电站(陕西中北汽车),汽车相关,充电站,108.8458365,34.28273392,陕西省,西安市,108.8458365,34.28273392,星星充电汽车充电站(陕西中北汽车),西安市,汽车相关 充电站,星星充电,3,其他
星星充电汽车充电站(天台八路星星奥达),汽车相关,充电站,108.8102783,34.28545971,陕西省,西安市,108.8102783,34.28545971,星星充电汽车充电站(天台八路星星奥达),西安市,汽车相关 充电站,星星充电,3,其他
星星充电汽车充电站(星星充电蚂蚁搬家),汽车相关,充电站,108.8207539,34.26937922,陕西省,西安市,108.8207539,34.26937922,星星充电汽车充电站(星星充电蚂蚁搬家),西安市,汽车相关 充电站,星星充电,2,其他
星星充电汽车充电站(六村堡立交二期),汽车相关,充电站,108.8481013,34.33209086,陕西省,西安市,108.8481013,34.33209086,星星充电汽车充电站(六村堡立交二期),西安市,汽车相关 充电站,星星充电,3,其他
星星充电汽车充电站(贞观路三丰公共),汽车相关,充电站,108.9583362,34.33504502,陕西省,西安市,108.9583362,34.33504502,星星充电汽车充电站(贞观路三丰公共),西安市,汽车相关 充电站,星星充电,2,其他
星星充电汽车充电站(星星安达孙武路),汽车相关,充电站,108.8291361,34.30614443,陕西省,西安市,108.8291361,34.30614443,星星充电汽车充电站(星星安达孙武路),西安市,汽车相关 充电站,星星充电,6,其他
星星充电汽车充电站(陕西博盛汽车贸易有限公司),汽车相关,充电站,108.821244,34.28702126,陕西省,西安市,108.821244,34.28702126,星星充电汽车充电站(陕西博盛汽车贸易有限公司),西安市,汽车相关 充电站,星星充电,7,其他
星星充电汽车充电站(沈家寨大秦温泉养生苑鑫铭洋),汽车相关,充电站,108.833468,34.26543933,陕西省,西安市,108.833468,34.26543933,星星充电汽车充电站(沈家寨大秦温泉养生苑鑫铭洋),西安市,汽车相关 充电站,星星充电,2,其他
星星充电汽车充电站(西安城投新能源凤城五路),汽车相关,充电站,108.9405551,34.32925724,陕西省,西安市,108.9405551,34.32925724,星星充电汽车充电站(西安城投新能源凤城五路),西安市,汽车相关 充电站,星星充电,5,其他
星星充电汽车充电站(西安城投新能源三丰),汽车相关,充电站,108.9583362,34.33504502,陕西省,西安市,108.9583362,34.33504502,星星充电汽车充电站(西安城投新能源三丰),西安市,汽车相关 充电站,星星充电,8,其他
星星充电汽车充电站(省中北站),汽车相关,充电站,108.8456865,34.28304493,陕西省,西安市,108.8456865,34.28304493,星星充电汽车充电站(省中北站),西安市,汽车相关 充电站,星星充电,7,其他
星星充电汽车充电站(六村堡立交),汽车相关,充电站,108.8480723,34.33214387,陕西省,西安市,108.8480723,34.33214387,星星充电汽车充电站(六村堡立交),西安市,汽车相关 充电站,星星充电,2,其他
星星充电汽车充电站(西安交燃北客站),汽车相关,充电站,108.9488282,34.37070373,陕西省,西安市,108.9488282,34.37070373,星星充电汽车充电站(西安交燃北客站),西安市,汽车相关 充电站,星星充电,7,其他
星星充电汽车充电站(西安宣平里),汽车相关,充电站,108.9136999,34.34193578,陕西省,西安市,108.9136999,34.34193578,星星充电汽车充电站(西安宣平里),西安市,汽车相关 充电站,星星充电,7,其他
星星充电汽车充电站(华帝金座11号),汽车相关,充电站,108.9607857,34.3107616,陕西省,西安市,108.9607857,34.3107616,星星充电汽车充电站(华帝金座11号),西安市,汽车相关 充电站,星星充电,7,其他
星星充电汽车充电站(陕西万通客运有限公司),汽车相关,充电站,108.9627843,34.3917494,陕西省,西安市,108.9627843,34.3917494,星星充电汽车充电站(陕西万通客运有限公司),西安市,汽车相关 充电站,星星充电,6,其他
星星充电汽车充电站(太华北路长庆隆都),汽车相关,充电站,108.9720408,34.33046402,陕西省,西安市,108.9720408,34.33046402,星星充电汽车充电站(太华北路长庆隆都),西安市,汽车相关 充电站,星星充电,5,其他
星星充电汽车充电站(尚稷路鸿昊),汽车相关,充电站,108.8740768,34.37237814,陕西省,西安市,108.8740768,34.37237814,星星充电汽车充电站(尚稷路鸿昊),西安市,汽车相关 充电站,星星充电,4,其他
星星充电汽车充电站(三官庙3号),汽车相关,充电站,108.9189365,34.35360871,陕西省,西安市,108.9189365,34.35360871,星星充电汽车充电站(三官庙3号),西安市,汽车相关 充电站,星星充电,4,其他
星星充电汽车充电站(星星盛鑫博瑞欧亚国际二期充电站),汽车相关,充电站,109.0130311,34.33085989,陕西省,西安市,109.0130311,34.33085989,星星充电汽车充电站(星星盛鑫博瑞欧亚国际二期充电站),西安市,汽车相关 充电站,星星充电,2,其他
星星充电汽车充电站(店子村桩群-陕西春雨),汽车相关,充电站,108.9183467,34.35620683,陕西省,西安市,108.9183467,34.35620683,星星充电汽车充电站(店子村桩群-陕西春雨),西安市,汽车相关 充电站,星星充电,7,其他
星星充电汽车充电站(三官庙3号桩群-陕西春雨直流桩群),汽车相关,充电站,108.9161623,34.35584229,陕西省,西安市,108.9161623,34.35584229,星星充电汽车充电站(三官庙3号桩群-陕西春雨直流桩群),西安市,汽车相关 充电站,星星充电,2,其他
星星充电汽车充电站(元鼎路),汽车相关,充电站,108.9506248,34.3686344,陕西省,西安市,108.9506248,34.3686344,星星充电汽车充电站(元鼎路),西安市,汽车相关 充电站,星星充电,6,其他
星星充电汽车充电站(聚动力),汽车相关,充电站,108.9049151,34.33143657,陕西省,西安市,108.9049151,34.33143657,星星充电汽车充电站(聚动力),西安市,汽车相关 充电站,星星充电,6,其他
星星充电汽车充电站(小沃充电凤城十二路一期),汽车相关,充电站,108.9396214,34.35818246,陕西省,西安市,108.9396214,34.35818246,星星充电汽车充电站(小沃充电凤城十二路一期),西安市,汽车相关 充电站,星星充电,3,其他
星星充电汽车充电站(未央湖大酒店),汽车相关,充电站,108.9811805,34.40475311,陕西省,西安市,108.9811805,34.40475311,星星充电汽车充电站(未央湖大酒店),西安市,汽车相关 充电站,星星充电,6,其他
星星充电汽车充电站(发展大厦),汽车相关,充电站,109.006284,34.3387078,陕西省,西安市,109.006284,34.3387078,星星充电汽车充电站(发展大厦),西安市,汽车相关 充电站,星星充电,3,其他
星星充电汽车充电站(三官庙1号),汽车相关,充电站,108.9181837,34.35360686,陕西省,西安市,108.9181837,34.35360686,星星充电汽车充电站(三官庙1号),西安市,汽车相关 充电站,星星充电,5,其他
星星充电汽车充电站(三官庙4号),汽车相关,充电站,108.9162642,34.35578727,陕西省,西安市,108.9162642,34.35578727,星星充电汽车充电站(三官庙4号),西安市,汽车相关 充电站,星星充电,2,其他
星星充电汽车充电站(三官庙2号),汽车相关,充电站,108.9157874,34.35562937,陕西省,西安市,108.9157874,34.35562937,星星充电汽车充电站(三官庙2号),西安市,汽车相关 充电站,星星充电,8,其他
星星充电汽车充电站(星星汉城湖),汽车相关,充电站,108.9165502,34.30544513,陕西省,西安市,108.9165502,34.30544513,星星充电汽车充电站(星星汉城湖),西安市,汽车相关 充电站,星星充电,5,其他
星星充电汽车充电站(广泰门),汽车相关,充电站,109.0135461,34.31114688,陕西省,西安市,109.0135461,34.31114688,星星充电汽车充电站(广泰门),西安市,汽车相关 充电站,星星充电,6,其他
星星充电汽车充电站(小沃充电凤城十二路充电站二期),汽车相关,充电站,108.9392214,34.35805554,陕西省,西安市,108.9392214,34.35805554,星星充电汽车充电站(小沃充电凤城十二路充电站二期),西安市,汽车相关 充电站,星星充电,5,其他
星星充电汽车充电站(恒联众一吴高墙),汽车相关,充电站,108.9139858,34.34949973,陕西省,西安市,108.9139858,34.34949973,星星充电汽车充电站(恒联众一吴高墙),西安市,汽车相关 充电站,星星充电,5,其他
星星充电汽车充电站(恒联众一喜事会站),汽车相关,充电站,108.8993294,34.32607267,陕西省,西安市,108.8993294,34.32607267,星星充电汽车充电站(恒联众一喜事会站),西安市,汽车相关 充电站,星星充电,5,其他
星星充电汽车充电站(西安城投新能源草滩十路社会开放),汽车相关,充电站,108.8581493,34.35623807,陕西省,西安市,108.8581493,34.35623807,星星充电汽车充电站(西安城投新能源草滩十路社会开放),西安市,汽车相关 充电站,星星充电,6,其他
星星充电汽车充电站(凤城十二路),汽车相关,充电站,108.9392304,34.35812454,陕西省,西安市,108.9392304,34.35812454,星星充电汽车充电站(凤城十二路),西安市,汽车相关 充电站,星星充电,8,其他
星星充电汽车充电站(广泰门充电站),汽车相关,充电站,109.0135081,34.31020388,陕西省,西安市,109.0135081,34.31020388,星星充电汽车充电站(广泰门充电站),西安市,汽车相关 充电站,星星充电,7,其他
星星充电汽车充电站(北三环朱宏路),汽车相关,充电站,108.9123042,34.3608131,陕西省,西安市,108.9123042,34.3608131,星星充电汽车充电站(北三环朱宏路),西安市,汽车相关 充电站,星星充电,5,其他
星星充电汽车充电站(西安之星-奔驰星驿站扫码待开放),汽车相关,充电站,108.9367831,34.32909998,陕西省,西安市,108.9367831,34.32909998,星星充电汽车充电站(西安之星-奔驰星驿站扫码待开放),西安市,汽车相关 充电站,星星充电,3,其他
星星充电汽车充电站(恒联众一喜事会),汽车相关,充电站,108.8979618,34.32605493,陕西省,西安市,108.8979618,34.32605493,星星充电汽车充电站(恒联众一喜事会),西安市,汽车相关 充电站,星星充电,6,其他
星星充电汽车充电站(星星充电-为溪青龙寺超充站),汽车相关,充电站,108.9933725,34.23108099,陕西省,西安市,108.9933725,34.23108099,星星充电汽车充电站(星星充电-为溪青龙寺超充站),西安市,汽车相关 充电站,星星充电,5,其他
星星充电汽车充电站(傅村停车场社会充电站2期),汽车相关,充电站,108.8838189,34.18415628,陕西省,西安市,108.8838189,34.18415628,星星充电汽车充电站(傅村停车场社会充电站2期),西安市,汽车相关 充电站,星星充电,8,其他
星星充电汽车充电站(美丽充星耀极速城南美筑超充站),汽车相关,充电站,108.9255489,34.2053071,陕西省,西安市,108.9255489,34.2053071,星星充电汽车充电站(美丽充星耀极速城南美筑超充站),西安市,汽车相关 充电站,星星充电,7,其他
星星充电汽车充电站(明德门遗址公园),汽车相关,充电站,108.9417769,34.20485682,陕西省,西安市,108.9417769,34.20485682,星星充电汽车充电站(明德门遗址公园),西安市,汽车相关 充电站,星星充电,6,其他
星星充电汽车充电站(明德门遗址公园充电站),汽车相关,充电站,108.9424587,34.20478569,陕西省,西安市,108.9424587,34.20478569,星星充电汽车充电站(明德门遗址公园充电站),西安市,汽车相关 充电站,星星充电,4,其他
星星充电汽车充电站(灞能星星充电雁鸣湖超充站),汽车相关,充电站,109.046517,34.21639198,陕西省,西安市,109.046517,34.21639198,星星充电汽车充电站(灞能星星充电雁鸣湖超充站),西安市,汽车相关 充电站,星星充电,7,其他
星星充电汽车充电站(新植物园),汽车相关,充电站,109.026218,34.2079315,陕西省,西安市,109.026218,34.2079315,星星充电汽车充电站(新植物园),西安市,汽车相关 充电站,星星充电,3,其他
星星充电汽车充电站(星星咸宁路柏林新能源),汽车相关,充电站,109.0310205,34.25101599,陕西省,西安市,109.0310205,34.25101599,星星充电汽车充电站(星星咸宁路柏林新能源),西安市,汽车相关 充电站,星星充电,5,其他
星星充电汽车充电站(西安交燃东仪路),汽车相关,充电站,108.9265856,34.18738786,陕西省,西安市,108.9265856,34.18738786,星星充电汽车充电站(西安交燃东仪路),西安市,汽车相关 充电站,星星充电,8,其他
星星充电汽车充电站(星星咸宁路柏林新能源充电站二期),汽车相关,充电站,109.0392217,34.25126695,陕西省,西安市,109.0392217,34.25126695,星星充电汽车充电站(星星咸宁路柏林新能源充电站二期),西安市,汽车相关 充电站,星星充电,4,其他
星星充电汽车充电站(星星充电-创原超充高新万达华为全液冷示范站),汽车相关,充电站,108.8918002,34.20820891,陕西省,西安市,108.8918002,34.20820891,星星充电汽车充电站(星星充电-创原超充高新万达华为全液冷示范站),西安市,汽车相关 充电站,星星充电,8,其他
星星充电汽车充电站(高科众源时代广场充电站),汽车相关,充电站,108.8815684,34.2128337,陕西省,西安市,108.8815684,34.2128337,星星充电汽车充电站(高科众源时代广场充电站),西安市,汽车相关 充电站,星星充电,4,其他
星星充电汽车充电站(星星科飞工业园),汽车相关,充电站,108.8488042,34.19134358,陕西省,西安市,108.8488042,34.19134358,星星充电汽车充电站(星星科飞工业园),西安市,汽车相关 充电站,星星充电,6,其他
星星充电汽车充电站(星耀极速龙城铭园),汽车相关,充电站,108.8722611,34.22832515,陕西省,西安市,108.8722611,34.22832515,星星充电汽车充电站(星耀极速龙城铭园),西安市,汽车相关 充电站,星星充电,4,其他
星星充电汽车充电站(众成爱充立人科技园充电站),汽车相关,充电站,108.8768713,34.21861646,陕西省,西安市,108.8768713,34.21861646,星星充电汽车充电站(众成爱充立人科技园充电站),西安市,汽车相关 充电站,星星充电,3,其他
星星充电汽车充电站(丈八北路汇鑫),汽车相关,充电站,108.8719282,34.23917021,陕西省,西安市,108.8719282,34.23917021,星星充电汽车充电站(丈八北路汇鑫),西安市,汽车相关 充电站,星星充电,3,其他
星星充电汽车充电站(保利天悦DK-2),汽车相关,充电站,108.8899806,34.22018425,陕西省,西安市,108.8899806,34.22018425,星星充电汽车充电站(保利天悦DK-2),西安市,汽车相关 充电站,星星充电,2,其他
星星充电汽车充电站(华朗西三环),汽车相关,充电站,108.8440926,34.21810891,陕西省,西安市,108.8440926,34.21810891,星星充电汽车充电站(华朗西三环),西安市,汽车相关 充电站,星星充电,3,其他
星星充电汽车充电站(西安陆院崇业路小区),汽车相关,充电站,108.9355104,34.22630308,陕西省,西安市,108.9355104,34.22630308,星星充电汽车充电站(西安陆院崇业路小区),西安市,汽车相关 充电站,星星充电,7,其他
星星充电汽车充电站(华鼎国际),汽车相关,充电站,108.8799077,34.21203997,陕西省,西安市,108.8799077,34.21203997,星星充电汽车充电站(华鼎国际),西安市,汽车相关 充电站,星星充电,4,其他
星星充电汽车充电站(高科众源智慧园),汽车相关,充电站,108.8638145,34.19450619,陕西省,西安市,108.8638145,34.19450619,星星充电汽车充电站(高科众源智慧园),西安市,汽车相关 充电站,星星充电,3,其他
星星充电汽车充电站(西安报业星星),汽车相关,充电站,108.8488142,34.18920558,陕西省,西安市,108.8488142,34.18920558,星星充电汽车充电站(西安报业星星),西安市,汽车相关 充电站,星星充电,6,其他
星星充电汽车充电站(丈八北路汇鑫充电站院内),汽车相关,充电站,108.8718802,34.23907422,陕西省,西安市,108.8718802,34.23907422,星星充电汽车充电站(丈八北路汇鑫充电站院内),西安市,汽车相关 充电站,星星充电,8,其他
星星充电汽车充电站(西安高新区智慧园电动汽车),汽车相关,充电站,108.8639494,34.19490917,陕西省,西安市,108.8639494,34.19490917,星星充电汽车充电站(西安高新区智慧园电动汽车),西安市,汽车相关 充电站,星星充电,8,其他
星星充电汽车充电站(陕西春雨新能源-西安烈士陵园),汽车相关,充电站,108.9325281,34.20675467,陕西省,西安市,108.9325281,34.20675467,星星充电汽车充电站(陕西春雨新能源-西安烈士陵园),西安市,汽车相关 充电站,星星充电,2,其他
星星充电汽车充电站(西安利之星-奔驰星驿站扫码待开放),汽车相关,充电站,108.8679848,34.20546169,陕西省,西安市,108.8679848,34.20546169,星星充电汽车充电站(西安利之星-奔驰星驿站扫码待开放),西安市,汽车相关 充电站,星星充电,8,其他
星星充电汽车充电站(傅村停车场社会),汽车相关,充电站,108.883484,34.18411434,陕西省,西安市,108.883484,34.18411434,星星充电汽车充电站(傅村停车场社会),西安市,汽车相关 充电站,星星充电,4,其他
星星充电汽车充电站(田家湾),汽车相关,充电站,109.0455178,34.24675985,陕西省,西安市,109.0455178,34.24675985,星星充电汽车充电站(田家湾),西安市,汽车相关 充电站,星星充电,2,其他
星星充电汽车充电站(西安交燃丈八北路),汽车相关,充电站,108.8715253,34.24972428,陕西省,西安市,108.8715253,34.24972428,星星充电汽车充电站(西安交燃丈八北路),西安市,汽车相关 充电站,星星充电,4,其他
星星充电汽车充电站(大寨路),汽车相关,充电站,108.866864,34.2437029,陕西省,西安市,108.866864,34.2437029,星星充电汽车充电站(大寨路),西安市,汽车相关 充电站,星星充电,6,其他
星星充电汽车充电站(比亚迪西安高新店内部专用),汽车相关,充电站,108.8434676,34.21006893,陕西省,西安市,108.8434676,34.21006893,星星充电汽车充电站(比亚迪西安高新店内部专用),西安市,汽车相关 充电站,星星充电,2,其他
星星充电汽车充电站(西安曲江康桥学校),汽车相关,充电站,109.0102721,34.20144469,陕西省,西安市,109.0102721,34.20144469,星星充电汽车充电站(西安曲江康桥学校),西安市,汽车相关 充电站,星星充电,5,其他
星星充电汽车充电站(星星环普软件新城),汽车相关,充电站,108.8434076,34.20947493,陕西省,西安市,108.8434076,34.20947493,星星充电汽车充电站(星星环普软件新城),西安市,汽车相关 充电站,星星充电,7,其他
星星充电汽车充电站(华皖电子正街二期),汽车相关,充电站,108.9169541,34.17484085,陕西省,西安市,108.9169541,34.17484085,星星充电汽车充电站(华皖电子正街二期),西安市,汽车相关 充电站,星星充电,7,其他
星星充电汽车充电站(星星咸宁路柏林新能源二期),汽车相关,充电站,109.0310265,34.25084899,陕西省,西安市,109.0310265,34.25084899,星星充电汽车充电站(星星咸宁路柏林新能源二期),西安市,汽车相关 充电站,星星充电,4,其他
星星充电汽车充电站(昆明路),汽车相关,充电站,108.8548566,34.25179321,陕西省,西安市,108.8548566,34.25179321,星星充电汽车充电站(昆明路),西安市,汽车相关 充电站,星星充电,8,其他
星星充电汽车充电站(华皖电子正街充电站一期),汽车相关,充电站,108.9169651,34.17487685,陕西省,西安市,108.9169651,34.17487685,星星充电汽车充电站(华皖电子正街充电站一期),西安市,汽车相关 充电站,星星充电,5,其他
星星充电汽车充电站(田家湾星星嘉塬智多),汽车相关,充电站,109.0475782,34.24648718,陕西省,西安市,109.0475782,34.24648718,星星充电汽车充电站(田家湾星星嘉塬智多),西安市,汽车相关 充电站,星星充电,2,其他
星星充电汽车充电站(浐灞雁鸣湖站),汽车相关,充电站,109.046544,34.21642198,陕西省,西安市,109.046544,34.21642198,星星充电汽车充电站(浐灞雁鸣湖站),西安市,汽车相关 充电站,星星充电,5,其他
星星充电汽车充电站(田家湾站),汽车相关,充电站,109.0476752,34.24645719,陕西省,西安市,109.0476752,34.24645719,星星充电汽车充电站(田家湾站),西安市,汽车相关 充电站,星星充电,5,其他
星星充电汽车充电站(星星充电阎良客运站),汽车相关,充电站,109.2737633,34.66230497,陕西省,西安市,109.2737633,34.66230497,星星充电汽车充电站(星星充电阎良客运站),西安市,汽车相关 充电站,星星充电,8,其他
星星充电汽车充电站(西安临潼蓝天加气),汽车相关,充电站,109.1931607,34.37151156,陕西省,西安市,109.1931607,34.37151156,星星充电汽车充电站(西安临潼蓝天加气),西安市,汽车相关 充电站,星星充电,2,其他
星星充电汽车充电站(星星临潼区晟方交流桩群),汽车相关,充电站,109.2176104,34.39260383,陕西省,西安市,109.2176104,34.39260383,星星充电汽车充电站(星星临潼区晟方交流桩群),西安市,汽车相关 充电站,星星充电,6,其他
星星充电汽车充电站(陕西全通临潼桩群-陕西春雨交流桩群),汽车相关,充电站,109.2192142,34.38190557,陕西省,西安市,109.2192142,34.38190557,星星充电汽车充电站(陕西全通临潼桩群-陕西春雨交流桩群),西安市,汽车相关 充电站,星星充电,8,其他
星星充电汽车充电站(陕西国铁西安铁路局东车辆段),汽车相关,充电站,109.253054,34.41976861,陕西省,西安市,109.253054,34.41976861,星星充电汽车充电站(陕西国铁西安铁路局东车辆段),西安市,汽车相关 充电站,星星充电,5,其他
星星充电汽车充电站(星星临潼区晟方集中式快速),汽车相关,充电站,109.2175304,34.39288884,陕西省,西安市,109.2175304,34.39288884,星星充电汽车充电站(星星临潼区晟方集中式快速),西安市,汽车相关 充电站,星星充电,5,其他
星星充电汽车充电站(星星充电-易充科技西安马王街道新庄),汽车相关,充电站,108.6802379,34.21065181,陕西省,西安市,108.6802379,34.21065181,星星充电汽车充电站(星星充电-易充科技西安马王街道新庄),西安市,汽车相关 充电站,星星充电,6,其他
星星充电汽车充电站(星星充电-西咸新区瑞欣盛新能源汽车),汽车相关,充电站,108.7059456,34.25908942,陕西省,西安市,108.7059456,34.25908942,星星充电汽车充电站(星星充电-西咸新区瑞欣盛新能源汽车),西安市,汽车相关 充电站,星星充电,5,其他
星星充电汽车充电站(星星充电-易充科技西安上泉村),汽车相关,充电站,108.7715017,34.23995381,陕西省,西安市,108.7715017,34.23995381,星星充电汽车充电站(星星充电-易充科技西安上泉村),西安市,汽车相关 充电站,星星充电,5,其他
星星充电汽车充电站(星星充电长兴路),汽车相关,充电站,108.9392505,34.17047527,陕西省,西安市,108.9392505,34.17047527,星星充电汽车充电站(星星充电长兴路),西安市,汽车相关 充电站,星星充电,5,其他
星星充电汽车充电站(星星充电子午大道超充站),汽车相关,充电站,108.8972669,34.10093875,陕西省,西安市,108.8972669,34.10093875,星星充电汽车充电站(星星充电子午大道超充站),西安市,汽车相关 充电站,星星充电,7,其他
星星充电汽车充电站(星星充电-易充科技西安长安斗门街道北街十字),汽车相关,充电站,108.7519077,34.21565035,陕西省,西安市,108.7519077,34.21565035,星星充电汽车充电站(星星充电-易充科技西安长安斗门街道北街十字),西安市,汽车相关 充电站,星星充电,8,其他
星星充电汽车充电站(星星充电-易充科技西安市灵沼村委会超充站),汽车相关,充电站,108.7273978,34.16038911,陕西省,西安市,108.7273978,34.16038911,星星充电汽车充电站(星星充电-易充科技西安市灵沼村委会超充站),西安市,汽车相关 充电站,星星充电,3,其他
星星充电汽车充电站(星星充电-硬科技产业园二区充电站),汽车相关,充电站,108.8001203,34.16295666,陕西省,西安市,108.8001203,34.16295666,星星充电汽车充电站(星星充电-硬科技产业园二区充电站),西安市,汽车相关 充电站,星星充电,8,其他
星星充电汽车充电站(王寺优能),汽车相关,充电站,108.8012965,34.2543269,陕西省,西安市,108.8012965,34.2543269,星星充电汽车充电站(王寺优能),西安市,汽车相关 充电站,星星充电,6,其他
星星充电汽车充电站(王寺),汽车相关,充电站,108.8000723,34.2666148,陕西省,西安市,108.8000723,34.2666148,星星充电汽车充电站(王寺),西安市,汽车相关 充电站,星星充电,5,其他
星星充电汽车充电站(长安泓博星公共),汽车相关,充电站,108.9127272,34.15920871,陕西省,西安市,108.9127272,34.15920871,星星充电汽车充电站(长安泓博星公共),西安市,汽车相关 充电站,星星充电,8,其他
星星充电汽车充电站(清凉寺居心止苑),汽车相关,充电站,108.9279903,34.17230455,陕西省,西安市,108.9279903,34.17230455,星星充电汽车充电站(清凉寺居心止苑),西安市,汽车相关 充电站,星星充电,7,其他
星星充电汽车充电站(城投新能源长安区泓博星公共站),汽车相关,充电站,108.9127242,34.15920871,陕西省,西安市,108.9127242,34.15920871,星星充电汽车充电站(城投新能源长安区泓博星公共站),西安市,汽车相关 充电站,星星充电,6,其他
星星充电汽车充电站(比亚迪西安旗舰店内部专用),汽车相关,充电站,108.8453675,34.18076579,陕西省,西安市,108.8453675,34.18076579,星星充电汽车充电站(比亚迪西安旗舰店内部专用),西安市,汽车相关 充电站,星星充电,4,其他
星星充电汽车充电站(星星正步能源创汇社区),汽车相关,充电站,108.824952,34.18235219,陕西省,西安市,108.824952,34.18235219,星星充电汽车充电站(星星正步能源创汇社区),西安市,汽车相关 充电站,星星充电,8,其他
星星充电汽车充电站(上北良北一街充电桩),汽车相关,充电站,108.8959003,34.10054601,陕西省,西安市,108.8959003,34.10054601,星星充电汽车充电站(上北良北一街充电桩),西安市,汽车相关 充电站,星星充电,4,其他
星星充电汽车充电站(高科酒店),汽车相关,充电站,108.8179888,34.03859483,陕西省,西安市,108.8179888,34.03859483,星星充电汽车充电站(高科酒店),西安市,汽车相关 充电站,星星充电,5,其他
星星充电汽车充电站(硬科技社区),汽车相关,充电站,108.8031877,34.16650896,陕西省,西安市,108.8031877,34.16650896,星星充电汽车充电站(硬科技社区),西安市,汽车相关 充电站,星星充电,7,其他
星星充电汽车充电站(樊川路金源),汽车相关,充电站,108.9496411,34.14823229,陕西省,西安市,108.9496411,34.14823229,星星充电汽车充电站(樊川路金源),西安市,汽车相关 充电站,星星充电,7,其他
星星充电汽车充电站(陕西信天游),汽车相关,充电站,108.8546556,34.1725061,陕西省,西安市,108.8546556,34.1725061,星星充电汽车充电站(陕西信天游),西安市,汽车相关 充电站,星星充电,8,其他
星星充电汽车充电站(星星长安滦镇公园),汽车相关,充电站,108.824,34.06827304,陕西省,西安市,108.824,34.06827304,星星充电汽车充电站(星星长安滦镇公园),西安市,汽车相关 充电站,星星充电,6,其他
星星充电汽车充电站(华皖电子正街),汽车相关,充电站,108.9179178,34.17415665,陕西省,西安市,108.9179178,34.17415665,星星充电汽车充电站(华皖电子正街),西安市,汽车相关 充电站,星星充电,6,其他
星星充电汽车充电站(理想动力新能源),汽车相关,充电站,108.950106,34.1449632,陕西省,西安市,108.950106,34.1449632,星星充电汽车充电站(理想动力新能源),西安市,汽车相关 充电站,星星充电,7,其他
星星充电汽车充电站(高陵区昭慧天街站),汽车相关,充电站,109.0999064,34.52303657,陕西省,西安市,109.0999064,34.52303657,星星充电汽车充电站(高陵区昭慧天街站),西安市,汽车相关 充电站,星星充电,6,其他
星星充电汽车充电站(桑家村),汽车相关,充电站,109.027146,34.5040049,陕西省,西安市,109.027146,34.5040049,星星充电汽车充电站(桑家村),西安市,汽车相关 充电站,星星充电,7,其他
星星充电汽车充电站(内部专用高陵区交通局),汽车相关,充电站,109.0955752,34.53363558,陕西省,西安市,109.0955752,34.53363558,星星充电汽车充电站(内部专用高陵区交通局),西安市,汽车相关 充电站,星星充电,8,其他
星星充电汽车充电站(供应商汽车充电站不对外开放高陵区交通局充电站),汽车相关,充电站,109.0955752,34.53363358,陕西省,西安市,109.0955752,34.53363358,星星充电汽车充电站(供应商汽车充电站不对外开放高陵区交通局充电站),西安市,汽车相关 充电站,星星充电,3,其他
星星充电汽车充电站(内部专用星星充电高陵西街鹿苑街道站),汽车相关,充电站,109.0861236,34.53620539,陕西省,西安市,109.0861236,34.53620539,星星充电汽车充电站(内部专用星星充电高陵西街鹿苑街道站),西安市,汽车相关 充电站,星星充电,7,其他
星星充电汽车充电站(星星高陵君发行),汽车相关,充电站,109.1014268,34.53823892,陕西省,西安市,109.1014268,34.53823892,星星充电汽车充电站(星星高陵君发行),西安市,汽车相关 充电站,星星充电,4,其他
星星充电汽车充电站(坡任星星柔性充电桩群),汽车相关,充电站,109.0060069,34.50700799,陕西省,西安市,109.0060069,34.50700799,星星充电汽车充电站(坡任星星柔性充电桩群),西安市,汽车相关 充电站,星星充电,6,其他
星星充电汽车充电站(高陵城管局),汽车相关,充电站,109.0847072,34.54164207,陕西省,西安市,109.0847072,34.54164207,星星充电汽车充电站(高陵城管局),西安市,汽车相关 充电站,星星充电,7,其他
星星充电汽车充电站(高陵尊龙实业),汽车相关,充电站,109.0349529,34.48459067,陕西省,西安市,109.0349529,34.48459067,星星充电汽车充电站(高陵尊龙实业),西安市,汽车相关 充电站,星星充电,7,其他
星星充电汽车充电站(澳秦3号桩群),汽车相关,充电站,108.9833422,34.46713998,陕西省,西安市,108.9833422,34.46713998,星星充电汽车充电站(澳秦3号桩群),西安市,汽车相关 充电站,星星充电,8,其他
星星充电汽车充电站(渭阳九路安家社区),汽车相关,充电站,109.0886503,34.50768896,陕西省,西安市,109.0886503,34.50768896,星星充电汽车充电站(渭阳九路安家社区),西安市,汽车相关 充电站,星星充电,6,其他
星星充电汽车充电站(特充丰京路),汽车相关,充电站,108.6272189,34.10777661,陕西省,西安市,108.6272189,34.10777661,星星充电汽车充电站(特充丰京路),西安市,汽车相关 充电站,星星充电,3,其他
星星充电汽车充电站(涝店街道永安村吴俊红邑充),汽车相关,充电站,108.5173035,34.20833684,陕西省,西安市,108.5173035,34.20833684,星星充电汽车充电站(涝店街道永安村吴俊红邑充),西安市,汽车相关 充电站,星星充电,8,其他
星星充电汽车充电站(西安泰华机械公司-博唐祥云),汽车相关,充电站,108.5939614,34.07589456,陕西省,西安市,108.5939614,34.07589456,星星充电汽车充电站(西安泰华机械公司-博唐祥云),西安市,汽车相关 充电站,星星充电,3,其他
星星充电汽车充电站(玉蝉镇曲抱村王建平-博唐祥云),汽车相关,充电站,108.5714469,34.09748904,陕西省,西安市,108.5714469,34.09748904,星星充电汽车充电站(玉蝉镇曲抱村王建平-博唐祥云),西安市,汽车相关 充电站,星星充电,8,其他
星星充电汽车充电站(星星充电-特充西韩村),汽车相关,充电站,108.603682,34.12569371,陕西省,西安市,108.603682,34.12569371,星星充电汽车充电站(星星充电-特充西韩村),西安市,汽车相关 充电站,星星充电,6,其他
星星充电汽车充电站(鄠邑区景区管理局2-博唐祥云闪电口),汽车相关,充电站,108.7147178,33.99850621,陕西省,西安市,108.7147178,33.99850621,星星充电汽车充电站(鄠邑区景区管理局2-博唐祥云闪电口),西安市,汽车相关 充电站,星星充电,2,其他
星星充电汽车充电站(鄠邑区便民充电服务中心),汽车相关,充电站,108.6288157,34.10424436,陕西省,西安市,108.6288157,34.10424436,星星充电汽车充电站(鄠邑区便民充电服务中心),西安市,汽车相关 充电站,星星充电,6,其他
星星充电汽车充电站(鄠邑区家福花园1号),汽车相关,充电站,108.6262091,34.11194176,陕西省,西安市,108.6262091,34.11194176,星星充电汽车充电站(鄠邑区家福花园1号),西安市,汽车相关 充电站,星星充电,6,其他
星星充电汽车充电站(鄠邑区家福花园2号),汽车相关,充电站,108.626819,34.11197067,陕西省,西安市,108.626819,34.11197067,星星充电汽车充电站(鄠邑区家福花园2号),西安市,汽车相关 充电站,星星充电,3,其他
星星充电汽车充电站(鄠邑区家福花园3号),汽车相关,充电站,108.6266691,34.11200669,陕西省,西安市,108.6266691,34.11200669,星星充电汽车充电站(鄠邑区家福花园3号),西安市,汽车相关 充电站,星星充电,3,其他
星星充电汽车充电站(鄠邑区家福花园4号),汽车相关,充电站,108.6274359,34.11222858,陕西省,西安市,108.6274359,34.11222858,星星充电汽车充电站(鄠邑区家福花园4号),西安市,汽车相关 充电站,星星充电,6,其他
星星充电汽车充电站(白虎村刘艳杰-博唐祥云闪电口),汽车相关,充电站,108.6147585,34.05521661,陕西省,西安市,108.6147585,34.05521661,星星充电汽车充电站(白虎村刘艳杰-博唐祥云闪电口),西安市,汽车相关 充电站,星星充电,6,其他
星星充电汽车充电站(甘亭街道北街马占-博唐祥云),汽车相关,充电站,108.5942463,34.11227654,陕西省,西安市,108.5942463,34.11227654,星星充电汽车充电站(甘亭街道北街马占-博唐祥云),西安市,汽车相关 充电站,星星充电,6,其他
星星充电汽车充电站(蓝田县马河村马元杰-博唐祥云闪电口),汽车相关,充电站,108.6153754,34.05587451,陕西省,西安市,108.6153754,34.05587451,星星充电汽车充电站(蓝田县马河村马元杰-博唐祥云闪电口),西安市,汽车相关 充电站,星星充电,3,其他
星星充电汽车充电站(秦镇街道正庄村张旭辉邑充),汽车相关,充电站,108.7138726,34.13800618,陕西省,西安市,108.7138726,34.13800618,星星充电汽车充电站(秦镇街道正庄村张旭辉邑充),西安市,汽车相关 充电站,星星充电,6,其他
星星充电汽车充电站(鄠邑区摇西村-李熊娃),汽车相关,充电站,108.5998309,34.0782384,陕西省,西安市,108.5998309,34.0782384,星星充电汽车充电站(鄠邑区摇西村-李熊娃),西安市,汽车相关 充电站,星星充电,6,其他
星星充电汽车充电站(五竹街道东索村-段文昌),汽车相关,充电站,108.6751899,34.08815065,陕西省,西安市,108.6751899,34.08815065,星星充电汽车充电站(五竹街道东索村-段文昌),西安市,汽车相关 充电站,星星充电,5,其他
星星充电汽车充电站(五竹街道坡头村-赵家印),汽车相关,充电站,108.6503114,34.14118083,陕西省,西安市,108.6503114,34.14118083,星星充电汽车充电站(五竹街道坡头村-赵家印),西安市,汽车相关 充电站,星星充电,2,其他
星星充电汽车充电站(西羊村委会),汽车相关,充电站,108.4839338,34.14854284,陕西省,西安市,108.4839338,34.14854284,星星充电汽车充电站(西羊村委会),西安市,汽车相关 充电站,星星充电,4,其他
星星充电汽车充电站(格家庄闫波-博唐祥云闪电口),汽车相关,充电站,108.5383978,34.12890062,陕西省,西安市,108.5383978,34.12890062,星星充电汽车充电站(格家庄闫波-博唐祥云闪电口),西安市,汽车相关 充电站,星星充电,2,其他
星星充电汽车充电站(景区管理局2号家属楼),汽车相关,充电站,108.4839338,34.14854284,陕西省,西安市,108.4839338,34.14854284,星星充电汽车充电站(景区管理局2号家属楼),西安市,汽车相关 充电站,星星充电,5,其他
星星充电汽车充电站(旧泉坊村委会),汽车相关,充电站,108.4839338,34.14854284,陕西省,西安市,108.4839338,34.14854284,星星充电汽车充电站(旧泉坊村委会),西安市,汽车相关 充电站,星星充电,4,其他
星星充电汽车充电站(羊圈村委会48),汽车相关,充电站,108.4839338,34.14854284,陕西省,西安市,108.4839338,34.14854284,星星充电汽车充电站(羊圈村委会48),西安市,汽车相关 充电站,星星充电,8,其他
星星充电汽车充电站(余下镇中心卫生院-博唐祥云闪电口),汽车相关,充电站,108.6317151,34.06066891,陕西省,西安市,108.6317151,34.06066891,星星充电汽车充电站(余下镇中心卫生院-博唐祥云闪电口),西安市,汽车相关 充电站,星星充电,6,其他
星星充电汽车充电站(涝峪新村200辆车主谢新岳-博唐祥云闪电口),汽车相关,充电站,108.5418512,34.05179006,陕西省,西安市,108.5418512,34.05179006,星星充电汽车充电站(涝峪新村200辆车主谢新岳-博唐祥云闪电口),西安市,汽车相关 充电站,星星充电,5,其他
星星充电汽车充电站(鄠邑区政府),汽车相关,充电站,108.6047698,34.10870648,陕西省,西安市,108.6047698,34.10870648,星星充电汽车充电站(鄠邑区政府),西安市,汽车相关 充电站,星星充电,8,其他
星星充电汽车充电站(蒋村中堡蔺常乐-博唐祥云闪电口),汽车相关,充电站,108.509467,34.07782508,陕西省,西安市,108.509467,34.07782508,星星充电汽车充电站(蒋村中堡蔺常乐-博唐祥云闪电口),西安市,汽车相关 充电站,星星充电,6,其他
星星充电汽车充电站(蒋村镇念庄村高安民-博唐祥云闪电口),汽车相关,充电站,108.5077541,34.05280712,陕西省,西安市,108.5077541,34.05280712,星星充电汽车充电站(蒋村镇念庄村高安民-博唐祥云闪电口),西安市,汽车相关 充电站,星星充电,3,其他
星星充电汽车充电站(崔西村委会),汽车相关,充电站,108.4839338,34.14854284,陕西省,西安市,108.4839338,34.14854284,星星充电汽车充电站(崔西村委会),西安市,汽车相关 充电站,星星充电,7,其他
星星充电汽车充电站(甘河村委会),汽车相关,充电站,108.4839338,34.14854284,陕西省,西安市,108.4839338,34.14854284,星星充电汽车充电站(甘河村委会),西安市,汽车相关 充电站,星星充电,5,其他
星星充电汽车充电站(吕公寨村委会),汽车相关,充电站,108.4839338,34.14854284,陕西省,西安市,108.4839338,34.14854284,星星充电汽车充电站(吕公寨村委会),西安市,汽车相关 充电站,星星充电,3,其他
星星充电汽车充电站(余下镇政府),汽车相关,充电站,108.6153754,34.05587451,陕西省,西安市,108.6153754,34.05587451,星星充电汽车充电站(余下镇政府),西安市,汽车相关 充电站,星星充电,5,其他
星星充电汽车充电站(丈北村委会),汽车相关,充电站,108.4839338,34.14854284,陕西省,西安市,108.4839338,34.14854284,星星充电汽车充电站(丈北村委会),西安市,汽车相关 充电站,星星充电,5,其他
星星充电汽车充电站(赵家堡村委会),汽车相关,充电站,108.4839338,34.14854284,陕西省,西安市,108.4839338,34.14854284,星星充电汽车充电站(赵家堡村委会),西安市,汽车相关 充电站,星星充电,3,其他
星星充电汽车充电站(涝店新村马竞博-博唐祥云闪电口),汽车相关,充电站,108.5561554,34.17235495,陕西省,西安市,108.5561554,34.17235495,星星充电汽车充电站(涝店新村马竞博-博唐祥云闪电口),西安市,汽车相关 充电站,星星充电,4,其他
星星充电汽车充电站(响桥十字),汽车相关,充电站,108.6146035,34.05582164,陕西省,西安市,108.6146035,34.05582164,星星充电汽车充电站(响桥十字),西安市,汽车相关 充电站,星星充电,2,其他
星星充电汽车充电站(祖庵村王高永-博唐祥云闪电口),汽车相关,充电站,108.4978033,34.10665728,陕西省,西安市,108.4978033,34.10665728,星星充电汽车充电站(祖庵村王高永-博唐祥云闪电口),西安市,汽车相关 充电站,星星充电,6,其他
星星充电汽车充电站(东岩村委会),汽车相关,充电站,108.4839338,34.14854284,陕西省,西安市,108.4839338,34.14854284,星星充电汽车充电站(东岩村委会),西安市,汽车相关 充电站,星星充电,5,其他
星星充电汽车充电站(尧东村委会),汽车相关,充电站,108.6153754,34.05587451,陕西省,西安市,108.6153754,34.05587451,星星充电汽车充电站(尧东村委会),西安市,汽车相关 充电站,星星充电,6,其他
星星充电汽车充电站(草堂镇平夏村-博唐祥云闪电口),汽车相关,充电站,108.5880708,34.08457574,陕西省,西安市,108.5880708,34.08457574,星星充电汽车充电站(草堂镇平夏村-博唐祥云闪电口),西安市,汽车相关 充电站,星星充电,7,其他
星星充电汽车充电站(罗什村王鹏飞-博唐祥云),汽车相关,充电站,108.6041349,34.06923758,陕西省,西安市,108.6041349,34.06923758,星星充电汽车充电站(罗什村王鹏飞-博唐祥云),西安市,汽车相关 充电站,星星充电,3,其他
星星充电汽车充电站(平堰下村何欣-博唐祥云闪电口),汽车相关,充电站,108.7137377,34.00038308,陕西省,西安市,108.7137377,34.00038308,星星充电汽车充电站(平堰下村何欣-博唐祥云闪电口),西安市,汽车相关 充电站,星星充电,6,其他
星星充电汽车充电站(桑家堡村王勋-博唐祥云闪电口),汽车相关,充电站,108.5135677,34.0830549,陕西省,西安市,108.5135677,34.0830549,星星充电汽车充电站(桑家堡村王勋-博唐祥云闪电口),西安市,汽车相关 充电站,星星充电,3,其他
星星充电汽车充电站(西坡村田嘉毅-博唐祥云闪电口),汽车相关,充电站,108.5829481,34.11021979,陕西省,西安市,108.5829481,34.11021979,星星充电汽车充电站(西坡村田嘉毅-博唐祥云闪电口),西安市,汽车相关 充电站,星星充电,6,其他
星星充电汽车充电站(新义村王永建-博唐祥云),汽车相关,充电站,108.5597036,34.14275228,陕西省,西安市,108.5597036,34.14275228,星星充电汽车充电站(新义村王永建-博唐祥云),西安市,汽车相关 充电站,星星充电,2,其他
星星充电汽车充电站(元王村熊建辉-博唐祥云闪电口),汽车相关,充电站,108.5565923,34.13385282,陕西省,西安市,108.5565923,34.13385282,星星充电汽车充电站(元王村熊建辉-博唐祥云闪电口),西安市,汽车相关 充电站,星星充电,2,其他
星星充电汽车充电站(郑家庄村候成良-博唐祥云),汽车相关,充电站,108.5440438,34.06770277,陕西省,西安市,108.5440438,34.06770277,星星充电汽车充电站(郑家庄村候成良-博唐祥云),西安市,汽车相关 充电站,星星充电,2,其他
星星充电汽车充电站(小庵村张永康-博唐祥云闪电口),汽车相关,充电站,108.4792215,34.13375849,陕西省,西安市,108.4792215,34.13375849,星星充电汽车充电站(小庵村张永康-博唐祥云闪电口),西安市,汽车相关 充电站,星星充电,2,其他
星星充电汽车充电站(蓝田国鼎),汽车相关,充电站,109.3109945,34.15736335,陕西省,西安市,109.3109945,34.15736335,星星充电汽车充电站(蓝田国鼎),西安市,汽车相关 充电站,星星充电,2,其他
星星充电汽车充电站(汤峪客运站),汽车相关,充电站,109.2171475,34.02315844,陕西省,西安市,109.2171475,34.02315844,星星充电汽车充电站(汤峪客运站),西安市,汽车相关 充电站,星星充电,2,其他
星星充电汽车充电站(蓝田县佘家湾村),汽车相关,充电站,109.253028,34.06627318,陕西省,西安市,109.253028,34.06627318,星星充电汽车充电站(蓝田县佘家湾村),西安市,汽车相关 充电站,星星充电,3,其他
星星充电汽车充电站(蓝田县周家桩群-陕西春雨),汽车相关,充电站,109.189228,34.2245606,陕西省,西安市,109.189228,34.2245606,星星充电汽车充电站(蓝田县周家桩群-陕西春雨),西安市,汽车相关 充电站,星星充电,5,其他
星星充电汽车充电站(星星充电蓝田国鼎充电站),汽车相关,充电站,109.3116105,34.1578583,陕西省,西安市,109.3116105,34.1578583,星星充电汽车充电站(星星充电蓝田国鼎充电站),西安市,汽车相关 充电站,星星充电,6,其他
星星充电汽车充电站(星星充电蓝田国鼎),汽车相关,充电站,109.3116175,34.1578503,陕西省,西安市,109.3116175,34.1578503,星星充电汽车充电站(星星充电蓝田国鼎),西安市,汽车相关 充电站,星星充电,2,其他
星星充电汽车充电站(汤峪温泉景区),汽车相关,充电站,109.225105,34.0178802,陕西省,西安市,109.225105,34.0178802,星星充电汽车充电站(汤峪温泉景区),西安市,汽车相关 充电站,星星充电,3,其他
星星充电汽车充电站(温泉大道),汽车相关,充电站,109.225109,34.0179402,陕西省,西安市,109.225109,34.0179402,星星充电汽车充电站(温泉大道),西安市,汽车相关 充电站,星星充电,3,其他
星星充电汽车充电站(M1农商东街福旺汽车城充电网群),汽车相关,充电站,108.2291269,34.15726632,陕西省,西安市,108.2291269,34.15726632,星星充电汽车充电站(M1农商东街福旺汽车城充电网群),西安市,汽车相关 充电站,星星充电,3,其他
星星充电汽车充电站(星星周至喜神十字),汽车相关,充电站,108.2138377,34.19576959,陕西省,西安市,108.2138377,34.19576959,星星充电汽车充电站(星星周至喜神十字),西安市,汽车相关 充电站,星星充电,5,其他
星星充电汽车充电站(周至县北大门充电站),汽车相关,充电站,108.2071537,34.17138738,陕西省,西安市,108.2071537,34.17138738,星星充电汽车充电站(周至县北大门充电站),西安市,汽车相关 充电站,星星充电,6,其他
星星充电汽车充电站(周至县北大门),汽车相关,充电站,108.2074836,34.17169434,陕西省,西安市,108.2074836,34.17169434,星星充电汽车充电站(周至县北大门),西安市,汽车相关 充电站,星星充电,5,其他
普天汽车充电站(友谊东路中铁第壹国际),汽车相关,充电站,108.9655999,34.24226978,陕西省,西安市,108.9655999,34.24226978,普天汽车充电站(友谊东路中铁第壹国际),西安市,汽车相关 充电站,其他,4,其他
普天汽车充电站(西城出租车充电桩群),汽车相关,充电站,108.9064307,34.27002916,陕西省,西安市,108.9064307,34.27002916,普天汽车充电站(西城出租车充电桩群),西安市,汽车相关 充电站,其他,8,其他
普天汽车充电站(龙首商业街地下),汽车相关,充电站,108.9449331,34.29572734,陕西省,西安市,108.9449331,34.29572734,普天汽车充电站(龙首商业街地下),西安市,汽车相关 充电站,其他,3,其他
普天汽车充电站(省中北出租车),汽车相关,充电站,108.8504081,34.28153262,陕西省,西安市,108.8504081,34.28153262,普天汽车充电站(省中北出租车),西安市,汽车相关 充电站,其他,4,其他
普天汽车充电站(普天锦业路绿地世纪城充电桩群),汽车相关,充电站,108.8740558,34.19419184,陕西省,西安市,108.8740558,34.19419184,普天汽车充电站(普天锦业路绿地世纪城充电桩群),西安市,汽车相关 充电站,其他,7,其他
普天汽车充电站(绿地国际花都),汽车相关,充电站,108.8408228,34.2397471,陕西省,西安市,108.8408228,34.2397471,普天汽车充电站(绿地国际花都),西安市,汽车相关 充电站,其他,2,其他
普天汽车充电站(车城温泉小区南),汽车相关,充电站,108.8150557,34.29103901,陕西省,西安市,108.8150557,34.29103901,普天汽车充电站(车城温泉小区南),西安市,汽车相关 充电站,其他,8,其他
普天汽车充电站(普天站五雁路安远检测站),汽车相关,充电站,109.0118042,34.1777257,陕西省,西安市,109.0118042,34.1777257,普天汽车充电站(普天站五雁路安远检测站),西安市,汽车相关 充电站,其他,2,其他
普天汽车充电站(瑛瑝稼园停车场),汽车相关,充电站,108.6403337,34.0644548,陕西省,西安市,108.6403337,34.0644548,普天汽车充电站(瑛瑝稼园停车场),西安市,汽车相关 充电站,其他,5,其他
极氪能源汽车充电站(ZEEKR Power西安太乙城生活中心极充站),汽车相关,充电站,108.9728017,34.23592281,陕西省,西安市,108.9728017,34.23592281,极氪能源汽车充电站(ZEEKR Power西安太乙城生活中心极充站),西安市,汽车相关 充电站,其他,8,其他
极氪能源汽车充电站(ZEEKR Power西安陕建安装大厦超充站),汽车相关,充电站,108.9384047,34.24346353,陕西省,西安市,108.9384047,34.24346353,极氪能源汽车充电站(ZEEKR Power西安陕建安装大厦超充站),西安市,汽车相关 充电站,其他,6,其他
极氪能源汽车充电站(西安华东万锦城极充站),汽车相关,充电站,108.8718682,34.26026025,陕西省,西安市,108.8718682,34.26026025,极氪能源汽车充电站(西安华东万锦城极充站),西安市,汽车相关 充电站,其他,4,其他
极氪能源汽车充电站(西安浐灞金融城极充站),汽车相关,充电站,109.0373014,34.30275276,陕西省,西安市,109.0373014,34.30275276,极氪能源汽车充电站(西安浐灞金融城极充站),西安市,汽车相关 充电站,其他,6,其他
极氪能源汽车充电站(西安龙湖香醍天街超充站),汽车相关,充电站,109.0384416,34.26229387,陕西省,西安市,109.0384416,34.26229387,极氪能源汽车充电站(西安龙湖香醍天街超充站),西安市,汽车相关 充电站,其他,5,其他
极氪能源汽车充电站(西安一方中港国际极充站),汽车相关,充电站,108.9382587,34.36276374,陕西省,西安市,108.9382587,34.36276374,极氪能源汽车充电站(西安一方中港国际极充站),西安市,汽车相关 充电站,其他,2,其他
极氪能源汽车充电站(西安百寰易达生活中心超充站),汽车相关,充电站,108.9757962,34.31186755,陕西省,西安市,108.9757962,34.31186755,极氪能源汽车充电站(西安百寰易达生活中心超充站),西安市,汽车相关 充电站,其他,8,其他
极氪能源汽车充电站(西安尚北铭城轻充站),汽车相关,充电站,108.9664427,34.38810885,陕西省,西安市,108.9664427,34.38810885,极氪能源汽车充电站(西安尚北铭城轻充站),西安市,汽车相关 充电站,其他,6,其他
极氪能源汽车充电站(ZEEKR Power西安一方中港国际轻充站),汽车相关,充电站,108.9386246,34.36189067,陕西省,西安市,108.9386246,34.36189067,极氪能源汽车充电站(ZEEKR Power西安一方中港国际轻充站),西安市,汽车相关 充电站,其他,6,其他
极氪能源汽车充电站(ZEEKR Power西安一方中港国际极充站),汽车相关,充电站,108.9386286,34.36189066,陕西省,西安市,108.9386286,34.36189066,极氪能源汽车充电站(ZEEKR Power西安一方中港国际极充站),西安市,汽车相关 充电站,其他,2,其他
极氪能源汽车充电站(西安飞阳广场极充站),汽车相关,充电站,108.8428476,34.19883094,陕西省,西安市,108.8428476,34.19883094,极氪能源汽车充电站(西安飞阳广场极充站),西安市,汽车相关 充电站,其他,8,其他
极氪能源汽车充电站(西安立丰城LECITY极充站),汽车相关,充电站,108.9020078,34.19699594,陕西省,西安市,108.9020078,34.19699594,极氪能源汽车充电站(西安立丰城LECITY极充站),西安市,汽车相关 充电站,其他,4,其他
极氪能源汽车充电站(ZEEKR Power西安盈樾国际极充站),汽车相关,充电站,108.8743338,34.1921478,陕西省,西安市,108.8743338,34.1921478,极氪能源汽车充电站(ZEEKR Power西安盈樾国际极充站),西安市,汽车相关 充电站,其他,2,其他
极氪能源汽车充电站(ZEEKR Power西安立丰城LECITY极充站),汽车相关,充电站,108.9018528,34.19729097,陕西省,西安市,108.9018528,34.19729097,极氪能源汽车充电站(ZEEKR Power西安立丰城LECITY极充站),西安市,汽车相关 充电站,其他,6,其他
极氪能源汽车充电站(ZEEKR Power西安立丰城LECITY轻充站),汽车相关,充电站,108.9018528,34.19727797,陕西省,西安市,108.9018528,34.19727797,极氪能源汽车充电站(ZEEKR Power西安立丰城LECITY轻充站),西安市,汽车相关 充电站,其他,4,其他
极氪能源汽车充电站(西安星座广场超充站),汽车相关,充电站,108.9725438,34.17088277,陕西省,西安市,108.9725438,34.17088277,极氪能源汽车充电站(西安星座广场超充站),西安市,汽车相关 充电站,其他,4,其他
比亚迪汽车充电站(城投巴士公司充电站),汽车相关,充电站,108.8850367,34.27539722,陕西省,西安市,108.8850367,34.27539722,比亚迪汽车充电站(城投巴士公司充电站),西安市,汽车相关 充电站,其他,2,其他
比亚迪汽车充电站(米秦路),汽车相关,充电站,109.0190604,34.29757011,陕西省,西安市,109.0190604,34.29757011,比亚迪汽车充电站(米秦路),西安市,汽车相关 充电站,其他,6,其他
比亚迪汽车充电站(城投灞桥湿地公园站),汽车相关,充电站,109.0746195,34.31259754,陕西省,西安市,109.0746195,34.31259754,比亚迪汽车充电站(城投灞桥湿地公园站),西安市,汽车相关 充电站,其他,5,其他
比亚迪汽车充电站(石桥比亚迪汽车城),汽车相关,充电站,108.8457955,34.25347987,陕西省,西安市,108.8457955,34.25347987,比亚迪汽车充电站(石桥比亚迪汽车城),西安市,汽车相关 充电站,其他,6,其他
比亚迪汽车充电站(凤城四路),汽车相关,充电站,108.9348255,34.32636138,陕西省,西安市,108.9348255,34.32636138,比亚迪汽车充电站(凤城四路),西安市,汽车相关 充电站,其他,3,其他
比亚迪汽车充电站(城投充电辛家庙中区),汽车相关,充电站,109.002434,34.31623179,陕西省,西安市,109.002434,34.31623179,比亚迪汽车充电站(城投充电辛家庙中区),西安市,汽车相关 充电站,其他,8,其他
比亚迪汽车充电站(城投充电红旗西路站),汽车相关,充电站,108.9516426,34.35553719,陕西省,西安市,108.9516426,34.35553719,比亚迪汽车充电站(城投充电红旗西路站),西安市,汽车相关 充电站,其他,7,其他
比亚迪汽车充电站(锦业路),汽车相关,充电站,108.8890538,34.19468639,陕西省,西安市,108.8890538,34.19468639,比亚迪汽车充电站(锦业路),西安市,汽车相关 充电站,其他,5,其他
比亚迪汽车充电站(南三环),汽车相关,充电站,108.8777871,34.19053728,陕西省,西安市,108.8777871,34.19053728,比亚迪汽车充电站(南三环),西安市,汽车相关 充电站,其他,4,其他
比亚迪汽车充电站(城投雁鸣湖公交站),汽车相关,充电站,109.0430884,34.22064346,陕西省,西安市,109.0430884,34.22064346,比亚迪汽车充电站(城投雁鸣湖公交站),西安市,汽车相关 充电站,其他,5,其他
特斯拉汽车充电站(民乐园万达),汽车相关,充电站,108.9637432,34.26781908,陕西省,西安市,108.9637432,34.26781908,特斯拉汽车充电站(民乐园万达),西安市,汽车相关 充电站,特斯拉,8,其他
特斯拉汽车充电站(陕西世纪金源大饭店),汽车相关,充电站,109.0107531,34.24350274,陕西省,西安市,109.0107531,34.24350274,特斯拉汽车充电站(陕西世纪金源大饭店),西安市,汽车相关 充电站,特斯拉,4,其他
特斯拉汽车充电站(西安万和城),汽车相关,充电站,108.9946694,34.27915598,陕西省,西安市,108.9946694,34.27915598,特斯拉汽车充电站(西安万和城),西安市,汽车相关 充电站,特斯拉,8,其他
特斯拉汽车充电站(西安悦荟广场),汽车相关,充电站,108.9624734,34.26381327,陕西省,西安市,108.9624734,34.26381327,特斯拉汽车充电站(西安悦荟广场),西安市,汽车相关 充电站,特斯拉,4,其他
特斯拉汽车充电站(西安钟楼希尔顿花园酒店目的地充电站),汽车相关,充电站,108.9430276,34.25569564,陕西省,西安市,108.9430276,34.25569564,特斯拉汽车充电站(西安钟楼希尔顿花园酒店目的地充电站),西安市,汽车相关 充电站,特斯拉,5,其他
特斯拉汽车充电站(西安太乙城),汽车相关,充电站,108.9752314,34.23454152,陕西省,西安市,108.9752314,34.23454152,特斯拉汽车充电站(西安太乙城),西安市,汽车相关 充电站,特斯拉,4,其他
特斯拉汽车充电站(陕西中大国际南大街店),汽车相关,充电站,108.9463568,34.25407201,陕西省,西安市,108.9463568,34.25407201,特斯拉汽车充电站(陕西中大国际南大街店),西安市,汽车相关 充电站,特斯拉,4,其他
特斯拉汽车充电站(西安市新兴广场),汽车相关,充电站,108.9930135,34.26047304,陕西省,西安市,108.9930135,34.26047304,特斯拉汽车充电站(西安市新兴广场),西安市,汽车相关 充电站,特斯拉,3,其他
特斯拉汽车充电站(西安SKP超级站新国标),汽车相关,充电站,108.9477695,34.24710774,陕西省,西安市,108.9477695,34.24710774,特斯拉汽车充电站(西安SKP超级站新国标),西安市,汽车相关 充电站,特斯拉,6,其他
特斯拉汽车充电站(西安喜来登大酒店目的地充电站),汽车相关,充电站,108.9040973,34.26426062,陕西省,西安市,108.9040973,34.26426062,特斯拉汽车充电站(西安喜来登大酒店目的地充电站),西安市,汽车相关 充电站,特斯拉,6,其他
特斯拉汽车充电站(西安老城根G PARK),汽车相关,充电站,108.9174369,34.2849149,陕西省,西安市,108.9174369,34.2849149,特斯拉汽车充电站(西安老城根G PARK),西安市,汽车相关 充电站,特斯拉,7,其他
特斯拉汽车充电站(西安南二环特斯拉中心),汽车相关,充电站,108.9088131,34.24035463,陕西省,西安市,108.9088131,34.24035463,特斯拉汽车充电站(西安南二环特斯拉中心),西安市,汽车相关 充电站,特斯拉,7,其他
特斯拉汽车充电站(西安样飞健身有限公司),汽车相关,充电站,108.9018458,34.28785711,陕西省,西安市,108.9018458,34.28785711,特斯拉汽车充电站(西安样飞健身有限公司),西安市,汽车相关 充电站,特斯拉,3,其他
特斯拉汽车充电站(西安金辉国际广场),汽车相关,充电站,108.8872952,34.24965078,陕西省,西安市,108.8872952,34.24965078,特斯拉汽车充电站(西安金辉国际广场),西安市,汽车相关 充电站,特斯拉,7,其他
特斯拉汽车充电站(西安浐灞特斯拉中心),汽车相关,充电站,109.051654,34.21655383,陕西省,西安市,109.051654,34.21655383,特斯拉汽车充电站(西安浐灞特斯拉中心),西安市,汽车相关 充电站,特斯拉,8,其他
特斯拉汽车充电站(西安浐灞金融城),汽车相关,充电站,109.0373654,34.30239077,陕西省,西安市,109.0373654,34.30239077,特斯拉汽车充电站(西安浐灞金融城),西安市,汽车相关 充电站,特斯拉,5,其他
特斯拉汽车充电站(西安浐灞印象城),汽车相关,充电站,108.9964852,34.30705594,陕西省,西安市,108.9964852,34.30705594,特斯拉汽车充电站(西安浐灞印象城),西安市,汽车相关 充电站,特斯拉,2,其他
特斯拉汽车充电站(西安市熙地港),汽车相关,充电站,108.9446972,34.33863445,陕西省,西安市,108.9446972,34.33863445,特斯拉汽车充电站(西安市熙地港),西安市,汽车相关 充电站,特斯拉,8,其他
特斯拉汽车充电站(西安市大明宫建材家居钻石店),汽车相关,充电站,108.9727417,34.30747791,陕西省,西安市,108.9727417,34.30747791,特斯拉汽车充电站(西安市大明宫建材家居钻石店),西安市,汽车相关 充电站,特斯拉,2,其他
特斯拉汽车充电站(西安经开洲际酒店),汽车相关,充电站,108.9448721,34.33942242,陕西省,西安市,108.9448721,34.33942242,特斯拉汽车充电站(西安经开洲际酒店),西安市,汽车相关 充电站,特斯拉,2,其他
特斯拉汽车充电站(中国电子西安产业园),汽车相关,充电站,108.851377,34.36677869,陕西省,西安市,108.851377,34.36677869,特斯拉汽车充电站(中国电子西安产业园),西安市,汽车相关 充电站,特斯拉,3,其他
特斯拉汽车充电站(西安市水晶新天地),汽车相关,充电站,108.9637432,34.34155319,陕西省,西安市,108.9637432,34.34155319,特斯拉汽车充电站(西安市水晶新天地),西安市,汽车相关 充电站,特斯拉,8,其他
特斯拉汽车充电站(西安名都国际酒店),汽车相关,充电站,108.9469716,34.324809,陕西省,西安市,108.9469716,34.324809,特斯拉汽车充电站(西安名都国际酒店),西安市,汽车相关 充电站,特斯拉,3,其他
特斯拉汽车充电站(西安龙首印象城购物中心),汽车相关,充电站,108.9479474,34.29440477,陕西省,西安市,108.9479474,34.29440477,特斯拉汽车充电站(西安龙首印象城购物中心),西安市,汽车相关 充电站,特斯拉,4,其他
特斯拉汽车充电站(鱼藻路),汽车相关,充电站,108.9495191,34.34291356,陕西省,西安市,108.9495191,34.34291356,特斯拉汽车充电站(鱼藻路),西安市,汽车相关 充电站,特斯拉,2,其他
特斯拉汽车充电站(石桥车城圣保利名车中心),汽车相关,充电站,108.8451555,34.25330391,陕西省,西安市,108.8451555,34.25330391,特斯拉汽车充电站(石桥车城圣保利名车中心),西安市,汽车相关 充电站,特斯拉,5,其他
特斯拉汽车充电站(西安西咸吾悦广场),汽车相关,充电站,108.823628,34.25345727,陕西省,西安市,108.823628,34.25345727,特斯拉汽车充电站(西安西咸吾悦广场),西安市,汽车相关 充电站,特斯拉,7,其他
特斯拉汽车充电站(西安市浐灞艾美酒店),汽车相关,充电站,109.0152262,34.33914098,陕西省,西安市,109.0152262,34.33914098,特斯拉汽车充电站(西安市浐灞艾美酒店),西安市,汽车相关 充电站,特斯拉,5,其他
特斯拉汽车充电站(西安瑞成酒店站),汽车相关,充电站,108.9283742,34.3295457,陕西省,西安市,108.9283742,34.3295457,特斯拉汽车充电站(西安瑞成酒店站),西安市,汽车相关 充电站,特斯拉,7,其他
特斯拉汽车充电站(西安普汇中金国际中心超级站新国标),汽车相关,充电站,108.9378058,34.35275582,陕西省,西安市,108.9378058,34.35275582,特斯拉汽车充电站(西安普汇中金国际中心超级站新国标),西安市,汽车相关 充电站,特斯拉,2,其他
特斯拉汽车充电站(时光文化公园),汽车相关,充电站,108.9100058,34.19862932,陕西省,西安市,108.9100058,34.19862932,特斯拉汽车充电站(时光文化公园),西安市,汽车相关 充电站,特斯拉,2,其他
特斯拉汽车充电站(西安高新益田假日新天地),汽车相关,充电站,108.8832121,34.22022444,陕西省,西安市,108.8832121,34.22022444,特斯拉汽车充电站(西安高新益田假日新天地),西安市,汽车相关 充电站,特斯拉,2,其他
特斯拉汽车充电站(西安永利国际目的地充电站),汽车相关,充电站,108.8839359,34.19045727,陕西省,西安市,108.8839359,34.19045727,特斯拉汽车充电站(西安永利国际目的地充电站),西安市,汽车相关 充电站,特斯拉,3,其他
特斯拉汽车充电站(西安永利国际金融中心),汽车相关,充电站,108.8840319,34.19043826,陕西省,西安市,108.8840319,34.19043826,特斯拉汽车充电站(西安永利国际金融中心),西安市,汽车相关 充电站,特斯拉,8,其他
特斯拉汽车充电站(西安momopark目的地充电站),汽车相关,充电站,108.93327,34.22184253,陕西省,西安市,108.93327,34.22184253,特斯拉汽车充电站(西安momopark目的地充电站),西安市,汽车相关 充电站,特斯拉,7,其他
特斯拉汽车充电站(西安境商未来中心目的地充电站),汽车相关,充电站,108.8902505,34.19298317,陕西省,西安市,108.8902505,34.19298317,特斯拉汽车充电站(西安境商未来中心目的地充电站),西安市,汽车相关 充电站,特斯拉,8,其他
特斯拉汽车充电站(西安小寨银泰城),汽车相关,充电站,108.9409781,34.223362,陕西省,西安市,108.9409781,34.223362,特斯拉汽车充电站(西安小寨银泰城),西安市,汽车相关 充电站,特斯拉,3,其他
特斯拉汽车充电站(西安市城市立方),汽车相关,充电站,108.9374389,34.19408166,陕西省,西安市,108.9374389,34.19408166,特斯拉汽车充电站(西安市城市立方),西安市,汽车相关 充电站,特斯拉,3,其他
特斯拉汽车充电站(西安市特斯拉中大店),汽车相关,充电站,108.8933519,34.22011964,陕西省,西安市,108.8933519,34.22011964,特斯拉汽车充电站(西安市特斯拉中大店),西安市,汽车相关 充电站,特斯拉,6,其他
特斯拉汽车充电站(西安曲江银泰城),汽车相关,充电站,108.9632473,34.20610908,陕西省,西安市,108.9632473,34.20610908,特斯拉汽车充电站(西安曲江银泰城),西安市,汽车相关 充电站,特斯拉,5,其他
特斯拉汽车充电站(曲江银泰城B馆),汽车相关,充电站,108.9645671,34.20690589,陕西省,西安市,108.9645671,34.20690589,特斯拉汽车充电站(曲江银泰城B馆),西安市,汽车相关 充电站,特斯拉,5,其他
特斯拉汽车充电站(西安豪享来温德姆至尊酒店目的地充电站),汽车相关,充电站,108.9659129,34.20531869,陕西省,西安市,108.9659129,34.20531869,特斯拉汽车充电站(西安豪享来温德姆至尊酒店目的地充电站),西安市,汽车相关 充电站,特斯拉,4,其他
特斯拉汽车充电站(西安威斯汀大酒店),汽车相关,充电站,108.9628424,34.21508015,陕西省,西安市,108.9628424,34.21508015,特斯拉汽车充电站(西安威斯汀大酒店),西安市,汽车相关 充电站,特斯拉,3,其他
特斯拉汽车充电站(西安万众国际),汽车相关,充电站,108.9880799,34.19637828,陕西省,西安市,108.9880799,34.19637828,特斯拉汽车充电站(西安万众国际),西安市,汽车相关 充电站,特斯拉,7,其他
特斯拉汽车充电站(西安万科金域国际),汽车相关,充电站,108.8933519,34.22011964,陕西省,西安市,108.8933519,34.22011964,特斯拉汽车充电站(西安万科金域国际),西安市,汽车相关 充电站,特斯拉,6,其他
特斯拉汽车充电站(西安泰华金茂国际),汽车相关,充电站,108.8879021,34.22448764,陕西省,西安市,108.8879021,34.22448764,特斯拉汽车充电站(西安泰华金茂国际),西安市,汽车相关 充电站,特斯拉,6,其他
特斯拉汽车充电站(迈科中心站),汽车相关,充电站,108.8807575,34.19313981,陕西省,西安市,108.8807575,34.19313981,特斯拉汽车充电站(迈科中心站),西安市,汽车相关 充电站,特斯拉,8,其他
特斯拉汽车充电站(西安绿地中心),汽车相关,充电站,108.8807175,34.19416581,陕西省,西安市,108.8807175,34.19416581,特斯拉汽车充电站(西安绿地中心),西安市,汽车相关 充电站,特斯拉,5,其他
特斯拉汽车充电站(永和茶馆),汽车相关,充电站,108.9603119,34.19636952,陕西省,西安市,108.9603119,34.19636952,特斯拉汽车充电站(永和茶馆),西安市,汽车相关 充电站,特斯拉,3,其他
特斯拉汽车充电站(中晶华邑酒店),汽车相关,充电站,108.8824672,34.23069358,陕西省,西安市,108.8824672,34.23069358,特斯拉汽车充电站(中晶华邑酒店),西安市,汽车相关 充电站,特斯拉,4,其他
特斯拉汽车充电站(锦业路),汽车相关,充电站,108.8814874,34.19409669,陕西省,西安市,108.8814874,34.19409669,特斯拉汽车充电站(锦业路),西安市,汽车相关 充电站,特斯拉,3,其他
特斯拉汽车充电站(科技路),汽车相关,充电站,108.8982077,34.23360173,陕西省,西安市,108.8982077,34.23360173,特斯拉汽车充电站(科技路),西安市,汽车相关 充电站,特斯拉,8,其他
特斯拉汽车充电站(西安曲江银泰体验店),汽车相关,充电站,108.9629264,34.20525213,陕西省,西安市,108.9629264,34.20525213,特斯拉汽车充电站(西安曲江银泰体验店),西安市,汽车相关 充电站,特斯拉,2,其他
特斯拉汽车充电站(西安金辉环球广场超级站新国标),汽车相关,充电站,108.965314,34.18221575,陕西省,西安市,108.965314,34.18221575,特斯拉汽车充电站(西安金辉环球广场超级站新国标),西安市,汽车相关 充电站,特斯拉,3,其他
特斯拉汽车充电站(西安大诚行二手名车),汽车相关,充电站,108.8287671,34.23706032,陕西省,西安市,108.8287671,34.23706032,特斯拉汽车充电站(西安大诚行二手名车),西安市,汽车相关 充电站,特斯拉,8,其他
特斯拉汽车充电站(西安米糖主题智能酒店兵马俑华清池店目的地充电站),汽车相关,充电站,109.2173045,34.37428185,陕西省,西安市,109.2173045,34.37428185,特斯拉汽车充电站(西安米糖主题智能酒店兵马俑华清池店目的地充电站),西安市,汽车相关 充电站,特斯拉,2,其他
特斯拉汽车充电站(西安临潼区宜必思酒店目的地充电站),汽车相关,充电站,109.2359508,34.38174377,陕西省,西安市,109.2359508,34.38174377,特斯拉汽车充电站(西安临潼区宜必思酒店目的地充电站),西安市,汽车相关 充电站,特斯拉,2,其他
特斯拉汽车充电站(临潼爱琴海酒店站),汽车相关,充电站,109.1975933,34.3695252,陕西省,西安市,109.1975933,34.3695252,特斯拉汽车充电站(临潼爱琴海酒店站),西安市,汽车相关 充电站,特斯拉,4,其他
特斯拉汽车充电站(西安长兴北路骐骥目的地充电站),汽车相关,充电站,108.9392435,34.17110927,陕西省,西安市,108.9392435,34.17110927,特斯拉汽车充电站(西安长兴北路骐骥目的地充电站),西安市,汽车相关 充电站,特斯拉,7,其他
特斯拉汽车充电站(西安长安万科广场),汽车相关,充电站,108.8975989,34.15859675,陕西省,西安市,108.8975989,34.15859675,特斯拉汽车充电站(西安长安万科广场),西安市,汽车相关 充电站,特斯拉,5,其他
特斯拉汽车充电站(西安阳光天地),汽车相关,充电站,108.86669,34.17082481,陕西省,西安市,108.86669,34.17082481,特斯拉汽车充电站(西安阳光天地),西安市,汽车相关 充电站,特斯拉,3,其他
特来电汽车充电站(咸阳秦都区科源东路充电站),汽车相关,充电站,108.7763997,34.29597269,陕西省,西安市,108.7763997,34.29597269,特来电汽车充电站(咸阳秦都区科源东路充电站),西安市,汽车相关 充电站,特来电,2,其他
特来电汽车充电站(城开新能源充电站),汽车相关,充电站,108.9717318,34.29196801,陕西省,西安市,108.9717318,34.29196801,特来电汽车充电站(城开新能源充电站),西安市,汽车相关 充电站,特来电,3,其他
特来电汽车充电站(西安城东停车楼充电站),汽车相关,充电站,109.0001591,34.26969578,陕西省,西安市,109.0001591,34.26969578,特来电汽车充电站(西安城东停车楼充电站),西安市,汽车相关 充电站,特来电,7,其他
特来电汽车充电站(西安市长乐西路3号火电新村小区),汽车相关,充电站,108.9917906,34.27131712,陕西省,西安市,108.9917906,34.27131712,特来电汽车充电站(西安市长乐西路3号火电新村小区),西安市,汽车相关 充电站,特来电,5,其他
特来电汽车充电站(西安太华南路华润万家),汽车相关,充电站,108.9720858,34.28776096,陕西省,西安市,108.9720858,34.28776096,特来电汽车充电站(西安太华南路华润万家),西安市,汽车相关 充电站,特来电,7,其他
特来电汽车充电站(西北轻工),汽车相关,充电站,108.9989542,34.27074181,陕西省,西安市,108.9989542,34.27074181,特来电汽车充电站(西北轻工),西安市,汽车相关 充电站,特来电,5,其他
特来电汽车充电站(西安金花羊毛衫商贸充电站),汽车相关,充电站,108.9935874,34.26926603,陕西省,西安市,108.9935874,34.26926603,特来电汽车充电站(西安金花羊毛衫商贸充电站),西安市,汽车相关 充电站,特来电,6,其他
特来电汽车充电站(人民体育场),汽车相关,充电站,108.9578923,34.269177,陕西省,西安市,108.9578923,34.269177,特来电汽车充电站(人民体育场),西安市,汽车相关 充电站,特来电,5,其他
特来电汽车充电站(西安城东停车楼),汽车相关,充电站,108.9998031,34.2709858,陕西省,西安市,108.9998031,34.2709858,特来电汽车充电站(西安城东停车楼),西安市,汽车相关 充电站,特来电,4,其他
特来电汽车充电站(特来电长乐公园),汽车相关,充电站,109.006156,34.26115271,陕西省,西安市,109.006156,34.26115271,特来电汽车充电站(特来电长乐公园),西安市,汽车相关 充电站,特来电,7,其他
特来电汽车充电站(民生东二路停车楼),汽车相关,充电站,108.9642821,34.266071,陕西省,西安市,108.9642821,34.266071,特来电汽车充电站(民生东二路停车楼),西安市,汽车相关 充电站,特来电,2,其他
特来电汽车充电站(特来电西安华清学府),汽车相关,充电站,109.0177854,34.24050897,陕西省,西安市,109.0177854,34.24050897,特来电汽车充电站(特来电西安华清学府),西安市,汽车相关 充电站,特来电,6,其他
特来电汽车充电站(西安朝阳国际),汽车相关,充电站,108.9738535,34.26900072,陕西省,西安市,108.9738535,34.26900072,特来电汽车充电站(西安朝阳国际),西安市,汽车相关 充电站,特来电,4,其他
特来电汽车充电站(西安皇城海航酒店),汽车相关,充电站,108.9561027,34.26343329,陕西省,西安市,108.9561027,34.26343329,特来电汽车充电站(西安皇城海航酒店),西安市,汽车相关 充电站,特来电,3,其他
特来电汽车充电站(幸福中路龙建),汽车相关,充电站,109.0186874,34.25138903,陕西省,西安市,109.0186874,34.25138903,特来电汽车充电站(幸福中路龙建),西安市,汽车相关 充电站,特来电,7,其他
特来电汽车充电站(西安理工大家属院充电站),汽车相关,充电站,108.9999791,34.25398577,陕西省,西安市,108.9999791,34.25398577,特来电汽车充电站(西安理工大家属院充电站),西安市,汽车相关 充电站,特来电,8,其他
特来电汽车充电站(西安太乙城充电站),汽车相关,充电站,108.9728007,34.23598781,陕西省,西安市,108.9728007,34.23598781,特来电汽车充电站(西安太乙城充电站),西安市,汽车相关 充电站,特来电,8,其他
特来电汽车充电站(路通路雁塔北路充电站),汽车相关,充电站,108.9627034,34.2383392,陕西省,西安市,108.9627034,34.2383392,特来电汽车充电站(路通路雁塔北路充电站),西安市,汽车相关 充电站,特来电,2,其他
特来电汽车充电站(陕西东尚充电项目),汽车相关,充电站,108.9754323,34.25627052,陕西省,西安市,108.9754323,34.25627052,特来电汽车充电站(陕西东尚充电项目),西安市,汽车相关 充电站,特来电,5,其他
特来电汽车充电站(西安太乙城),汽车相关,充电站,108.9728007,34.23598781,陕西省,西安市,108.9728007,34.23598781,特来电汽车充电站(西安太乙城),西安市,汽车相关 充电站,特来电,2,其他
特来电汽车充电站(西安碑林摩登主场站),汽车相关,充电站,108.9491762,34.23813947,陕西省,西安市,108.9491762,34.23813947,特来电汽车充电站(西安碑林摩登主场站),西安市,汽车相关 充电站,特来电,8,其他
特来电汽车充电站(西安太乙城二期充电桩),汽车相关,充电站,108.9741415,34.23517764,陕西省,西安市,108.9741415,34.23517764,特来电汽车充电站(西安太乙城二期充电桩),西安市,汽车相关 充电站,特来电,3,其他
特来电汽车充电站(西安泰华金汇时代),汽车相关,充电站,108.9229915,34.24410468,陕西省,西安市,108.9229915,34.24410468,特来电汽车充电站(西安泰华金汇时代),西安市,汽车相关 充电站,特来电,6,其他
特来电汽车充电站(西安中铁第壹国际),汽车相关,充电站,108.9654569,34.2417108,陕西省,西安市,108.9654569,34.2417108,特来电汽车充电站(西安中铁第壹国际),西安市,汽车相关 充电站,特来电,6,其他
特来电汽车充电站(特来电绿岛西安博物院),汽车相关,充电站,108.9394454,34.23824532,陕西省,西安市,108.9394454,34.23824532,特来电汽车充电站(特来电绿岛西安博物院),西安市,汽车相关 充电站,特来电,7,其他
特来电汽车充电站(金花国际酒店),汽车相关,充电站,108.9436154,34.25043553,陕西省,西安市,108.9436154,34.25043553,特来电汽车充电站(金花国际酒店),西安市,汽车相关 充电站,特来电,6,其他
特来电汽车充电站(西安第六中学南校区站),汽车相关,充电站,108.9424717,34.24375973,陕西省,西安市,108.9424717,34.24375973,特来电汽车充电站(西安第六中学南校区站),西安市,汽车相关 充电站,特来电,7,其他
特来电汽车充电站(特来电站西安碑林高山流水),汽车相关,充电站,108.9958763,34.25801191,陕西省,西安市,108.9958763,34.25801191,特来电汽车充电站(特来电站西安碑林高山流水),西安市,汽车相关 充电站,特来电,7,其他
特来电汽车充电站(南二环太白印象城),汽车相关,充电站,108.9217598,34.23460893,陕西省,西安市,108.9217598,34.23460893,特来电汽车充电站(南二环太白印象城),西安市,汽车相关 充电站,特来电,7,其他
特来电汽车充电站(西安市咸宁中路普天小区),汽车相关,充电站,109.0023181,34.24979872,陕西省,西安市,109.0023181,34.24979872,特来电汽车充电站(西安市咸宁中路普天小区),西安市,汽车相关 充电站,特来电,8,其他
特来电汽车充电站(特来电碑林边家村),汽车相关,充电站,108.9227066,34.23972274,陕西省,西安市,108.9227066,34.23972274,特来电汽车充电站(特来电碑林边家村),西安市,汽车相关 充电站,特来电,8,其他
特来电汽车充电站(城建新能源北门外超级充电站),汽车相关,充电站,108.9452961,34.27708925,陕西省,西安市,108.9452961,34.27708925,特来电汽车充电站(城建新能源北门外超级充电站),西安市,汽车相关 充电站,特来电,5,其他
特来电汽车充电站(西安金辉国际广场充电站),汽车相关,充电站,108.887964,34.24929366,陕西省,西安市,108.887964,34.24929366,特来电汽车充电站(西安金辉国际广场充电站),西安市,汽车相关 充电站,特来电,4,其他
特来电汽车充电站(大兴西路智星超级充电站),汽车相关,充电站,108.8753536,34.2868048,陕西省,西安市,108.8753536,34.2868048,特来电汽车充电站(大兴西路智星超级充电站),西安市,汽车相关 充电站,特来电,7,其他
特来电汽车充电站(南二环液冷超级充电站),汽车相关,充电站,108.9060458,34.24127019,陕西省,西安市,108.9060458,34.24127019,特来电汽车充电站(南二环液冷超级充电站),西安市,汽车相关 充电站,特来电,7,其他
特来电汽车充电站(西安市莲湖区宏府嘉会广场停车场),汽车相关,充电站,108.9460949,34.26370708,陕西省,西安市,108.9460949,34.26370708,特来电汽车充电站(西安市莲湖区宏府嘉会广场停车场),西安市,汽车相关 充电站,特来电,4,其他
特来电汽车充电站(臻昊景城),汽车相关,充电站,108.9335459,34.28944858,陕西省,西安市,108.9335459,34.28944858,特来电汽车充电站(臻昊景城),西安市,汽车相关 充电站,特来电,2,其他
特来电汽车充电站(西安枣园西路加气站),汽车相关,充电站,108.866907,34.27840795,陕西省,西安市,108.866907,34.27840795,特来电汽车充电站(西安枣园西路加气站),西安市,汽车相关 充电站,特来电,7,其他
特来电汽车充电站(西安西大街唐人街),汽车相关,充电站,108.9301867,34.25869822,陕西省,西安市,108.9301867,34.25869822,特来电汽车充电站(西安西大街唐人街),西安市,汽车相关 充电站,特来电,5,其他
特来电汽车充电站(西安莲湖市政实业),汽车相关,充电站,108.9468667,34.28191595,陕西省,西安市,108.9468667,34.28191595,特来电汽车充电站(西安莲湖市政实业),西安市,汽车相关 充电站,特来电,6,其他
特来电汽车充电站(墨韬文景南路站),汽车相关,充电站,108.9398593,34.29096231,陕西省,西安市,108.9398593,34.29096231,特来电汽车充电站(墨韬文景南路站),西安市,汽车相关 充电站,特来电,6,其他
特来电汽车充电站(特来电枣园西路电动车市场),汽车相关,充电站,108.8555006,34.28213119,陕西省,西安市,108.8555006,34.28213119,特来电汽车充电站(特来电枣园西路电动车市场),西安市,汽车相关 充电站,特来电,3,其他
特来电汽车充电站(西安金辉国际广场),汽车相关,充电站,108.887964,34.24929366,陕西省,西安市,108.887964,34.24929366,特来电汽车充电站(西安金辉国际广场),西安市,汽车相关 充电站,特来电,3,其他
特来电汽车充电站(陕煤博大尚居),汽车相关,充电站,108.8551076,34.26914822,陕西省,西安市,108.8551076,34.26914822,特来电汽车充电站(陕煤博大尚居),西安市,汽车相关 充电站,特来电,6,其他
特来电汽车充电站(特来电站止园饭店),汽车相关,充电站,108.9395014,34.27217536,陕西省,西安市,108.9395014,34.27217536,特来电汽车充电站(特来电站止园饭店),西安市,汽车相关 充电站,特来电,6,其他
特来电汽车充电站(西安莲湖劳动路),汽车相关,充电站,108.9124052,34.27007793,陕西省,西安市,108.9124052,34.27007793,特来电汽车充电站(西安莲湖劳动路),西安市,汽车相关 充电站,特来电,8,其他
特来电汽车充电站(西安桃园路立交桥下),汽车相关,充电站,108.901053,34.27590024,陕西省,西安市,108.901053,34.27590024,特来电汽车充电站(西安桃园路立交桥下),西安市,汽车相关 充电站,特来电,5,其他
特来电汽车充电站(南二环裕隆),汽车相关,充电站,108.9088411,34.24036061,陕西省,西安市,108.9088411,34.24036061,特来电汽车充电站(南二环裕隆),西安市,汽车相关 充电站,特来电,4,其他
特来电汽车充电站(特来电城西客运站充电站),汽车相关,充电站,108.872925,34.27422313,陕西省,西安市,108.872925,34.27422313,特来电汽车充电站(特来电城西客运站充电站),西安市,汽车相关 充电站,特来电,3,其他
特来电汽车充电站(天朗时代酒店),汽车相关,充电站,108.9213799,34.26820406,陕西省,西安市,108.9213799,34.26820406,特来电汽车充电站(天朗时代酒店),西安市,汽车相关 充电站,特来电,8,其他
特来电汽车充电站(天地人红光路西钢厂),汽车相关,充电站,108.8593101,34.25923179,陕西省,西安市,108.8593101,34.25923179,特来电汽车充电站(天地人红光路西钢厂),西安市,汽车相关 充电站,特来电,8,其他
特来电汽车充电站(西安喜来登大酒店),汽车相关,充电站,108.8977958,34.25873285,陕西省,西安市,108.8977958,34.25873285,特来电汽车充电站(西安喜来登大酒店),西安市,汽车相关 充电站,特来电,4,其他
特来电汽车充电站(西安梨园路西段),汽车相关,充电站,108.8943286,34.29155357,陕西省,西安市,108.8943286,34.29155357,特来电汽车充电站(西安梨园路西段),西安市,汽车相关 充电站,特来电,8,其他
特来电汽车充电站(特来电西安玉林汽配城),汽车相关,充电站,108.9126622,34.27096988,陕西省,西安市,108.9126622,34.27096988,特来电汽车充电站(特来电西安玉林汽配城),西安市,汽车相关 充电站,特来电,5,其他
特来电汽车充电站(灞桥停车-临湾路西北侧充电站),汽车相关,充电站,109.0500437,34.21654355,陕西省,西安市,109.0500437,34.21654355,特来电汽车充电站(灞桥停车-临湾路西北侧充电站),西安市,汽车相关 充电站,特来电,6,其他
特来电汽车充电站(西安市铭朗汽车电厂东路充电站),汽车相关,充电站,109.0582944,34.2845281,陕西省,西安市,109.0582944,34.2845281,特来电汽车充电站(西安市铭朗汽车电厂东路充电站),西安市,汽车相关 充电站,特来电,7,其他
特来电汽车充电站(西安穆将王充电站),汽车相关,充电站,109.0484473,34.25262632,陕西省,西安市,109.0484473,34.25262632,特来电汽车充电站(西安穆将王充电站),西安市,汽车相关 充电站,特来电,4,其他
特来电汽车充电站(东风商用车服务中心充电站),汽车相关,充电站,109.1012898,34.3574647,陕西省,西安市,109.1012898,34.3574647,特来电汽车充电站(东风商用车服务中心充电站),西安市,汽车相关 充电站,特来电,6,其他
特来电汽车充电站(路通路灞临路充电站),汽车相关,充电站,109.051768,34.21288584,陕西省,西安市,109.051768,34.21288584,特来电汽车充电站(路通路灞临路充电站),西安市,汽车相关 充电站,特来电,6,其他
特来电汽车充电站(安邸立交),汽车相关,充电站,109.0453237,34.31441089,陕西省,西安市,109.0453237,34.31441089,特来电汽车充电站(安邸立交),西安市,汽车相关 充电站,特来电,2,其他
特来电汽车充电站(西安新丝路产业园),汽车相关,充电站,109.0671575,34.37986799,陕西省,西安市,109.0671575,34.37986799,特来电汽车充电站(西安新丝路产业园),西安市,汽车相关 充电站,特来电,4,其他
特来电汽车充电站(特来电安邸立交),汽车相关,充电站,109.0452917,34.31442189,陕西省,西安市,109.0452917,34.31442189,特来电汽车充电站(特来电安邸立交),西安市,汽车相关 充电站,特来电,8,其他
特来电汽车充电站(西安纺织产业园A区),汽车相关,充电站,109.1152835,34.28051363,陕西省,西安市,109.1152835,34.28051363,特来电汽车充电站(西安纺织产业园A区),西安市,汽车相关 充电站,特来电,7,其他
特来电汽车充电站(灞桥区电厂东路东侧充电站),汽车相关,充电站,109.0588105,34.28758421,陕西省,西安市,109.0588105,34.28758421,特来电汽车充电站(灞桥区电厂东路东侧充电站),西安市,汽车相关 充电站,特来电,4,其他
特来电汽车充电站(特来电西安灞桥洪庆田洪正街商隆),汽车相关,充电站,109.1180452,34.30780022,陕西省,西安市,109.1180452,34.30780022,特来电汽车充电站(特来电西安灞桥洪庆田洪正街商隆),西安市,汽车相关 充电站,特来电,8,其他
特来电汽车充电站(特来电纺织城客运站三期),汽车相关,充电站,109.068971,34.27939027,陕西省,西安市,109.068971,34.27939027,特来电汽车充电站(特来电纺织城客运站三期),西安市,汽车相关 充电站,特来电,6,其他
特来电汽车充电站(灞桥区泽柳路充电站),汽车相关,充电站,109.0809252,34.30862695,陕西省,西安市,109.0809252,34.30862695,特来电汽车充电站(灞桥区泽柳路充电站),西安市,汽车相关 充电站,特来电,7,其他
特来电汽车充电站(西安澳秦新能源充电站),汽车相关,充电站,109.0218146,34.29677627,陕西省,西安市,109.0218146,34.29677627,特来电汽车充电站(西安澳秦新能源充电站),西安市,汽车相关 充电站,特来电,8,其他
特来电汽车充电站(路通路新合充电站),汽车相关,充电站,109.1059131,34.41290179,陕西省,西安市,109.1059131,34.41290179,特来电汽车充电站(路通路新合充电站),西安市,汽车相关 充电站,特来电,5,其他
特来电汽车充电站(崔振宽美术馆站),汽车相关,充电站,109.0889134,34.28790176,陕西省,西安市,109.0889134,34.28790176,特来电汽车充电站(崔振宽美术馆站),西安市,汽车相关 充电站,特来电,8,其他
特来电汽车充电站(西安港务区华南城五金机电市场),汽车相关,充电站,109.0427192,34.36054455,陕西省,西安市,109.0427192,34.36054455,特来电汽车充电站(西安港务区华南城五金机电市场),西安市,汽车相关 充电站,特来电,2,其他
特来电汽车充电站(灞桥区及时雨210国道西韩路南陈村),汽车相关,充电站,109.1013459,34.35760071,陕西省,西安市,109.1013459,34.35760071,特来电汽车充电站(灞桥区及时雨210国道西韩路南陈村),西安市,汽车相关 充电站,特来电,6,其他
特来电汽车充电站(西安灞桥科搪化工二期),汽车相关,充电站,109.0642648,34.25045925,陕西省,西安市,109.0642648,34.25045925,特来电汽车充电站(西安灞桥科搪化工二期),西安市,汽车相关 充电站,特来电,8,其他
特来电汽车充电站(上汽大众西安元泰),汽车相关,充电站,109.0529562,34.30263114,陕西省,西安市,109.0529562,34.30263114,特来电汽车充电站(上汽大众西安元泰),西安市,汽车相关 充电站,特来电,3,其他
特来电汽车充电站(西安时代金泰电厂东路二期),汽车相关,充电站,109.0568781,34.28894384,陕西省,西安市,109.0568781,34.28894384,特来电汽车充电站(西安时代金泰电厂东路二期),西安市,汽车相关 充电站,特来电,3,其他
特来电汽车充电站(西安市灞桥区安邸立交二期),汽车相关,充电站,109.0447876,34.31271281,陕西省,西安市,109.0447876,34.31271281,特来电汽车充电站(西安市灞桥区安邸立交二期),西安市,汽车相关 充电站,特来电,2,其他
特来电汽车充电站(西安市铭朗汽车电厂东路),汽车相关,充电站,109.0579853,34.28469105,陕西省,西安市,109.0579853,34.28469105,特来电汽车充电站(西安市铭朗汽车电厂东路),西安市,汽车相关 充电站,特来电,5,其他
特来电汽车充电站(西安同泰灯具城),汽车相关,充电站,109.0590916,34.34864833,陕西省,西安市,109.0590916,34.34864833,特来电汽车充电站(西安同泰灯具城),西安市,汽车相关 充电站,特来电,6,其他
特来电汽车充电站(西安丝路国际会议中心东区),汽车相关,充电站,109.0599938,34.32954049,陕西省,西安市,109.0599938,34.32954049,特来电汽车充电站(西安丝路国际会议中心东区),西安市,汽车相关 充电站,特来电,4,其他
特来电汽车充电站(东港),汽车相关,充电站,109.0128181,34.29576085,陕西省,西安市,109.0128181,34.29576085,特来电汽车充电站(东港),西安市,汽车相关 充电站,特来电,2,其他
特来电汽车充电站(特来电灞桥区华东购物广场),汽车相关,充电站,109.0757788,34.29914178,陕西省,西安市,109.0757788,34.29914178,特来电汽车充电站(特来电灞桥区华东购物广场),西安市,汽车相关 充电站,特来电,5,其他
特来电汽车充电站(特来电西安纺织城客运站充电站),汽车相关,充电站,109.0711186,34.28352073,陕西省,西安市,109.0711186,34.28352073,特来电汽车充电站(特来电西安纺织城客运站充电站),西安市,汽车相关 充电站,特来电,4,其他
特来电汽车充电站(东风商用车服务中心),汽车相关,充电站,109.1012218,34.35749467,陕西省,西安市,109.1012218,34.35749467,特来电汽车充电站(东风商用车服务中心),西安市,汽车相关 充电站,特来电,3,其他
特来电汽车充电站(西安聚辉物流园),汽车相关,充电站,109.0590286,34.29655226,陕西省,西安市,109.0590286,34.29655226,特来电汽车充电站(西安聚辉物流园),西安市,汽车相关 充电站,特来电,3,其他
特来电汽车充电站(特来电路通路港务区),汽车相关,充电站,109.0894395,34.41356803,陕西省,西安市,109.0894395,34.41356803,特来电汽车充电站(特来电路通路港务区),西安市,汽车相关 充电站,特来电,4,其他
特来电汽车充电站(特来电纺织城客运站二期),汽车相关,充电站,109.0706595,34.28123063,陕西省,西安市,109.0706595,34.28123063,特来电汽车充电站(特来电纺织城客运站二期),西安市,汽车相关 充电站,特来电,2,其他
特来电汽车充电站(西安穆将王),汽车相关,充电站,109.0485713,34.25246534,陕西省,西安市,109.0485713,34.25246534,特来电汽车充电站(西安穆将王),西安市,汽车相关 充电站,特来电,3,其他
特来电汽车充电站(特来电西安纺织城客运站),汽车相关,充电站,109.0707155,34.28139064,陕西省,西安市,109.0707155,34.28139064,特来电汽车充电站(特来电西安纺织城客运站),西安市,汽车相关 充电站,特来电,6,其他
特来电汽车充电站(特来电西安灞桥科搪化工),汽车相关,充电站,109.0629475,34.25038398,陕西省,西安市,109.0629475,34.25038398,特来电汽车充电站(特来电西安灞桥科搪化工),西安市,汽车相关 充电站,特来电,7,其他
特来电汽车充电站(西安时代金泰电厂东路站),汽车相关,充电站,109.0567581,34.28869882,陕西省,西安市,109.0567581,34.28869882,特来电汽车充电站(西安时代金泰电厂东路站),西安市,汽车相关 充电站,特来电,8,其他
特来电汽车充电站(西安灞桥科搪化工),汽车相关,充电站,109.0641038,34.25049022,陕西省,西安市,109.0641038,34.25049022,特来电汽车充电站(西安灞桥科搪化工),西安市,汽车相关 充电站,特来电,4,其他
特来电汽车充电站(中企),汽车相关,充电站,109.0503777,34.27925467,陕西省,西安市,109.0503777,34.27925467,特来电汽车充电站(中企),西安市,汽车相关 充电站,特来电,4,其他
特来电汽车充电站(特来电站安旗食品厂),汽车相关,充电站,109.1089809,34.27486029,陕西省,西安市,109.1089809,34.27486029,特来电汽车充电站(特来电站安旗食品厂),西安市,汽车相关 充电站,特来电,3,其他
特来电汽车充电站(陕西数字医药产业园),汽车相关,充电站,108.8189729,34.33407126,陕西省,西安市,108.8189729,34.33407126,特来电汽车充电站(陕西数字医药产业园),西安市,汽车相关 充电站,特来电,2,其他
特来电汽车充电站(永星新能源汽车销售公司),汽车相关,充电站,108.8520849,34.29054151,陕西省,西安市,108.8520849,34.29054151,特来电汽车充电站(永星新能源汽车销售公司),西安市,汽车相关 充电站,特来电,6,其他
特来电汽车充电站(陕煤未央国际),汽车相关,充电站,108.9461808,34.33683217,陕西省,西安市,108.9461808,34.33683217,特来电汽车充电站(陕煤未央国际),西安市,汽车相关 充电站,特来电,2,其他
特来电汽车充电站(西旅新能源充电站),汽车相关,充电站,108.8940897,34.37544776,陕西省,西安市,108.8940897,34.37544776,特来电汽车充电站(西旅新能源充电站),西安市,汽车相关 充电站,特来电,5,其他
特来电汽车充电站(普洛斯普开充电站),汽车相关,充电站,108.8743038,34.36393609,陕西省,西安市,108.8743038,34.36393609,特来电汽车充电站(普洛斯普开充电站),西安市,汽车相关 充电站,特来电,5,其他
特来电汽车充电站(毅威电动四海唐人街充电站),汽车相关,充电站,108.9711739,34.32187412,陕西省,西安市,108.9711739,34.32187412,特来电汽车充电站(毅威电动四海唐人街充电站),西安市,汽车相关 充电站,特来电,7,其他
特来电汽车充电站(凯迪拉克IQ尊享超充站西安西咸吾悦广场站),汽车相关,充电站,108.823866,34.25376128,陕西省,西安市,108.823866,34.25376128,特来电汽车充电站(凯迪拉克IQ尊享超充站西安西咸吾悦广场站),西安市,汽车相关 充电站,特来电,3,其他
特来电汽车充电站(未央阿房一路充电站),汽车相关,充电站,108.836674,34.26740428,陕西省,西安市,108.836674,34.26740428,特来电汽车充电站(未央阿房一路充电站),西安市,汽车相关 充电站,特来电,3,其他
特来电汽车充电站(西安未央晴扬),汽车相关,充电站,108.8692097,34.32236873,陕西省,西安市,108.8692097,34.32236873,特来电汽车充电站(西安未央晴扬),西安市,汽车相关 充电站,特来电,3,其他
特来电汽车充电站(西安未央腾达尚宏路充电站),汽车相关,充电站,108.9182937,34.36337785,陕西省,西安市,108.9182937,34.36337785,特来电汽车充电站(西安未央腾达尚宏路充电站),西安市,汽车相关 充电站,特来电,7,其他
特来电汽车充电站(冲充电站-西安大明宫万达超级充电站),汽车相关,充电站,108.9729206,34.3140429,陕西省,西安市,108.9729206,34.3140429,特来电汽车充电站(冲充电站-西安大明宫万达超级充电站),西安市,汽车相关 充电站,特来电,5,其他
特来电汽车充电站(汽车欢乐港充电站),汽车相关,充电站,108.8537338,34.28750037,陕西省,西安市,108.8537338,34.28750037,特来电汽车充电站(汽车欢乐港充电站),西安市,汽车相关 充电站,特来电,2,其他
特来电汽车充电站(特来电石化大道民娄村爱松雨充电站),汽车相关,充电站,108.8539457,34.3212564,陕西省,西安市,108.8539457,34.3212564,特来电汽车充电站(特来电石化大道民娄村爱松雨充电站),西安市,汽车相关 充电站,特来电,7,其他
特来电汽车充电站(未央阿房一路),汽车相关,充电站,108.8370059,34.26686327,陕西省,西安市,108.8370059,34.26686327,特来电汽车充电站(未央阿房一路),西安市,汽车相关 充电站,特来电,7,其他
特来电汽车充电站(西安市政协),汽车相关,充电站,108.9563936,34.34124936,陕西省,西安市,108.9563936,34.34124936,特来电汽车充电站(西安市政协),西安市,汽车相关 充电站,特来电,2,其他
特来电汽车充电站(西安红星美凯龙盛龙店),汽车相关,充电站,108.9460789,34.30063813,陕西省,西安市,108.9460789,34.30063813,特来电汽车充电站(西安红星美凯龙盛龙店),西安市,汽车相关 充电站,特来电,3,其他
特来电汽车充电站(阿房宫遗址公园),汽车相关,充电站,108.8158177,34.260186,陕西省,西安市,108.8158177,34.260186,特来电汽车充电站(阿房宫遗址公园),西安市,汽车相关 充电站,特来电,6,其他
特来电汽车充电站(西安市应急中心),汽车相关,充电站,108.9504459,34.34213439,陕西省,西安市,108.9504459,34.34213439,特来电汽车充电站(西安市应急中心),西安市,汽车相关 充电站,特来电,2,其他
特来电汽车充电站(西安未央国坤仓储),汽车相关,充电站,108.873275,34.32896618,陕西省,西安市,108.873275,34.32896618,特来电汽车充电站(西安未央国坤仓储),西安市,汽车相关 充电站,特来电,5,其他
特来电汽车充电站(西安秦东大厦),汽车相关,充电站,108.8259471,34.25127831,陕西省,西安市,108.8259471,34.25127831,特来电汽车充电站(西安秦东大厦),西安市,汽车相关 充电站,特来电,4,其他
特来电汽车充电站(西安未央红星美凯龙北二环店),汽车相关,充电站,108.9950953,34.31593901,陕西省,西安市,108.9950953,34.31593901,特来电汽车充电站(西安未央红星美凯龙北二环店),西安市,汽车相关 充电站,特来电,4,其他
特来电汽车充电站(华润二十四城),汽车相关,充电站,108.822008,34.2927093,陕西省,西安市,108.822008,34.2927093,特来电汽车充电站(华润二十四城),西安市,汽车相关 充电站,特来电,8,其他
特来电汽车充电站(特来电未央云正源),汽车相关,充电站,108.9979632,34.33880393,陕西省,西安市,108.9979632,34.33880393,特来电汽车充电站(特来电未央云正源),西安市,汽车相关 充电站,特来电,8,其他
特来电汽车充电站(西安启航时代广场),汽车相关,充电站,108.8124845,34.30185788,陕西省,西安市,108.8124845,34.30185788,特来电汽车充电站(西安启航时代广场),西安市,汽车相关 充电站,特来电,7,其他
特来电汽车充电站(西安未央印象城站),汽车相关,充电站,108.9479404,34.29332777,陕西省,西安市,108.9479404,34.29332777,特来电汽车充电站(西安未央印象城站),西安市,汽车相关 充电站,特来电,4,其他
特来电汽车充电站(特来电阿房宫遗址公园充电站),汽车相关,充电站,108.821408,34.26525923,陕西省,西安市,108.821408,34.26525923,特来电汽车充电站(特来电阿房宫遗址公园充电站),西安市,汽车相关 充电站,特来电,6,其他
特来电汽车充电站(西咸公服启航佳苑),汽车相关,充电站,108.8153867,34.29986104,陕西省,西安市,108.8153867,34.29986104,特来电汽车充电站(西咸公服启航佳苑),西安市,汽车相关 充电站,特来电,3,其他
特来电汽车充电站(特来电未央阿房一路),汽车相关,充电站,108.8370079,34.26686227,陕西省,西安市,108.8370079,34.26686227,特来电汽车充电站(特来电未央阿房一路),西安市,汽车相关 充电站,特来电,5,其他
特来电汽车充电站(特来电未央鑫星绿),汽车相关,充电站,108.8664171,34.35126814,陕西省,西安市,108.8664171,34.35126814,特来电汽车充电站(特来电未央鑫星绿),西安市,汽车相关 充电站,特来电,8,其他
特来电汽车充电站(特来电启航社区),汽车相关,充电站,108.8122545,34.30345287,陕西省,西安市,108.8122545,34.30345287,特来电汽车充电站(特来电启航社区),西安市,汽车相关 充电站,特来电,6,其他
特来电汽车充电站(陕西广联药业),汽车相关,充电站,108.8398388,34.25049515,陕西省,西安市,108.8398388,34.25049515,特来电汽车充电站(陕西广联药业),西安市,汽车相关 充电站,特来电,5,其他
特来电汽车充电站(特来电红太阳物流园区),汽车相关,充电站,108.8456525,34.31677399,陕西省,西安市,108.8456525,34.31677399,特来电汽车充电站(特来电红太阳物流园区),西安市,汽车相关 充电站,特来电,5,其他
特来电汽车充电站(鑫星绿站),汽车相关,充电站,108.8659712,34.3511972,陕西省,西安市,108.8659712,34.3511972,特来电汽车充电站(鑫星绿站),西安市,汽车相关 充电站,特来电,3,其他
特来电汽车充电站(未央桐树湾小区),汽车相关,充电站,108.9949763,34.300161,陕西省,西安市,108.9949763,34.300161,特来电汽车充电站(未央桐树湾小区),西安市,汽车相关 充电站,特来电,7,其他
特来电汽车充电站(西安蓝海风中心),汽车相关,充电站,108.9340307,34.31811952,陕西省,西安市,108.9340307,34.31811952,特来电汽车充电站(西安蓝海风中心),西安市,汽车相关 充电站,特来电,4,其他
特来电汽车充电站(西安凯德宝),汽车相关,充电站,108.8150387,34.29109001,陕西省,西安市,108.8150387,34.29109001,特来电汽车充电站(西安凯德宝),西安市,汽车相关 充电站,特来电,3,其他
特来电汽车充电站(天猫养车恒泰阳光大道店),汽车相关,充电站,108.9815234,34.39514106,陕西省,西安市,108.9815234,34.39514106,特来电汽车充电站(天猫养车恒泰阳光大道店),西安市,汽车相关 充电站,特来电,6,其他
特来电汽车充电站(西安西赵暖气片有限公司),汽车相关,充电站,108.8953014,34.37221653,陕西省,西安市,108.8953014,34.37221653,特来电汽车充电站(西安西赵暖气片有限公司),西安市,汽车相关 充电站,特来电,7,其他
特来电汽车充电站(港华西安未央百花村),汽车相关,充电站,108.9718778,34.32468704,陕西省,西安市,108.9718778,34.32468704,特来电汽车充电站(港华西安未央百花村),西安市,汽车相关 充电站,特来电,6,其他
特来电汽车充电站(绿能泰耀科大),汽车相关,充电站,108.9813155,34.38200006,陕西省,西安市,108.9813155,34.38200006,特来电汽车充电站(绿能泰耀科大),西安市,汽车相关 充电站,特来电,7,其他
特来电汽车充电站(西安凤城十二路首创国际城),汽车相关,充电站,108.9393394,34.35989652,陕西省,西安市,108.9393394,34.35989652,特来电汽车充电站(西安凤城十二路首创国际城),西安市,汽车相关 充电站,特来电,8,其他
特来电汽车充电站(特来电东元路),汽车相关,充电站,108.9944294,34.29797702,陕西省,西安市,108.9944294,34.29797702,特来电汽车充电站(特来电东元路),西安市,汽车相关 充电站,特来电,6,其他
特来电汽车充电站(西安未央华南物流),汽车相关,充电站,108.9150026,34.33166449,陕西省,西安市,108.9150026,34.33166449,特来电汽车充电站(西安未央华南物流),西安市,汽车相关 充电站,特来电,3,其他
特来电汽车充电站(西安汉长城壹宿酒店),汽车相关,充电站,108.9180208,34.3585119,陕西省,西安市,108.9180208,34.3585119,特来电汽车充电站(西安汉长城壹宿酒店),西安市,汽车相关 充电站,特来电,7,其他
特来电汽车充电站(西安未央巨坤花卉市场),汽车相关,充电站,108.9148016,34.34355156,陕西省,西安市,108.9148016,34.34355156,特来电汽车充电站(西安未央巨坤花卉市场),西安市,汽车相关 充电站,特来电,7,其他
特来电汽车充电站(特来电普洛斯普开),汽车相关,充电站,108.873225,34.36363025,陕西省,西安市,108.873225,34.36363025,特来电汽车充电站(特来电普洛斯普开),西安市,汽车相关 充电站,特来电,5,其他
特来电汽车充电站(特慧赢纬二十九街),汽车相关,充电站,108.9256359,34.30158922,陕西省,西安市,108.9256359,34.30158922,特来电汽车充电站(特慧赢纬二十九街),西安市,汽车相关 充电站,特来电,5,其他
特来电汽车充电站(晟诺蓝),汽车相关,充电站,109.0135041,34.31024988,陕西省,西安市,109.0135041,34.31024988,特来电汽车充电站(晟诺蓝),西安市,汽车相关 充电站,特来电,2,其他
特来电汽车充电站(特来电站智巢产业园一期),汽车相关,充电站,108.8478323,34.36285794,陕西省,西安市,108.8478323,34.36285794,特来电汽车充电站(特来电站智巢产业园一期),西安市,汽车相关 充电站,特来电,6,其他
特来电汽车充电站(绿能泰耀壹宿酒店),汽车相关,充电站,108.9199653,34.3584225,陕西省,西安市,108.9199653,34.3584225,特来电汽车充电站(绿能泰耀壹宿酒店),西安市,汽车相关 充电站,特来电,5,其他
特来电汽车充电站(特来电站汉城房车露营地),汽车相关,充电站,108.9165502,34.30544513,陕西省,西安市,108.9165502,34.30544513,特来电汽车充电站(特来电站汉城房车露营地),西安市,汽车相关 充电站,特来电,2,其他
特来电汽车充电站(中国石油陕西西安销售分公司明德门充电站),汽车相关,充电站,108.9354954,34.20547206,陕西省,西安市,108.9354954,34.20547206,特来电汽车充电站(中国石油陕西西安销售分公司明德门充电站),西安市,汽车相关 充电站,特来电,8,其他
特来电汽车充电站(绿地领海超级充电站),汽车相关,充电站,108.8875281,34.19269066,陕西省,西安市,108.8875281,34.19269066,特来电汽车充电站(绿地领海超级充电站),西安市,汽车相关 充电站,特来电,8,其他
特来电汽车充电站(天驰绿能柏朗酒店充电站),汽车相关,充电站,108.9036684,34.20680162,陕西省,西安市,108.9036684,34.20680162,特来电汽车充电站(天驰绿能柏朗酒店充电站),西安市,汽车相关 充电站,特来电,5,其他
特来电汽车充电站(西安高新凯悦尚萃酒店充电站),汽车相关,充电站,108.8688527,34.20580158,陕西省,西安市,108.8688527,34.20580158,特来电汽车充电站(西安高新凯悦尚萃酒店充电站),西安市,汽车相关 充电站,特来电,6,其他
特来电汽车充电站(西安莱安中心华润万象天地电动汽车充电站),汽车相关,充电站,108.9513247,34.19854404,陕西省,西安市,108.9513247,34.19854404,特来电汽车充电站(西安莱安中心华润万象天地电动汽车充电站),西安市,汽车相关 充电站,特来电,7,其他
特来电汽车充电站(竹园天寰国际充电站),汽车相关,充电站,108.8800837,34.22584297,陕西省,西安市,108.8800837,34.22584297,特来电汽车充电站(竹园天寰国际充电站),西安市,汽车相关 充电站,特来电,4,其他
特来电汽车充电站(广泽逸然居充电站),汽车相关,充电站,108.9019218,34.19813296,陕西省,西安市,108.9019218,34.19813296,特来电汽车充电站(广泽逸然居充电站),西安市,汽车相关 充电站,特来电,6,其他
特来电汽车充电站(西安雁塔大夏国际充电站),汽车相关,充电站,108.9553949,34.19500932,陕西省,西安市,108.9553949,34.19500932,特来电汽车充电站(西安雁塔大夏国际充电站),西安市,汽车相关 充电站,特来电,3,其他
特来电汽车充电站(中国人保陕西金融大厦充电站),汽车相关,充电站,108.8989165,34.2380926,陕西省,西安市,108.8989165,34.2380926,特来电汽车充电站(中国人保陕西金融大厦充电站),西安市,汽车相关 充电站,特来电,8,其他
特来电汽车充电站(陕西省体育馆充电站),汽车相关,充电站,108.8863174,34.20363289,陕西省,西安市,108.8863174,34.20363289,特来电汽车充电站(陕西省体育馆充电站),西安市,汽车相关 充电站,特来电,5,其他
特来电汽车充电站(小寨公园地下停车场充电站),汽车相关,充电站,108.9459769,34.21716103,陕西省,西安市,108.9459769,34.21716103,特来电汽车充电站(小寨公园地下停车场充电站),西安市,汽车相关 充电站,特来电,5,其他
特来电汽车充电站(中国人寿陕西分公司充电站),汽车相关,充电站,108.8903415,34.20674217,陕西省,西安市,108.8903415,34.20674217,特来电汽车充电站(中国人寿陕西分公司充电站),西安市,汽车相关 充电站,特来电,7,其他
特来电汽车充电站(西安雁塔明德路充电站),汽车相关,充电站,108.9356524,34.20544403,陕西省,西安市,108.9356524,34.20544403,特来电汽车充电站(西安雁塔明德路充电站),西安市,汽车相关 充电站,特来电,3,其他
特来电汽车充电站(陕煤禾盛京广充电站),汽车相关,充电站,108.8899796,34.23002827,陕西省,西安市,108.8899796,34.23002827,特来电汽车充电站(陕煤禾盛京广充电站),西安市,汽车相关 充电站,特来电,7,其他
特来电汽车充电站(保利双水磨),汽车相关,充电站,108.8740108,34.21310487,陕西省,西安市,108.8740108,34.21310487,特来电汽车充电站(保利双水磨),西安市,汽车相关 充电站,特来电,3,其他
特来电汽车充电站(青龙寺),汽车相关,充电站,108.9902257,34.23527118,陕西省,西安市,108.9902257,34.23527118,特来电汽车充电站(青龙寺),西安市,汽车相关 充电站,特来电,4,其他
特来电汽车充电站(西安荟聚地面停车场充电站),汽车相关,充电站,108.901112,34.17295608,陕西省,西安市,108.901112,34.17295608,特来电汽车充电站(西安荟聚地面停车场充电站),西安市,汽车相关 充电站,特来电,8,其他
特来电汽车充电站(西安荟聚地下停车场充电站),汽车相关,充电站,108.8996494,34.17206137,陕西省,西安市,108.8996494,34.17206137,特来电汽车充电站(西安荟聚地下停车场充电站),西安市,汽车相关 充电站,特来电,5,其他
特来电汽车充电站(特来电西安赛格购物广场充电站),汽车相关,充电站,108.9473866,34.22422079,陕西省,西安市,108.9473866,34.22422079,特来电汽车充电站(特来电西安赛格购物广场充电站),西安市,汽车相关 充电站,特来电,5,其他
特来电汽车充电站(天猫养车哈贝卡高新路店),汽车相关,充电站,108.9063417,34.23567312,陕西省,西安市,108.9063417,34.23567312,特来电汽车充电站(天猫养车哈贝卡高新路店),西安市,汽车相关 充电站,特来电,4,其他
特来电汽车充电站(西安迈科商业中心充电站),汽车相关,充电站,108.8805886,34.19201783,陕西省,西安市,108.8805886,34.19201783,特来电汽车充电站(西安迈科商业中心充电站),西安市,汽车相关 充电站,特来电,2,其他
特来电汽车充电站(特来电科技二路方圆荟),汽车相关,充电站,108.8709733,34.22591833,陕西省,西安市,108.8709733,34.22591833,特来电汽车充电站(特来电科技二路方圆荟),西安市,汽车相关 充电站,特来电,8,其他
特来电汽车充电站(吉祥停车场),汽车相关,充电站,108.9261967,34.22089698,陕西省,西安市,108.9261967,34.22089698,特来电汽车充电站(吉祥停车场),西安市,汽车相关 充电站,特来电,7,其他
特来电汽车充电站(丈八西路东滩社区),汽车相关,充电站,108.8491052,34.19852658,陕西省,西安市,108.8491052,34.19852658,特来电汽车充电站(丈八西路东滩社区),西安市,汽车相关 充电站,特来电,4,其他
特来电汽车充电站(西安国际商务港),汽车相关,充电站,108.9478105,34.19215567,陕西省,西安市,108.9478105,34.19215567,特来电汽车充电站(西安国际商务港),西安市,汽车相关 充电站,特来电,7,其他
特来电汽车充电站(大寨路二府庄),汽车相关,充电站,108.8311051,34.24533133,陕西省,西安市,108.8311051,34.24533133,特来电汽车充电站(大寨路二府庄),西安市,汽车相关 充电站,特来电,6,其他
特来电汽车充电站(西安雁塔风度天城),汽车相关,充电站,108.8689007,34.23765162,陕西省,西安市,108.8689007,34.23765162,特来电汽车充电站(西安雁塔风度天城),西安市,汽车相关 充电站,特来电,5,其他
特来电汽车充电站(拓士乐万象广场新能源),汽车相关,充电站,108.9187026,34.19525151,陕西省,西安市,108.9187026,34.19525151,特来电汽车充电站(拓士乐万象广场新能源),西安市,汽车相关 充电站,特来电,7,其他
特来电汽车充电站(西安东方大酒店),汽车相关,充电站,108.9394624,34.2235113,陕西省,西安市,108.9394624,34.2235113,特来电汽车充电站(西安东方大酒店),西安市,汽车相关 充电站,特来电,3,其他
特来电汽车充电站(颐和宫大酒店),汽车相关,充电站,108.9326121,34.22617967,陕西省,西安市,108.9326121,34.22617967,特来电汽车充电站(颐和宫大酒店),西安市,汽车相关 充电站,特来电,7,其他
特来电汽车充电站(特来电雁塔永阳公园充电站),汽车相关,充电站,108.8906505,34.1953231,陕西省,西安市,108.8906505,34.1953231,特来电汽车充电站(特来电雁塔永阳公园充电站),西安市,汽车相关 充电站,特来电,6,其他
特来电汽车充电站(西安雁塔团结南路),汽车相关,充电站,108.8816124,34.22092171,陕西省,西安市,108.8816124,34.22092171,特来电汽车充电站(西安雁塔团结南路),西安市,汽车相关 充电站,特来电,8,其他
特来电汽车充电站(西安高新海星广场),汽车相关,充电站,108.9025987,34.23300087,陕西省,西安市,108.9025987,34.23300087,特来电汽车充电站(西安高新海星广场),西安市,汽车相关 充电站,特来电,5,其他
特来电汽车充电站(特来电雁塔永阳公园),汽车相关,充电站,108.8906435,34.1953201,陕西省,西安市,108.8906435,34.1953201,特来电汽车充电站(特来电雁塔永阳公园),西安市,汽车相关 充电站,特来电,4,其他
特来电汽车充电站(西安唐延路海关站),汽车相关,充电站,108.8906345,34.22535515,陕西省,西安市,108.8906345,34.22535515,特来电汽车充电站(西安唐延路海关站),西安市,汽车相关 充电站,特来电,6,其他
特来电汽车充电站(西安摩登BOBO),汽车相关,充电站,108.909432,34.22496447,陕西省,西安市,108.909432,34.22496447,特来电汽车充电站(西安摩登BOBO),西安市,汽车相关 充电站,特来电,5,其他
特来电汽车充电站(西安中海大厦),汽车相关,充电站,108.9913946,34.20940607,陕西省,西安市,108.9913946,34.20940607,特来电汽车充电站(西安中海大厦),西安市,汽车相关 充电站,特来电,7,其他
特来电汽车充电站(科技三路汇豪树中心),汽车相关,充电站,108.8849617,34.22254914,陕西省,西安市,108.8849617,34.22254914,特来电汽车充电站(科技三路汇豪树中心),西安市,汽车相关 充电站,特来电,8,其他
特来电汽车充电站(特来电大寨路二府庄),汽车相关,充电站,108.8304841,34.24542632,陕西省,西安市,108.8304841,34.24542632,特来电汽车充电站(特来电大寨路二府庄),西安市,汽车相关 充电站,特来电,2,其他
特来电汽车充电站(西安泰华金贸国际),汽车相关,充电站,108.8875331,34.22516471,陕西省,西安市,108.8875331,34.22516471,特来电汽车充电站(西安泰华金贸国际),西安市,汽车相关 充电站,特来电,8,其他
特来电汽车充电站(西安雁塔西八里村),汽车相关,充电站,108.9463628,34.21244996,陕西省,西安市,108.9463628,34.21244996,特来电汽车充电站(西安雁塔西八里村),西安市,汽车相关 充电站,特来电,2,其他
特来电汽车充电站(特来电西安太白南路),汽车相关,充电站,108.9022178,34.2045389,陕西省,西安市,108.9022178,34.2045389,特来电汽车充电站(特来电西安太白南路),西安市,汽车相关 充电站,特来电,3,其他
特来电汽车充电站(西安金荃达),汽车相关,充电站,108.9463398,34.20485796,陕西省,西安市,108.9463398,34.20485796,特来电汽车充电站(西安金荃达),西安市,汽车相关 充电站,特来电,8,其他
特来电汽车充电站(西安金花宝鼎),汽车相关,充电站,108.8878111,34.21902764,陕西省,西安市,108.8878111,34.21902764,特来电汽车充电站(西安金花宝鼎),西安市,汽车相关 充电站,特来电,5,其他
特来电汽车充电站(西安文理智尚酒店),汽车相关,充电站,108.9083133,34.2192817,陕西省,西安市,108.9083133,34.2192817,特来电汽车充电站(西安文理智尚酒店),西安市,汽车相关 充电站,特来电,2,其他
特来电汽车充电站(省委党校),汽车相关,充电站,108.9352845,34.22404613,陕西省,西安市,108.9352845,34.22404613,特来电汽车充电站(省委党校),西安市,汽车相关 充电站,特来电,4,其他
特来电汽车充电站(西安曲江银座酒店),汽车相关,充电站,108.9563347,34.19571317,陕西省,西安市,108.9563347,34.19571317,特来电汽车充电站(西安曲江银座酒店),西安市,汽车相关 充电站,特来电,5,其他
特来电汽车充电站(锦业路),汽车相关,充电站,108.8916862,34.19426891,陕西省,西安市,108.8916862,34.19426891,特来电汽车充电站(锦业路),西安市,汽车相关 充电站,特来电,4,其他
特来电汽车充电站(西安金地广场),汽车相关,充电站,108.9882199,34.20327627,陕西省,西安市,108.9882199,34.20327627,特来电汽车充电站(西安金地广场),西安市,汽车相关 充电站,特来电,8,其他
特来电汽车充电站(特来电站大寨路五丰),汽车相关,充电站,108.873048,34.23935305,陕西省,西安市,108.873048,34.23935305,特来电汽车充电站(特来电站大寨路五丰),西安市,汽车相关 充电站,特来电,4,其他
特来电汽车充电站(特来电雁塔区万象春天),汽车相关,充电站,108.9154285,34.19002818,陕西省,西安市,108.9154285,34.19002818,特来电汽车充电站(特来电雁塔区万象春天),西安市,汽车相关 充电站,特来电,2,其他
特来电汽车充电站(西安胜龙充电站),汽车相关,充电站,109.0235818,34.22628331,陕西省,西安市,109.0235818,34.22628331,特来电汽车充电站(西安胜龙充电站),西安市,汽车相关 充电站,特来电,5,其他
特来电汽车充电站(西安田家湾汽车),汽车相关,充电站,109.0457878,34.2465399,陕西省,西安市,109.0457878,34.2465399,特来电汽车充电站(西安田家湾汽车),西安市,汽车相关 充电站,特来电,7,其他
特来电汽车充电站(特来电西安洛克大厦),汽车相关,充电站,108.8898396,34.21541927,陕西省,西安市,108.8898396,34.21541927,特来电汽车充电站(特来电西安洛克大厦),西安市,汽车相关 充电站,特来电,6,其他
特来电汽车充电站(特来电西安曲江威斯汀大酒店),汽车相关,充电站,108.9620655,34.21523527,陕西省,西安市,108.9620655,34.21523527,特来电汽车充电站(特来电西安曲江威斯汀大酒店),西安市,汽车相关 充电站,特来电,2,其他
特来电汽车充电站(西安电子科技大学北校区车队停车场),汽车相关,充电站,108.9157944,34.23062416,陕西省,西安市,108.9157944,34.23062416,特来电汽车充电站(西安电子科技大学北校区车队停车场),西安市,汽车相关 充电站,特来电,2,其他
特来电汽车充电站(正荣彩虹谷),汽车相关,充电站,109.0112881,34.1941447,陕西省,西安市,109.0112881,34.1941447,特来电汽车充电站(正荣彩虹谷),西安市,汽车相关 充电站,特来电,7,其他
特来电汽车充电站(西安高新万达),汽车相关,充电站,108.892628,34.20753475,陕西省,西安市,108.892628,34.20753475,特来电汽车充电站(西安高新万达),西安市,汽车相关 充电站,特来电,5,其他
特来电汽车充电站(兰岛广场),汽车相关,充电站,108.9008711,34.21144718,陕西省,西安市,108.9008711,34.21144718,特来电汽车充电站(兰岛广场),西安市,汽车相关 充电站,特来电,5,其他
特来电汽车充电站(西安大悦城),汽车相关,充电站,108.9620875,34.21766727,陕西省,西安市,108.9620875,34.21766727,特来电汽车充电站(西安大悦城),西安市,汽车相关 充电站,特来电,8,其他
特来电汽车充电站(西安大唐芙蓉园7kw),汽车相关,充电站,108.9678435,34.21173943,陕西省,西安市,108.9678435,34.21173943,特来电汽车充电站(西安大唐芙蓉园7kw),西安市,汽车相关 充电站,特来电,4,其他
特来电汽车充电站(陕西大剧院),汽车相关,充电站,108.9631193,34.2090921,陕西省,西安市,108.9631193,34.2090921,特来电汽车充电站(陕西大剧院),西安市,汽车相关 充电站,特来电,8,其他
特来电汽车充电站(西安快速理赔新同方站),汽车相关,充电站,108.8282871,34.23713631,陕西省,西安市,108.8282871,34.23713631,特来电汽车充电站(西安快速理赔新同方站),西安市,汽车相关 充电站,特来电,7,其他
特来电汽车充电站(西安曲江威斯汀大酒店),汽车相关,充电站,108.9620705,34.21526227,陕西省,西安市,108.9620705,34.21526227,特来电汽车充电站(西安曲江威斯汀大酒店),西安市,汽车相关 充电站,特来电,8,其他
特来电汽车充电站(西安云汇谷站),汽车相关,充电站,108.833581,34.20492224,陕西省,西安市,108.833581,34.20492224,特来电汽车充电站(西安云汇谷站),西安市,汽车相关 充电站,特来电,7,其他
特来电汽车充电站(西安凯德广场充电站),汽车相关,充电站,108.9365271,34.22860989,陕西省,西安市,108.9365271,34.22860989,特来电汽车充电站(西安凯德广场充电站),西安市,汽车相关 充电站,特来电,5,其他
特来电汽车充电站(西安曲江芙蓉阁酒店),汽车相关,充电站,108.9684304,34.21176735,陕西省,西安市,108.9684304,34.21176735,特来电汽车充电站(西安曲江芙蓉阁酒店),西安市,汽车相关 充电站,特来电,4,其他
特来电汽车充电站(特来电东仪路烈士陵园),汽车相关,充电站,108.9326151,34.20675665,陕西省,西安市,108.9326151,34.20675665,特来电汽车充电站(特来电东仪路烈士陵园),西安市,汽车相关 充电站,特来电,8,其他
特来电汽车充电站(西安胜龙),汽车相关,充电站,109.0236838,34.22607232,陕西省,西安市,109.0236838,34.22607232,特来电汽车充电站(西安胜龙),西安市,汽车相关 充电站,特来电,2,其他
特来电汽车充电站(曲江射击场),汽车相关,充电站,108.9658519,34.19918069,陕西省,西安市,108.9658519,34.19918069,特来电汽车充电站(曲江射击场),西安市,汽车相关 充电站,特来电,3,其他
特来电汽车充电站(曲江宾馆),汽车相关,充电站,108.9629114,34.19717812,陕西省,西安市,108.9629114,34.19717812,特来电汽车充电站(曲江宾馆),西安市,汽车相关 充电站,特来电,6,其他
特来电汽车充电站(西安望庭国际),汽车相关,充电站,108.8931959,34.21775766,陕西省,西安市,108.8931959,34.21775766,特来电汽车充电站(西安望庭国际),西安市,汽车相关 充电站,特来电,2,其他
特来电汽车充电站(西安晟诺蓝外事学院),汽车相关,充电站,108.8587782,34.23968182,陕西省,西安市,108.8587782,34.23968182,特来电汽车充电站(西安晟诺蓝外事学院),西安市,汽车相关 充电站,特来电,5,其他
特来电汽车充电站(特来电雁塔杜城快充站),汽车相关,充电站,108.9117594,34.18487194,陕西省,西安市,108.9117594,34.18487194,特来电汽车充电站(特来电雁塔杜城快充站),西安市,汽车相关 充电站,特来电,6,其他
特来电汽车充电站(大寨路鹏诺),汽车相关,充电站,108.867124,34.24498387,陕西省,西安市,108.867124,34.24498387,特来电汽车充电站(大寨路鹏诺),西安市,汽车相关 充电站,特来电,3,其他
特来电汽车充电站(冠群新能源阎良花刘快充站),汽车相关,充电站,109.3084806,34.65602107,陕西省,西安市,109.3084806,34.65602107,特来电汽车充电站(冠群新能源阎良花刘快充站),西安市,汽车相关 充电站,特来电,3,其他
特来电汽车充电站(特来电阎良融胜汽修),汽车相关,充电站,109.261521,34.66864024,陕西省,西安市,109.261521,34.66864024,特来电汽车充电站(特来电阎良融胜汽修),西安市,汽车相关 充电站,特来电,4,其他
特来电汽车充电站(特来电阎良诚坤汽车销售),汽车相关,充电站,109.1890051,34.65300818,陕西省,西安市,109.1890051,34.65300818,特来电汽车充电站(特来电阎良诚坤汽车销售),西安市,汽车相关 充电站,特来电,6,其他
特来电汽车充电站(圣鸿新能源充电站),汽车相关,充电站,109.105534,34.34797263,陕西省,西安市,109.105534,34.34797263,特来电汽车充电站(圣鸿新能源充电站),西安市,汽车相关 充电站,特来电,4,其他
特来电汽车充电站(临潼区及时雨秦汉大道张三丰秦汉茶苑充电站),汽车相关,充电站,109.1444163,34.39575857,陕西省,西安市,109.1444163,34.39575857,特来电汽车充电站(临潼区及时雨秦汉大道张三丰秦汉茶苑充电站),西安市,汽车相关 充电站,特来电,2,其他
特来电汽车充电站(临潼区及时雨胡王电动汽车公共快充站),汽车相关,充电站,109.2366607,34.36682762,陕西省,西安市,109.2366607,34.36682762,特来电汽车充电站(临潼区及时雨胡王电动汽车公共快充站),西安市,汽车相关 充电站,特来电,7,其他
特来电汽车充电站(临潼区及时雨小寨二路电动汽车公共快充站),汽车相关,充电站,109.188821,34.38078386,陕西省,西安市,109.188821,34.38078386,特来电汽车充电站(临潼区及时雨小寨二路电动汽车公共快充站),西安市,汽车相关 充电站,特来电,7,其他
特来电汽车充电站(临潼区及时雨小寨二路二期电动汽车公共快充站),汽车相关,充电站,109.188565,34.38071887,陕西省,西安市,109.188565,34.38071887,特来电汽车充电站(临潼区及时雨小寨二路二期电动汽车公共快充站),西安市,汽车相关 充电站,特来电,7,其他
特来电汽车充电站(西安临潼爱琴海站),汽车相关,充电站,109.1958894,34.36982835,陕西省,西安市,109.1958894,34.36982835,特来电汽车充电站(西安临潼爱琴海站),西安市,汽车相关 充电站,特来电,6,其他
特来电汽车充电站(临潼区及时雨零口街办西段村),汽车相关,充电站,109.3530956,34.4727327,陕西省,西安市,109.3530956,34.4727327,特来电汽车充电站(临潼区及时雨零口街办西段村),西安市,汽车相关 充电站,特来电,7,其他
特来电汽车充电站(临潼区及时雨秦陵北路孙马路口充电站),汽车相关,充电站,109.2793093,34.38886074,陕西省,西安市,109.2793093,34.38886074,特来电汽车充电站(临潼区及时雨秦陵北路孙马路口充电站),西安市,汽车相关 充电站,特来电,2,其他
特来电汽车充电站(临潼及时雨西泉东赵村电动汽车),汽车相关,充电站,109.1300038,34.39100651,陕西省,西安市,109.1300038,34.39100651,特来电汽车充电站(临潼及时雨西泉东赵村电动汽车),西安市,汽车相关 充电站,特来电,4,其他
特来电汽车充电站(临潼区及时雨108国道苗坡),汽车相关,充电站,109.239722,34.40067111,陕西省,西安市,109.239722,34.40067111,特来电汽车充电站(临潼区及时雨108国道苗坡),西安市,汽车相关 充电站,特来电,6,其他
特来电汽车充电站(临潼及时雨新市街办高庙),汽车相关,充电站,109.2056363,34.53106761,陕西省,西安市,109.2056363,34.53106761,特来电汽车充电站(临潼及时雨新市街办高庙),西安市,汽车相关 充电站,特来电,4,其他
特来电汽车充电站(西安临潼双创科技园),汽车相关,充电站,109.1812284,34.45648031,陕西省,西安市,109.1812284,34.45648031,特来电汽车充电站(西安临潼双创科技园),西安市,汽车相关 充电站,特来电,6,其他
特来电汽车充电站(临潼区及时雨行者街办行西路),汽车相关,充电站,109.1950615,34.39682746,陕西省,西安市,109.1950615,34.39682746,特来电汽车充电站(临潼区及时雨行者街办行西路),西安市,汽车相关 充电站,特来电,4,其他
特来电汽车充电站(临潼及时雨新市街办高庙站),汽车相关,充电站,109.2057003,34.5310196,陕西省,西安市,109.2057003,34.5310196,特来电汽车充电站(临潼及时雨新市街办高庙站),西安市,汽车相关 充电站,特来电,3,其他
特来电汽车充电站(西安临潼奥特莱斯),汽车相关,充电站,109.1730275,34.36207027,陕西省,西安市,109.1730275,34.36207027,特来电汽车充电站(西安临潼奥特莱斯),西安市,汽车相关 充电站,特来电,4,其他
特来电汽车充电站(临潼区及时雨秦陵北路孙马路口),汽车相关,充电站,109.2792253,34.38891874,陕西省,西安市,109.2792253,34.38891874,特来电汽车充电站(临潼区及时雨秦陵北路孙马路口),西安市,汽车相关 充电站,特来电,7,其他
特来电汽车充电站(临潼区及时雨胡王),汽车相关,充电站,109.2366867,34.36683861,陕西省,西安市,109.2366867,34.36683861,特来电汽车充电站(临潼区及时雨胡王),西安市,汽车相关 充电站,特来电,3,其他
特来电汽车充电站(西安郭杜西街川延),汽车相关,充电站,108.8570873,34.15908386,陕西省,西安市,108.8570873,34.15908386,特来电汽车充电站(西安郭杜西街川延),西安市,汽车相关 充电站,特来电,4,其他
特来电汽车充电站(沣东云创中心充电站),汽车相关,充电站,108.8005324,34.2349388,陕西省,西安市,108.8005324,34.2349388,特来电汽车充电站(沣东云创中心充电站),西安市,汽车相关 充电站,特来电,6,其他
特来电汽车充电站(西安电子科技大学南校区研究生公寓),汽车相关,充电站,108.834092,34.12765913,陕西省,西安市,108.834092,34.12765913,特来电汽车充电站(西安电子科技大学南校区研究生公寓),西安市,汽车相关 充电站,特来电,6,其他
特来电汽车充电站(西咸汽服张旺渠充电站),汽车相关,充电站,108.7488871,34.23835584,陕西省,西安市,108.7488871,34.23835584,特来电汽车充电站(西咸汽服张旺渠充电站),西安市,汽车相关 充电站,特来电,6,其他
特来电汽车充电站(西安科创基金园),汽车相关,充电站,108.8276811,34.13093116,陕西省,西安市,108.8276811,34.13093116,特来电汽车充电站(西安科创基金园),西安市,汽车相关 充电站,特来电,5,其他
特来电汽车充电站(翰林南路二期充电站),汽车相关,充电站,108.8690577,34.14170147,陕西省,西安市,108.8690577,34.14170147,特来电汽车充电站(翰林南路二期充电站),西安市,汽车相关 充电站,特来电,2,其他
特来电汽车充电站(普贤寺村充电站),汽车相关,充电站,108.7724969,34.1741949,陕西省,西安市,108.7724969,34.1741949,特来电汽车充电站(普贤寺村充电站),西安市,汽车相关 充电站,特来电,6,其他
特来电汽车充电站(西安市长安区团校长安充电站),汽车相关,充电站,108.9489263,34.11272238,陕西省,西安市,108.9489263,34.11272238,特来电汽车充电站(西安市长安区团校长安充电站),西安市,汽车相关 充电站,特来电,3,其他
特来电汽车充电站(长安太乙驿公园充电站),汽车相关,充电站,109.0146933,34.03360171,陕西省,西安市,109.0146933,34.03360171,特来电汽车充电站(长安太乙驿公园充电站),西安市,汽车相关 充电站,特来电,6,其他
特来电汽车充电站(西咸汽租沣华熙城电动汽车充电站),汽车相关,充电站,108.7807604,34.25705831,陕西省,西安市,108.7807604,34.25705831,特来电汽车充电站(西咸汽租沣华熙城电动汽车充电站),西安市,汽车相关 充电站,特来电,5,其他
特来电汽车充电站(西咸文创小镇电动汽车充电站),汽车相关,充电站,108.7268027,34.24469712,陕西省,西安市,108.7268027,34.24469712,特来电汽车充电站(西咸文创小镇电动汽车充电站),西安市,汽车相关 充电站,特来电,7,其他
特来电汽车充电站(西安电子科技大学南校区教学楼西停车场),汽车相关,充电站,108.8302081,34.12664417,陕西省,西安市,108.8302081,34.12664417,特来电汽车充电站(西安电子科技大学南校区教学楼西停车场),西安市,汽车相关 充电站,特来电,3,其他
特来电汽车充电站(电子谷F区充电站),汽车相关,充电站,108.8130475,34.10060263,陕西省,西安市,108.8130475,34.10060263,特来电汽车充电站(电子谷F区充电站),西安市,汽车相关 充电站,特来电,5,其他
特来电汽车充电站(电子谷H区充电站),汽车相关,充电站,108.8129235,34.10145762,陕西省,西安市,108.8129235,34.10145762,特来电汽车充电站(电子谷H区充电站),西安市,汽车相关 充电站,特来电,7,其他
特来电汽车充电站(长安文化中心充电站),汽车相关,充电站,108.8792348,34.157027,陕西省,西安市,108.8792348,34.157027,特来电汽车充电站(长安文化中心充电站),西安市,汽车相关 充电站,特来电,8,其他
特来电汽车充电站(特来电长安区长兴北路骐骥),汽车相关,充电站,108.9389486,34.17121333,陕西省,西安市,108.9389486,34.17121333,特来电汽车充电站(特来电长安区长兴北路骐骥),西安市,汽车相关 充电站,特来电,8,其他
特来电汽车充电站(拓士乐长兴北路新能源),汽车相关,充电站,108.9392215,34.17112828,陕西省,西安市,108.9392215,34.17112828,特来电汽车充电站(拓士乐长兴北路新能源),西安市,汽车相关 充电站,特来电,3,其他
特来电汽车充电站(长安文化中心),汽车相关,充电站,108.8792348,34.157027,陕西省,西安市,108.8792348,34.157027,特来电汽车充电站(长安文化中心),西安市,汽车相关 充电站,特来电,4,其他
特来电汽车充电站(长安区乔乔),汽车相关,充电站,108.8698405,34.16361139,陕西省,西安市,108.8698405,34.16361139,特来电汽车充电站(长安区乔乔),西安市,汽车相关 充电站,特来电,2,其他
特来电汽车充电站(特来电长安区金家巷),汽车相关,充电站,108.9351665,34.15005906,陕西省,西安市,108.9351665,34.15005906,特来电汽车充电站(特来电长安区金家巷),西安市,汽车相关 充电站,特来电,2,其他
特来电汽车充电站(凯里亚德酒店),汽车相关,充电站,108.8808235,34.17296376,陕西省,西安市,108.8808235,34.17296376,特来电汽车充电站(凯里亚德酒店),西安市,汽车相关 充电站,特来电,5,其他
特来电汽车充电站(拓士乐长安南路),汽车相关,充电站,108.9449052,34.17707719,陕西省,西安市,108.9449052,34.17707719,特来电汽车充电站(拓士乐长安南路),西安市,汽车相关 充电站,特来电,7,其他
特来电汽车充电站(东大村委会广场充电服务站),汽车相关,充电站,108.7669548,34.03790984,陕西省,西安市,108.7669548,34.03790984,特来电汽车充电站(东大村委会广场充电服务站),西安市,汽车相关 充电站,特来电,2,其他
特来电汽车充电站(南五台景区游客中心站),汽车相关,充电站,108.9706662,34.01900591,陕西省,西安市,108.9706662,34.01900591,特来电汽车充电站(南五台景区游客中心站),西安市,汽车相关 充电站,特来电,7,其他
特来电汽车充电站(西安长安区潏河公园),汽车相关,充电站,108.9589852,34.12338766,陕西省,西安市,108.9589852,34.12338766,特来电汽车充电站(西安长安区潏河公园),西安市,汽车相关 充电站,特来电,7,其他
特来电汽车充电站(特来电西沣路五龙凯里亚德酒店),汽车相关,充电站,108.8811025,34.17353572,陕西省,西安市,108.8811025,34.17353572,特来电汽车充电站(特来电西沣路五龙凯里亚德酒店),西安市,汽车相关 充电站,特来电,5,其他
特来电汽车充电站(西安首创奥特莱斯商业),汽车相关,充电站,108.7588872,34.15140853,陕西省,西安市,108.7588872,34.15140853,特来电汽车充电站(西安首创奥特莱斯商业),西安市,汽车相关 充电站,特来电,5,其他
特来电汽车充电站(西安高新区信息大道),汽车相关,充电站,108.8490072,34.16670854,陕西省,西安市,108.8490072,34.16670854,特来电汽车充电站(西安高新区信息大道),西安市,汽车相关 充电站,特来电,5,其他
特来电汽车充电站(西安青华山旅游景区站),汽车相关,充电站,108.832788,34.02604905,陕西省,西安市,108.832788,34.02604905,特来电汽车充电站(西安青华山旅游景区站),西安市,汽车相关 充电站,特来电,2,其他
特来电汽车充电站(西安长安老韦鸣路充电站),汽车相关,充电站,109.0227158,34.15947619,陕西省,西安市,109.0227158,34.15947619,特来电汽车充电站(西安长安老韦鸣路充电站),西安市,汽车相关 充电站,特来电,8,其他
特来电汽车充电站(南五台服务区),汽车相关,充电站,108.9952665,34.02571677,陕西省,西安市,108.9952665,34.02571677,特来电汽车充电站(南五台服务区),西安市,汽车相关 充电站,特来电,5,其他
特来电汽车充电站(柳溪苑),汽车相关,充电站,108.9431676,34.02304441,陕西省,西安市,108.9431676,34.02304441,特来电汽车充电站(柳溪苑),西安市,汽车相关 充电站,特来电,2,其他
特来电汽车充电站(特来电极速),汽车相关,充电站,108.7708016,34.04546749,陕西省,西安市,108.7708016,34.04546749,特来电汽车充电站(特来电极速),西安市,汽车相关 充电站,特来电,5,其他
特来电汽车充电站(西安市长安区五星街办),汽车相关,充电站,108.7873155,34.08296504,陕西省,西安市,108.7873155,34.08296504,特来电汽车充电站(西安市长安区五星街办),西安市,汽车相关 充电站,特来电,6,其他
特来电汽车充电站(西安长安绿地城锦湖街),汽车相关,充电站,108.9194505,34.13997829,陕西省,西安市,108.9194505,34.13997829,特来电汽车充电站(西安长安绿地城锦湖街),西安市,汽车相关 充电站,特来电,7,其他
特来电汽车充电站(特来电长安区伍府井),汽车相关,充电站,109.0177484,34.1621009,陕西省,西安市,109.0177484,34.1621009,特来电汽车充电站(特来电长安区伍府井),西安市,汽车相关 充电站,特来电,5,其他
特来电汽车充电站(特来电西安长安鸣犊),汽车相关,充电站,109.1232844,34.122578,陕西省,西安市,109.1232844,34.122578,特来电汽车充电站(特来电西安长安鸣犊),西安市,汽车相关 充电站,特来电,3,其他
特来电汽车充电站(正衡金融广场),汽车相关,充电站,108.965192,34.15338074,陕西省,西安市,108.965192,34.15338074,特来电汽车充电站(正衡金融广场),西安市,汽车相关 充电站,特来电,7,其他
特来电汽车充电站(特来电西安市长安区樊川公园),汽车相关,充电站,108.9461609,34.13552191,陕西省,西安市,108.9461609,34.13552191,特来电汽车充电站(特来电西安市长安区樊川公园),西安市,汽车相关 充电站,特来电,7,其他
特来电汽车充电站(西安长安引镇),汽车相关,充电站,109.1022221,34.07606562,陕西省,西安市,109.1022221,34.07606562,特来电汽车充电站(西安长安引镇),西安市,汽车相关 充电站,特来电,5,其他
特来电汽车充电站(西安长安太乙宫),汽车相关,充电站,109.0084512,34.03228156,陕西省,西安市,109.0084512,34.03228156,特来电汽车充电站(西安长安太乙宫),西安市,汽车相关 充电站,特来电,8,其他
特来电汽车充电站(子午大道),汽车相关,充电站,108.9042983,34.15225842,陕西省,西安市,108.9042983,34.15225842,特来电汽车充电站(子午大道),西安市,汽车相关 充电站,特来电,4,其他
特来电汽车充电站(伍府井站),汽车相关,充电站,109.0190905,34.16216697,陕西省,西安市,109.0190905,34.16216697,特来电汽车充电站(伍府井站),西安市,汽车相关 充电站,特来电,8,其他
特来电汽车充电站(天兰公司充电站),汽车相关,充电站,109.0152501,34.47622313,陕西省,西安市,109.0152501,34.47622313,特来电汽车充电站(天兰公司充电站),西安市,汽车相关 充电站,特来电,5,其他
特来电汽车充电站(西安泾渭体育中心充电站),汽车相关,充电站,108.985065,34.46288482,陕西省,西安市,108.985065,34.46288482,特来电汽车充电站(西安泾渭体育中心充电站),西安市,汽车相关 充电站,特来电,7,其他
特来电汽车充电站(长庆东路充电站),汽车相关,充电站,109.011941,34.447081,陕西省,西安市,109.011941,34.447081,特来电汽车充电站(长庆东路充电站),西安市,汽车相关 充电站,特来电,3,其他
特来电汽车充电站(西安市高陵区世通修理厂),汽车相关,充电站,109.0204624,34.50278041,陕西省,西安市,109.0204624,34.50278041,特来电汽车充电站(西安市高陵区世通修理厂),西安市,汽车相关 充电站,特来电,7,其他
特来电汽车充电站(西安健康公园),汽车相关,充电站,109.0916521,34.53458167,陕西省,西安市,109.0916521,34.53458167,特来电汽车充电站(西安健康公园),西安市,汽车相关 充电站,特来电,8,其他
特来电汽车充电站(西安高陵利民加气站充电站),汽车相关,充电站,109.0761578,34.54545112,陕西省,西安市,109.0761578,34.54545112,特来电汽车充电站(西安高陵利民加气站充电站),西安市,汽车相关 充电站,特来电,3,其他
特来电汽车充电站(特来电大秦智能),汽车相关,充电站,108.9843261,34.44628688,陕西省,西安市,108.9843261,34.44628688,特来电汽车充电站(特来电大秦智能),西安市,汽车相关 充电站,特来电,2,其他
特来电汽车充电站(高陵尊龙实业),汽车相关,充电站,108.9883927,34.4833606,陕西省,西安市,108.9883927,34.4833606,特来电汽车充电站(高陵尊龙实业),西安市,汽车相关 充电站,特来电,6,其他
特来电汽车充电站(长庆东路),汽车相关,充电站,109.012105,34.446716,陕西省,西安市,109.012105,34.446716,特来电汽车充电站(长庆东路),西安市,汽车相关 充电站,特来电,7,其他
特来电汽车充电站(西安高陵融豪工业城),汽车相关,充电站,109.0576361,34.50590621,陕西省,西安市,109.0576361,34.50590621,特来电汽车充电站(西安高陵融豪工业城),西安市,汽车相关 充电站,特来电,5,其他
特来电汽车充电站(西安高陵澳秦新材料站),汽车相关,充电站,108.9859489,34.47928078,陕西省,西安市,108.9859489,34.47928078,特来电汽车充电站(西安高陵澳秦新材料站),西安市,汽车相关 充电站,特来电,2,其他
特来电汽车充电站(西安高陵泾渭国际酒店),汽车相关,充电站,109.0021359,34.47950499,陕西省,西安市,109.0021359,34.47950499,特来电汽车充电站(西安高陵泾渭国际酒店),西安市,汽车相关 充电站,特来电,6,其他
特来电汽车充电站(朝李村),汽车相关,充电站,109.0219855,34.52121252,陕西省,西安市,109.0219855,34.52121252,特来电汽车充电站(朝李村),西安市,汽车相关 充电站,特来电,5,其他
特来电汽车充电站(陕汽高陵普仕德),汽车相关,充电站,109.0182603,34.47562727,陕西省,西安市,109.0182603,34.47562727,特来电汽车充电站(陕汽高陵普仕德),西安市,汽车相关 充电站,特来电,4,其他
特来电汽车充电站(西安泾渭体育中心),汽车相关,充电站,108.984917,34.46295984,陕西省,西安市,108.984917,34.46295984,特来电汽车充电站(西安泾渭体育中心),西安市,汽车相关 充电站,特来电,5,其他
特来电汽车充电站(快的跟马一样),汽车相关,充电站,109.0575591,34.48913818,陕西省,西安市,109.0575591,34.48913818,特来电汽车充电站(快的跟马一样),西安市,汽车相关 充电站,特来电,3,其他
特来电汽车充电站(鄠邑区天诚祥充电站),汽车相关,充电站,108.5887826,34.18201271,陕西省,西安市,108.5887826,34.18201271,特来电汽车充电站(鄠邑区天诚祥充电站),西安市,汽车相关 充电站,特来电,3,其他
特来电汽车充电站(西安户县天慧国际),汽车相关,充电站,108.6201284,34.10772474,陕西省,西安市,108.6201284,34.10772474,特来电汽车充电站(西安户县天慧国际),西安市,汽车相关 充电站,特来电,4,其他
特来电汽车充电站(易佰旅店大王店),汽车相关,充电站,108.6579496,34.20197533,陕西省,西安市,108.6579496,34.20197533,特来电汽车充电站(易佰旅店大王店),西安市,汽车相关 充电站,特来电,2,其他
特来电汽车充电站(康思特丰京路),汽车相关,充电站,108.6274399,34.10773857,陕西省,西安市,108.6274399,34.10773857,特来电汽车充电站(康思特丰京路),西安市,汽车相关 充电站,特来电,6,其他
特来电汽车充电站(鄠邑区亿丰时代),汽车相关,充电站,108.63851,34.10784704,陕西省,西安市,108.63851,34.10784704,特来电汽车充电站(鄠邑区亿丰时代),西安市,汽车相关 充电站,特来电,5,其他
特来电汽车充电站(鄠投新能源西街),汽车相关,充电站,108.5980644,34.10824878,陕西省,西安市,108.5980644,34.10824878,特来电汽车充电站(鄠投新能源西街),西安市,汽车相关 充电站,特来电,3,其他
特来电汽车充电站(西安三元精密科技站),汽车相关,充电站,108.7098701,34.04093564,陕西省,西安市,108.7098701,34.04093564,特来电汽车充电站(西安三元精密科技站),西安市,汽车相关 充电站,特来电,2,其他
特来电汽车充电站(溯光丨新能源汽车充电站),汽车相关,充电站,109.292127,34.16947648,陕西省,西安市,109.292127,34.16947648,特来电汽车充电站(溯光丨新能源汽车充电站),西安市,汽车相关 充电站,特来电,4,其他
特来电汽车充电站(蓝田人人乐充电驿站充电站),汽车相关,充电站,109.2849422,34.19008256,陕西省,西安市,109.2849422,34.19008256,特来电汽车充电站(蓝田人人乐充电驿站充电站),西安市,汽车相关 充电站,特来电,8,其他
特来电汽车充电站(西安蓝田县东城水库),汽车相关,充电站,109.3309186,34.15355146,陕西省,西安市,109.3309186,34.15355146,特来电汽车充电站(西安蓝田县东城水库),西安市,汽车相关 充电站,特来电,7,其他
特来电汽车充电站(冠群新能源-公牛周至城河商业街充电站),汽车相关,充电站,108.2213694,34.16129751,陕西省,西安市,108.2213694,34.16129751,特来电汽车充电站(冠群新能源-公牛周至城河商业街充电站),西安市,汽车相关 充电站,特来电,8,其他
特来电汽车充电站(沙河生态充电站),汽车相关,充电站,108.2328492,34.16568272,陕西省,西安市,108.2328492,34.16568272,特来电汽车充电站(沙河生态充电站),西安市,汽车相关 充电站,特来电,8,其他
特来电汽车充电站(冠群新能源周至联集中心街充电站),汽车相关,充电站,108.067084,34.21610216,陕西省,西安市,108.067084,34.21610216,特来电汽车充电站(冠群新能源周至联集中心街充电站),西安市,汽车相关 充电站,特来电,3,其他
特来电汽车充电站(周至县楼观镇猕猴桃直营店新能源汽车充电站),汽车相关,充电站,108.3203201,34.0799915,陕西省,西安市,108.3203201,34.0799915,特来电汽车充电站(周至县楼观镇猕猴桃直营店新能源汽车充电站),西安市,汽车相关 充电站,特来电,4,其他
特来电汽车充电站(周至县楼观镇周一村终南雅集民宿新能源汽车充电站),汽车相关,充电站,108.2514422,34.05616843,陕西省,西安市,108.2514422,34.05616843,特来电汽车充电站(周至县楼观镇周一村终南雅集民宿新能源汽车充电站),西安市,汽车相关 充电站,特来电,5,其他
特来电汽车充电站(周至县环城北路快易通充电站),汽车相关,充电站,108.2211234,34.16798755,陕西省,西安市,108.2211234,34.16798755,特来电汽车充电站(周至县环城北路快易通充电站),西安市,汽车相关 充电站,特来电,8,其他
特来电汽车充电站(周至县楼观镇人民政府新能源汽车充电站),汽车相关,充电站,108.3040676,34.08586363,陕西省,西安市,108.3040676,34.08586363,特来电汽车充电站(周至县楼观镇人民政府新能源汽车充电站),西安市,汽车相关 充电站,特来电,8,其他
特来电汽车充电站(西安周至青化镇联集村),汽车相关,充电站,108.0746189,34.21642472,陕西省,西安市,108.0746189,34.21642472,特来电汽车充电站(西安周至青化镇联集村),西安市,汽车相关 充电站,特来电,6,其他
特来电汽车充电站(周至县摩托城自动化超快),汽车相关,充电站,108.2291349,34.15729032,陕西省,西安市,108.2291349,34.15729032,特来电汽车充电站(周至县摩托城自动化超快),西安市,汽车相关 充电站,特来电,3,其他
联行汽车充电站(连霍高速高桥服务区快充站连云港方向),汽车相关,充电站,108.7101701,34.25503687,陕西省,西安市,108.7101701,34.25503687,联行汽车充电站(连霍高速高桥服务区快充站连云港方向),西安市,汽车相关 充电站,其他,3,其他
腾势充电站(西安城投新能源有限公司站),汽车相关,充电站,109.004937,34.28826974,陕西省,西安市,109.004937,34.28826974,腾势充电站(西安城投新能源有限公司站),西安市,汽车相关 充电站,其他,5,其他
腾势充电站(西咸公服启航佳苑站),汽车相关,充电站,108.8156397,34.29987906,陕西省,西安市,108.8156397,34.29987906,腾势充电站(西咸公服启航佳苑站),西安市,汽车相关 充电站,其他,7,其他
腾势充电站(智巢产业园一期站),汽车相关,充电站,108.8542577,34.36916146,陕西省,西安市,108.8542577,34.36916146,腾势充电站(智巢产业园一期站),西安市,汽车相关 充电站,其他,2,其他
腾势充电站(西安中海大厦站),汽车相关,充电站,108.9849732,34.20321952,陕西省,西安市,108.9849732,34.20321952,腾势充电站(西安中海大厦站),西安市,汽车相关 充电站,其他,6,其他
腾势充电站(陕西广联药业站),汽车相关,充电站,108.833418,34.2441823,陕西省,西安市,108.833418,34.2441823,腾势充电站(陕西广联药业站),西安市,汽车相关 充电站,其他,3,其他
蔚景云汽车充电站(西安长乐花卉市场大型充电站),汽车相关,充电站,109.005969,34.26274171,陕西省,西安市,109.005969,34.26274171,蔚景云汽车充电站(西安长乐花卉市场大型充电站),西安市,汽车相关 充电站,其他,6,其他
蔚景云汽车充电站(西安长乐花卉市场大型),汽车相关,充电站,109.00597,34.26274071,陕西省,西安市,109.00597,34.26274071,蔚景云汽车充电站(西安长乐花卉市场大型),西安市,汽车相关 充电站,其他,3,其他
蔚景云汽车充电站(内部站),汽车相关,充电站,108.9209131,34.27024716,陕西省,西安市,108.9209131,34.27024716,蔚景云汽车充电站(内部站),西安市,汽车相关 充电站,其他,6,其他
蔚景云汽车充电站(灞桥区张李村快充站),汽车相关,充电站,109.0889935,34.22539771,陕西省,西安市,109.0889935,34.22539771,蔚景云汽车充电站(灞桥区张李村快充站),西安市,汽车相关 充电站,其他,4,其他
蔚景云汽车充电站(小飞象西安汉城湖汉乐府酒店充电站),汽车相关,充电站,108.9197334,34.29985145,陕西省,西安市,108.9197334,34.29985145,蔚景云汽车充电站(小飞象西安汉城湖汉乐府酒店充电站),西安市,汽车相关 充电站,其他,8,其他
蔚景云汽车充电站(小飞象西安东方名苑充电站),汽车相关,充电站,108.9898897,34.30563628,陕西省,西安市,108.9898897,34.30563628,蔚景云汽车充电站(小飞象西安东方名苑充电站),西安市,汽车相关 充电站,其他,3,其他
蔚景云汽车充电站(小飞象西安东方名苑),汽车相关,充电站,108.9898887,34.30563428,陕西省,西安市,108.9898887,34.30563428,蔚景云汽车充电站(小飞象西安东方名苑),西安市,汽车相关 充电站,其他,6,其他
蔚景云汽车充电站(小飞象西安汇成天玺酒店C座地下停车场快充站),汽车相关,充电站,108.9396284,34.19590923,陕西省,西安市,108.9396284,34.19590923,蔚景云汽车充电站(小飞象西安汇成天玺酒店C座地下停车场快充站),西安市,汽车相关 充电站,其他,2,其他
蔚景云汽车充电站(绿道电通南三环快充站),汽车相关,充电站,108.9152835,34.18931922,陕西省,西安市,108.9152835,34.18931922,蔚景云汽车充电站(绿道电通南三环快充站),西安市,汽车相关 充电站,其他,4,其他
蔚景云汽车充电站(西安中升之星-奔驰充电星驿站),汽车相关,充电站,108.790331,34.2870017,陕西省,西安市,108.790331,34.2870017,蔚景云汽车充电站(西安中升之星-奔驰充电星驿站),西安市,汽车相关 充电站,其他,4,其他
蔚景云汽车充电站(小易智充西安华胥站),汽车相关,充电站,109.1818234,34.22736395,陕西省,西安市,109.1818234,34.22736395,蔚景云汽车充电站(小易智充西安华胥站),西安市,汽车相关 充电站,其他,2,其他
蔚景云汽车充电站(周至城河商业街快充站),汽车相关,充电站,108.2218043,34.16147245,陕西省,西安市,108.2218043,34.16147245,蔚景云汽车充电站(周至城河商业街快充站),西安市,汽车相关 充电站,其他,6,其他
蔚景云汽车充电站(冠群新能源周至联庄村快充站),汽车相关,充电站,108.0447482,34.21556918,陕西省,西安市,108.0447482,34.21556918,蔚景云汽车充电站(冠群新能源周至联庄村快充站),西安市,汽车相关 充电站,其他,5,其他
蔚景云汽车充电站(周至楼观三家庄村委会广场充电站),汽车相关,充电站,108.2717669,34.10118697,陕西省,西安市,108.2717669,34.10118697,蔚景云汽车充电站(周至楼观三家庄村委会广场充电站),西安市,汽车相关 充电站,其他,2,其他
蔚景云汽车充电站(凤凰家宴快充站),汽车相关,充电站,108.0553953,34.13873085,陕西省,西安市,108.0553953,34.13873085,蔚景云汽车充电站(凤凰家宴快充站),西安市,汽车相关 充电站,其他,6,其他
蔚景云汽车充电站(周至联庄村快充站),汽车相关,充电站,108.0447482,34.21556918,陕西省,西安市,108.0447482,34.21556918,蔚景云汽车充电站(周至联庄村快充站),西安市,汽车相关 充电站,其他,2,其他
蔚景云汽车充电站(周至楼观三家庄村委会广场),汽车相关,充电站,108.2717619,34.10118596,陕西省,西安市,108.2717619,34.10118596,蔚景云汽车充电站(周至楼观三家庄村委会广场),西安市,汽车相关 充电站,其他,2,其他
蔚景云汽车充电站(周至联集中心街),汽车相关,充电站,108.0679572,34.21678433,陕西省,西安市,108.0679572,34.21678433,蔚景云汽车充电站(周至联集中心街),西安市,汽车相关 充电站,其他,3,其他
蔚景云汽车充电站(周至杏园村快充站),汽车相关,充电站,108.0610726,34.18460294,陕西省,西安市,108.0610726,34.18460294,蔚景云汽车充电站(周至杏园村快充站),西安市,汽车相关 充电站,其他,6,其他
蔚景云汽车充电站(西安周至青化镇联集村快充),汽车相关,充电站,108.0746619,34.21646373,陕西省,西安市,108.0746619,34.21646373,蔚景云汽车充电站(西安周至青化镇联集村快充),西安市,汽车相关 充电站,其他,5,其他
蔚景汽车充电站(隆源孙武路二期),汽车相关,充电站,108.8292011,34.30475143,陕西省,西安市,108.8292011,34.30475143,蔚景汽车充电站(隆源孙武路二期),西安市,汽车相关 充电站,其他,8,其他
超翔汽车充电站(超翔快充站西安丰产路),汽车相关,充电站,108.8978988,34.34272597,陕西省,西安市,108.8978988,34.34272597,超翔汽车充电站(超翔快充站西安丰产路),西安市,汽车相关 充电站,其他,3,其他
达克云汽车充电站(立信路充电站),汽车相关,充电站,108.8715543,34.28386634,陕西省,西安市,108.8715543,34.28386634,达克云汽车充电站(立信路充电站),西安市,汽车相关 充电站,其他,2,其他
达克云汽车充电站(鑫盛充电站),汽车相关,充电站,109.1016979,34.37353681,陕西省,西安市,109.1016979,34.37353681,达克云汽车充电站(鑫盛充电站),西安市,汽车相关 充电站,其他,8,其他
达克云汽车充电站(众益捷充),汽车相关,充电站,109.1129859,34.31774119,陕西省,西安市,109.1129859,34.31774119,达克云汽车充电站(众益捷充),西安市,汽车相关 充电站,其他,7,其他
达克云汽车充电站(杏园收费站办公区),汽车相关,充电站,109.0201744,34.36379624,陕西省,西安市,109.0201744,34.36379624,达克云汽车充电站(杏园收费站办公区),西安市,汽车相关 充电站,其他,8,其他
达克云汽车充电站(三桥收费站办公区),汽车相关,充电站,108.8039568,34.29927522,陕西省,西安市,108.8039568,34.29927522,达克云汽车充电站(三桥收费站办公区),西安市,汽车相关 充电站,其他,2,其他
达克云汽车充电站(西咸收费站办公区),汽车相关,充电站,108.7979861,34.32585768,陕西省,西安市,108.7979861,34.32585768,达克云汽车充电站(西咸收费站办公区),西安市,汽车相关 充电站,其他,2,其他
达克云汽车充电站(顺新能源百优电站),汽车相关,充电站,108.8958043,34.37930944,陕西省,西安市,108.8958043,34.37930944,达克云汽车充电站(顺新能源百优电站),西安市,汽车相关 充电站,其他,6,其他
达克云汽车充电站(中铁一局凤城八路超级充电站2),汽车相关,充电站,108.9701651,34.34025028,陕西省,西安市,108.9701651,34.34025028,达克云汽车充电站(中铁一局凤城八路超级充电站2),西安市,汽车相关 充电站,其他,6,其他
达克云汽车充电站(圣朗国际充电站),汽车相关,充电站,108.9380887,34.35377976,陕西省,西安市,108.9380887,34.35377976,达克云汽车充电站(圣朗国际充电站),西安市,汽车相关 充电站,其他,3,其他
达克云汽车充电站(高新收费站办公区),汽车相关,充电站,108.8936498,34.19134754,陕西省,西安市,108.8936498,34.19134754,达克云汽车充电站(高新收费站办公区),西安市,汽车相关 充电站,其他,5,其他
达克云汽车充电站(冠英),汽车相关,充电站,108.9994632,34.22924876,陕西省,西安市,108.9994632,34.22924876,达克云汽车充电站(冠英),西安市,汽车相关 充电站,其他,3,其他
达克云汽车充电站(永泰光储液冷超充充电站),汽车相关,充电站,108.8900006,34.18831321,陕西省,西安市,108.8900006,34.18831321,达克云汽车充电站(永泰光储液冷超充充电站),西安市,汽车相关 充电站,其他,4,其他
达克云汽车充电站(电和元西安市阎良区翔宇光伏区政府充电站),汽车相关,充电站,109.2247231,34.66202604,陕西省,西安市,109.2247231,34.66202604,达克云汽车充电站(电和元西安市阎良区翔宇光伏区政府充电站),西安市,汽车相关 充电站,其他,2,其他
达克云汽车充电站(电和元西安市阎良区翔宇光伏应急管理局充电站),汽车相关,充电站,109.270833,34.6633975,陕西省,西安市,109.270833,34.6633975,达克云汽车充电站(电和元西安市阎良区翔宇光伏应急管理局充电站),西安市,汽车相关 充电站,其他,8,其他
达克云汽车充电站(鑫锦起点二手车-快充站),汽车相关,充电站,109.2810508,34.66335571,陕西省,西安市,109.2810508,34.66335571,达克云汽车充电站(鑫锦起点二手车-快充站),西安市,汽车相关 充电站,其他,7,其他
达克云汽车充电站(西安市临潼区权中充电站),汽车相关,充电站,109.2985958,34.56733608,陕西省,西安市,109.2985958,34.56733608,达克云汽车充电站(西安市临潼区权中充电站),西安市,汽车相关 充电站,其他,2,其他
达克云汽车充电站(特充清凉山居充电站),汽车相关,充电站,108.9364192,34.17561884,陕西省,西安市,108.9364192,34.17561884,达克云汽车充电站(特充清凉山居充电站),西安市,汽车相关 充电站,其他,2,其他
达克云汽车充电站(坐标闪充吉泰路充电站),汽车相关,充电站,108.9505559,34.16535113,陕西省,西安市,108.9505559,34.16535113,达克云汽车充电站(坐标闪充吉泰路充电站),西安市,汽车相关 充电站,其他,3,其他
达克云汽车充电站(西宝高速分公司办公区),汽车相关,充电站,108.8084672,34.25018852,陕西省,西安市,108.8084672,34.25018852,达克云汽车充电站(西宝高速分公司办公区),西安市,汽车相关 充电站,其他,7,其他
达克云汽车充电站(陕西交控集团西安市市外环路杨庄服务区北区),汽车相关,充电站,109.1464606,34.06026139,陕西省,西安市,109.1464606,34.06026139,达克云汽车充电站(陕西交控集团西安市市外环路杨庄服务区北区),西安市,汽车相关 充电站,其他,7,其他
达克云汽车充电站(陕西交控集团西安市市外环路杨庄服务区南区),汽车相关,充电站,109.1465866,34.05812541,陕西省,西安市,109.1465866,34.05812541,达克云汽车充电站(陕西交控集团西安市市外环路杨庄服务区南区),西安市,汽车相关 充电站,其他,7,其他
达克云汽车充电站(陕西交控集团西安市外环路子午服务区北区),汽车相关,充电站,108.9106957,34.06623404,陕西省,西安市,108.9106957,34.06623404,达克云汽车充电站(陕西交控集团西安市外环路子午服务区北区),西安市,汽车相关 充电站,其他,3,其他
达克云汽车充电站(陕西交控集团西安市外环路子午服务区南区),汽车相关,充电站,108.9089321,34.06456739,陕西省,西安市,108.9089321,34.06456739,达克云汽车充电站(陕西交控集团西安市外环路子午服务区南区),西安市,汽车相关 充电站,其他,2,其他
达克云汽车充电站(陕西交控集团西镇分公司办公区),汽车相关,充电站,109.0159194,34.05017175,陕西省,西安市,109.0159194,34.05017175,达克云汽车充电站(陕西交控集团西镇分公司办公区),西安市,汽车相关 充电站,其他,3,其他
达克云汽车充电站(兆丰充电站),汽车相关,充电站,108.8046768,34.09560001,陕西省,西安市,108.8046768,34.09560001,达克云汽车充电站(兆丰充电站),西安市,汽车相关 充电站,其他,6,其他
达克云汽车充电站(沣峪口),汽车相关,充电站,108.8198409,34.05066391,陕西省,西安市,108.8198409,34.05066391,达克云汽车充电站(沣峪口),西安市,汽车相关 充电站,其他,6,其他
达克云汽车充电站(沣峪口充电站),汽车相关,充电站,108.8198379,34.05066391,陕西省,西安市,108.8198379,34.05066391,达克云汽车充电站(沣峪口充电站),西安市,汽车相关 充电站,其他,3,其他
速易充汽车充电站(新兴戴维斯大酒店),汽车相关,充电站,108.9970282,34.27040288,陕西省,西安市,108.9970282,34.27040288,速易充汽车充电站(新兴戴维斯大酒店),西安市,汽车相关 充电站,其他,7,其他
速易充汽车充电站(华威国际酒店),汽车相关,充电站,108.9562367,34.26117927,陕西省,西安市,108.9562367,34.26117927,速易充汽车充电站(华威国际酒店),西安市,汽车相关 充电站,其他,2,其他
速易充汽车充电站(西安大景城堡酒店),汽车相关,充电站,108.945344,34.24919719,陕西省,西安市,108.945344,34.24919719,速易充汽车充电站(西安大景城堡酒店),西安市,汽车相关 充电站,其他,3,其他
速易充汽车充电站(陕西电子商务酒店),汽车相关,充电站,108.9952293,34.26549094,陕西省,西安市,108.9952293,34.26549094,速易充汽车充电站(陕西电子商务酒店),西安市,汽车相关 充电站,其他,3,其他
速易充汽车充电站(雁塔路华润万家),汽车相关,充电站,108.9636432,34.24721508,陕西省,西安市,108.9636432,34.24721508,速易充汽车充电站(雁塔路华润万家),西安市,汽车相关 充电站,其他,3,其他
速易充汽车充电站(火炬路),汽车相关,充电站,109.0033741,34.24473071,陕西省,西安市,109.0033741,34.24473071,速易充汽车充电站(火炬路),西安市,汽车相关 充电站,其他,4,其他
速易充汽车充电站(金花南路),汽车相关,充电站,108.9963713,34.25134388,陕西省,西安市,108.9963713,34.25134388,速易充汽车充电站(金花南路),西安市,汽车相关 充电站,其他,6,其他
速易充汽车充电站(雁塔北路),汽车相关,充电站,108.9638062,34.24657404,陕西省,西安市,108.9638062,34.24657404,速易充汽车充电站(雁塔北路),西安市,汽车相关 充电站,其他,8,其他
速易充汽车充电站(西安市碑林区人民法院),汽车相关,充电站,108.9229695,34.23592768,陕西省,西安市,108.9229695,34.23592768,速易充汽车充电站(西安市碑林区人民法院),西安市,汽车相关 充电站,其他,7,其他
速易充汽车充电站(大唐西市停车场),汽车相关,充电站,108.9087072,34.24791566,陕西省,西安市,108.9087072,34.24791566,速易充汽车充电站(大唐西市停车场),西安市,汽车相关 充电站,其他,5,其他
速易充汽车充电站(飞鹿商务酒店莲湖路店),汽车相关,充电站,108.929166,34.27065245,陕西省,西安市,108.929166,34.27065245,速易充汽车充电站(飞鹿商务酒店莲湖路店),西安市,汽车相关 充电站,其他,8,其他
速易充汽车充电站(君诚国际酒店),汽车相关,充电站,108.9277083,34.26900174,陕西省,西安市,108.9277083,34.26900174,速易充汽车充电站(君诚国际酒店),西安市,汽车相关 充电站,其他,7,其他
速易充汽车充电站(北大街),汽车相关,充电站,108.9468707,34.27470794,陕西省,西安市,108.9468707,34.27470794,速易充汽车充电站(北大街),西安市,汽车相关 充电站,其他,5,其他
速易充汽车充电站(二环北路西段辅路),汽车相关,充电站,108.9424987,34.31042383,陕西省,西安市,108.9424987,34.31042383,速易充汽车充电站(二环北路西段辅路),西安市,汽车相关 充电站,其他,4,其他
速易充汽车充电站(九龙汽车),汽车相关,充电站,108.8150437,34.29108801,陕西省,西安市,108.8150437,34.29108801,速易充汽车充电站(九龙汽车),西安市,汽车相关 充电站,其他,3,其他
速易充汽车充电站(赛高街区停车场),汽车相关,充电站,108.9459289,34.3282842,陕西省,西安市,108.9459289,34.3282842,速易充汽车充电站(赛高街区停车场),西安市,汽车相关 充电站,其他,4,其他
速易充汽车充电站(龙华小区北),汽车相关,充电站,108.8464334,34.28567289,陕西省,西安市,108.8464334,34.28567289,速易充汽车充电站(龙华小区北),西安市,汽车相关 充电站,其他,4,其他
速易充汽车充电站(唐安酒店),汽车相关,充电站,108.9385376,34.30461759,陕西省,西安市,108.9385376,34.30461759,速易充汽车充电站(唐安酒店),西安市,汽车相关 充电站,其他,8,其他
速易充汽车充电站(明光路),汽车相关,充电站,108.9294389,34.33052648,陕西省,西安市,108.9294389,34.33052648,速易充汽车充电站(明光路),西安市,汽车相关 充电站,其他,2,其他
速易充汽车充电站(光华路),汽车相关,充电站,108.905123,34.23413236,陕西省,西安市,108.905123,34.23413236,速易充汽车充电站(光华路),西安市,汽车相关 充电站,其他,8,其他
速易充汽车充电站(西影路),汽车相关,充电站,108.98662,34.22824842,陕西省,西安市,108.98662,34.22824842,速易充汽车充电站(西影路),西安市,汽车相关 充电站,其他,6,其他
速易充汽车充电站(喆啡酒店),汽车相关,充电站,108.9442573,34.19194633,陕西省,西安市,108.9442573,34.19194633,速易充汽车充电站(喆啡酒店),西安市,汽车相关 充电站,其他,5,其他
速易充汽车充电站(金莎国际站),汽车相关,充电站,108.9472646,34.22571481,陕西省,西安市,108.9472646,34.22571481,速易充汽车充电站(金莎国际站),西安市,汽车相关 充电站,其他,3,其他
速易充汽车充电站(雁塔南路),汽车相关,充电站,108.9635153,34.20596404,陕西省,西安市,108.9635153,34.20596404,速易充汽车充电站(雁塔南路),西安市,汽车相关 充电站,其他,8,其他
速易充汽车充电站(长征国际酒店),汽车相关,充电站,108.878375,34.17208716,陕西省,西安市,108.878375,34.17208716,速易充汽车充电站(长征国际酒店),西安市,汽车相关 充电站,其他,5,其他
速易充汽车充电站(国色天香),汽车相关,充电站,108.8924471,34.15894172,陕西省,西安市,108.8924471,34.15894172,速易充汽车充电站(国色天香),西安市,汽车相关 充电站,其他,7,其他
驴充充汽车充电站(丰镐东路1号北公寓区),汽车相关,充电站,108.9037174,34.26268869,陕西省,西安市,108.9037174,34.26268869,驴充充汽车充电站(丰镐东路1号北公寓区),西安市,汽车相关 充电站,其他,5,其他
驴充充汽车充电站(长安真味宴会中心),汽车相关,充电站,109.0646969,34.3972725,陕西省,西安市,109.0646969,34.3972725,驴充充汽车充电站(长安真味宴会中心),西安市,汽车相关 充电站,其他,7,其他
驴充充汽车充电站(家永福纸杯厂),汽车相关,充电站,109.1064782,34.33123181,陕西省,西安市,109.1064782,34.33123181,驴充充汽车充电站(家永福纸杯厂),西安市,汽车相关 充电站,其他,8,其他
驴充充汽车充电站(谭家花苑),汽车相关,充电站,108.9758262,34.33878758,陕西省,西安市,108.9758262,34.33878758,驴充充汽车充电站(谭家花苑),西安市,汽车相关 充电站,其他,6,其他
驴充充汽车充电站(居然之家西安总店A馆),汽车相关,充电站,108.928851,34.31098157,陕西省,西安市,108.928851,34.31098157,驴充充汽车充电站(居然之家西安总店A馆),西安市,汽车相关 充电站,其他,8,其他
驴充充汽车充电站(浩华香颂国际城善邻路南132米停车场内),汽车相关,充电站,108.9866499,34.33198654,陕西省,西安市,108.9866499,34.33198654,驴充充汽车充电站(浩华香颂国际城善邻路南132米停车场内),西安市,汽车相关 充电站,其他,7,其他
驴充充汽车充电站(谭家花苑西3门北停车场),汽车相关,充电站,108.9758262,34.33878758,陕西省,西安市,108.9758262,34.33878758,驴充充汽车充电站(谭家花苑西3门北停车场),西安市,汽车相关 充电站,其他,5,其他
驴充充汽车充电站(雅荷智能家园地下车库),汽车相关,充电站,108.9617935,34.31582744,陕西省,西安市,108.9617935,34.31582744,驴充充汽车充电站(雅荷智能家园地下车库),西安市,汽车相关 充电站,其他,5,其他
驴充充汽车充电站(长丰园三区),汽车相关,充电站,108.9398484,34.18885317,陕西省,西安市,108.9398484,34.18885317,驴充充汽车充电站(长丰园三区),西安市,汽车相关 充电站,其他,7,其他
驴充充汽车充电站(宏鹏陶瓷批发门口航空城大道东段店),汽车相关,充电站,109.2419095,34.676283,陕西省,西安市,109.2419095,34.676283,驴充充汽车充电站(宏鹏陶瓷批发门口航空城大道东段店),西安市,汽车相关 充电站,其他,4,其他
驴充充汽车充电站(西闸口综合市场南门内20米),汽车相关,充电站,109.2184493,34.66855203,陕西省,西安市,109.2184493,34.66855203,驴充充汽车充电站(西闸口综合市场南门内20米),西安市,汽车相关 充电站,其他,6,其他
驴充充汽车充电站(中国国际军航LNG加气战站北隔壁),汽车相关,充电站,109.2689934,34.66660784,陕西省,西安市,109.2689934,34.66660784,驴充充汽车充电站(中国国际军航LNG加气战站北隔壁),西安市,汽车相关 充电站,其他,2,其他
驴充充汽车充电站(赵家新村),汽车相关,充电站,109.1919028,34.65233499,陕西省,西安市,109.1919028,34.65233499,驴充充汽车充电站(赵家新村),西安市,汽车相关 充电站,其他,3,其他
驴充充汽车充电站(临潼区新丰镇刘寨村),汽车相关,充电站,109.253067,34.4135806,陕西省,西安市,109.253067,34.4135806,驴充充汽车充电站(临潼区新丰镇刘寨村),西安市,汽车相关 充电站,其他,5,其他
驴充充汽车充电站(王家大院门口海螺水泥秦王一路店),汽车相关,充电站,109.1858522,34.45702213,陕西省,西安市,109.1858522,34.45702213,驴充充汽车充电站(王家大院门口海螺水泥秦王一路店),西安市,汽车相关 充电站,其他,3,其他
驴充充汽车充电站(西安市临潼区秦川大道312十字金海楼门口),汽车相关,充电站,109.2050364,34.53907068,陕西省,西安市,109.2050364,34.53907068,驴充充汽车充电站(西安市临潼区秦川大道312十字金海楼门口),西安市,汽车相关 充电站,其他,2,其他
驴充充汽车充电站(西安新芸阳新能源充电站齐家小区),汽车相关,充电站,109.1982772,34.57209942,陕西省,西安市,109.1982772,34.57209942,驴充充汽车充电站(西安新芸阳新能源充电站齐家小区),西安市,汽车相关 充电站,其他,8,其他
驴充充汽车充电站(徐阳村村委会对面),汽车相关,充电站,109.1468767,34.6232391,陕西省,西安市,109.1468767,34.6232391,驴充充汽车充电站(徐阳村村委会对面),西安市,汽车相关 充电站,其他,3,其他
驴充充汽车充电站(薛家村乡邻充电站),汽车相关,充电站,109.4148947,34.42837803,陕西省,西安市,109.4148947,34.42837803,驴充充汽车充电站(薛家村乡邻充电站),西安市,汽车相关 充电站,其他,2,其他
驴充充汽车充电站(建业家园小区内),汽车相关,充电站,109.2089658,34.381488,陕西省,西安市,109.2089658,34.381488,驴充充汽车充电站(建业家园小区内),西安市,汽车相关 充电站,其他,7,其他
驴充充汽车充电站(槐李村乡邻充电站),汽车相关,充电站,109.4410383,34.5571893,陕西省,西安市,109.4410383,34.5571893,驴充充汽车充电站(槐李村乡邻充电站),西安市,汽车相关 充电站,其他,4,其他
驴充充汽车充电站(油槐汽车充电站),汽车相关,充电站,109.3923943,34.55819094,陕西省,西安市,109.3923943,34.55819094,驴充充汽车充电站(油槐汽车充电站),西安市,汽车相关 充电站,其他,5,其他
驴充充汽车充电站(新丰镇站),汽车相关,充电站,109.2598055,34.41923432,陕西省,西安市,109.2598055,34.41923432,驴充充汽车充电站(新丰镇站),西安市,汽车相关 充电站,其他,2,其他
驴充充汽车充电站(汽车充电桩西安建构),汽车相关,充电站,109.1839983,34.46978223,陕西省,西安市,109.1839983,34.46978223,驴充充汽车充电站(汽车充电桩西安建构),西安市,汽车相关 充电站,其他,3,其他
驴充充汽车充电站(西安新芸阳新能源充电站孙陈小区),汽车相关,充电站,109.2056183,34.5216416,陕西省,西安市,109.2056183,34.5216416,驴充充汽车充电站(西安新芸阳新能源充电站孙陈小区),西安市,汽车相关 充电站,其他,5,其他
驴充充汽车充电站(稻地江村充电站),汽车相关,充电站,109.0429124,34.06310233,陕西省,西安市,109.0429124,34.06310233,驴充充汽车充电站(稻地江村充电站),西安市,汽车相关 充电站,其他,4,其他
驴充充汽车充电站(虎鲨拳馆),汽车相关,充电站,109.1111895,34.07770257,陕西省,西安市,109.1111895,34.07770257,驴充充汽车充电站(虎鲨拳馆),西安市,汽车相关 充电站,其他,7,其他
驴充充汽车充电站(金羽汽车快充),汽车相关,充电站,109.0137493,34.0985197,陕西省,西安市,109.0137493,34.0985197,驴充充汽车充电站(金羽汽车快充),西安市,汽车相关 充电站,其他,8,其他
驴充充汽车充电站(韦兆乡),汽车相关,充电站,109.0696583,34.07343324,陕西省,西安市,109.0696583,34.07343324,驴充充汽车充电站(韦兆乡),西安市,汽车相关 充电站,其他,5,其他
驴充充汽车充电站(西安南山别院北99米),汽车相关,充电站,108.9650631,34.02506867,陕西省,西安市,108.9650631,34.02506867,驴充充汽车充电站(西安南山别院北99米),西安市,汽车相关 充电站,其他,8,其他
驴充充汽车充电站(子午街道九村南二街18),汽车相关,充电站,108.9269516,34.06178967,陕西省,西安市,108.9269516,34.06178967,驴充充汽车充电站(子午街道九村南二街18),西安市,汽车相关 充电站,其他,2,其他
驴充充汽车充电站(稻地江村村委会进对面巷子左转再右转),汽车相关,充电站,109.0408221,34.06474203,陕西省,西安市,109.0408221,34.06474203,驴充充汽车充电站(稻地江村村委会进对面巷子左转再右转),西安市,汽车相关 充电站,其他,4,其他
驴充充汽车充电站(西安培华学院P1停车场),汽车相关,充电站,108.9350935,34.12040405,陕西省,西安市,108.9350935,34.12040405,驴充充汽车充电站(西安培华学院P1停车场),西安市,汽车相关 充电站,其他,3,其他
驴充充汽车充电站(西安培华学院P3停车场),汽车相关,充电站,108.9379988,34.12146847,陕西省,西安市,108.9379988,34.12146847,驴充充汽车充电站(西安培华学院P3停车场),西安市,汽车相关 充电站,其他,4,其他
驴充充汽车充电站(西安培华学院学术交流中心停车场),汽车相关,充电站,108.9325502,34.12118757,陕西省,西安市,108.9325502,34.12118757,驴充充汽车充电站(西安培华学院学术交流中心停车场),西安市,汽车相关 充电站,其他,4,其他
驴充充汽车充电站(新街南村),汽车相关,充电站,109.0165194,34.05632079,陕西省,西安市,109.0165194,34.05632079,驴充充汽车充电站(新街南村),西安市,汽车相关 充电站,其他,6,其他
驴充充汽车充电站(好多口欢乐钓场),汽车相关,充电站,109.199465,34.10193366,陕西省,西安市,109.199465,34.10193366,驴充充汽车充电站(好多口欢乐钓场),西安市,汽车相关 充电站,其他,4,其他
驴充充汽车充电站(耿镇街道驴充充充电站),汽车相关,充电站,109.1022371,34.43980901,陕西省,西安市,109.1022371,34.43980901,驴充充汽车充电站(耿镇街道驴充充充电站),西安市,汽车相关 充电站,其他,4,其他
驴充充汽车充电站(彭李),汽车相关,充电站,109.0336047,34.51722055,陕西省,西安市,109.0336047,34.51722055,驴充充汽车充电站(彭李),西安市,汽车相关 充电站,其他,5,其他
驴充充汽车充电站(大王西村民住宅小区),汽车相关,充电站,108.6448401,34.19941843,陕西省,西安市,108.6448401,34.19941843,驴充充汽车充电站(大王西村民住宅小区),西安市,汽车相关 充电站,其他,3,其他
驴充充汽车充电站(大王壹号),汽车相关,充电站,108.6475897,34.20346316,陕西省,西安市,108.6475897,34.20346316,驴充充汽车充电站(大王壹号),西安市,汽车相关 充电站,其他,5,其他
驴充充汽车充电站(穆家堡村夜市后面时光公寓门口),汽车相关,充电站,108.672018,34.03035165,陕西省,西安市,108.672018,34.03035165,驴充充汽车充电站(穆家堡村夜市后面时光公寓门口),西安市,汽车相关 充电站,其他,5,其他
驴充充汽车充电站(西安薛先生的小院),汽车相关,充电站,108.5532299,33.79624328,陕西省,西安市,108.5532299,33.79624328,驴充充汽车充电站(西安薛先生的小院),西安市,汽车相关 充电站,其他,2,其他
驴充充汽车充电站(西安洋辉工贸有限公司),汽车相关,充电站,108.5313479,34.2185756,陕西省,西安市,108.5313479,34.2185756,驴充充汽车充电站(西安洋辉工贸有限公司),西安市,汽车相关 充电站,其他,5,其他
驴充充汽车充电站(无为八觉楼),汽车相关,充电站,108.4848359,34.10637884,陕西省,西安市,108.4848359,34.10637884,驴充充汽车充电站(无为八觉楼),西安市,汽车相关 充电站,其他,6,其他
驴充充汽车充电站(铜庆电力结构厂蓝田分公司),汽车相关,充电站,109.230062,34.13423947,陕西省,西安市,109.230062,34.13423947,驴充充汽车充电站(铜庆电力结构厂蓝田分公司),西安市,汽车相关 充电站,其他,6,其他
驴充充汽车充电站(陕西瑞泰厨业有限公司),汽车相关,充电站,109.1647083,34.23482991,陕西省,西安市,109.1647083,34.23482991,驴充充汽车充电站(陕西瑞泰厨业有限公司),西安市,汽车相关 充电站,其他,8,其他
驴充充汽车充电站(财神关帝庙东),汽车相关,充电站,108.3787844,34.10250733,陕西省,西安市,108.3787844,34.10250733,驴充充汽车充电站(财神关帝庙东),西安市,汽车相关 充电站,其他,2,其他
驿充电新能源汽车充电站(华辰酒店),汽车相关,充电站,108.9636942,34.25753008,陕西省,西安市,108.9636942,34.25753008,驿充电新能源汽车充电站(华辰酒店),西安市,汽车相关 充电站,其他,8,其他
驿充电新能源汽车充电站(西安长征米拉梭酒店),汽车相关,充电站,109.0604779,34.26889751,陕西省,西安市,109.0604779,34.26889751,驿充电新能源汽车充电站(西安长征米拉梭酒店),西安市,汽车相关 充电站,其他,8,其他
驿充电新能源汽车充电站(西安浐灞奔驰店),汽车相关,充电站,109.0514779,34.30405188,陕西省,西安市,109.0514779,34.30405188,驿充电新能源汽车充电站(西安浐灞奔驰店),西安市,汽车相关 充电站,其他,7,其他
驿充电新能源汽车充电站(西安万科金域华府站),汽车相关,充电站,108.9521045,34.34993311,陕西省,西安市,108.9521045,34.34993311,驿充电新能源汽车充电站(西安万科金域华府站),西安市,汽车相关 充电站,其他,3,其他
驿充电新能源汽车充电站(西安永昌宾馆),汽车相关,充电站,108.9255149,34.31059126,陕西省,西安市,108.9255149,34.31059126,驿充电新能源汽车充电站(西安永昌宾馆),西安市,汽车相关 充电站,其他,3,其他
驿充电新能源汽车充电站(西安馨和居小区站),汽车相关,充电站,108.9900786,34.41654841,陕西省,西安市,108.9900786,34.41654841,驿充电新能源汽车充电站(西安馨和居小区站),西安市,汽车相关 充电站,其他,5,其他
驿充电新能源汽车充电站(西安现代企业中心东区),汽车相关,充电站,108.8620277,34.20274541,陕西省,西安市,108.8620277,34.20274541,驿充电新能源汽车充电站(西安现代企业中心东区),西安市,汽车相关 充电站,其他,5,其他
驿充电新能源汽车充电站(西安悦熙广场二期负一层交流),汽车相关,充电站,108.9060708,34.20915014,陕西省,西安市,108.9060708,34.20915014,驿充电新能源汽车充电站(西安悦熙广场二期负一层交流),西安市,汽车相关 充电站,其他,7,其他
驿充电新能源汽车充电站(小寨海港城),汽车相关,充电站,108.9495331,34.22520439,陕西省,西安市,108.9495331,34.22520439,驿充电新能源汽车充电站(小寨海港城),西安市,汽车相关 充电站,其他,5,其他
驿充电新能源汽车充电站(陕西西安庞大乐业奥迪4S店),汽车相关,充电站,108.9676636,34.15501039,陕西省,西安市,108.9676636,34.15501039,驿充电新能源汽车充电站(陕西西安庞大乐业奥迪4S店),西安市,汽车相关 充电站,其他,3,其他
驿充电新能源汽车充电站(西安比亚迪汽车庞大兴迪店),汽车相关,充电站,109.0528722,34.30109513,陕西省,西安市,109.0528722,34.30109513,驿充电新能源汽车充电站(西安比亚迪汽车庞大兴迪店),西安市,汽车相关 充电站,其他,8,其他
驿充电新能源汽车充电站(西安中国水利水电第三工程局有限公司房地产开发公司),汽车相关,充电站,109.0508708,34.33673382,陕西省,西安市,109.0508708,34.33673382,驿充电新能源汽车充电站(西安中国水利水电第三工程局有限公司房地产开发公司),西安市,汽车相关 充电站,其他,4,其他
驿充电新能源汽车充电站(代-维护中2020-01西安鑫桥国际酒店),汽车相关,充电站,108.8414977,34.2568761,陕西省,西安市,108.8414977,34.2568761,驿充电新能源汽车充电站(代-维护中2020-01西安鑫桥国际酒店),西安市,汽车相关 充电站,其他,6,其他
驿充电新能源汽车充电站(维护中2019-08西安鑫鼎商务酒店),汽车相关,充电站,108.8276941,34.24982733,陕西省,西安市,108.8276941,34.24982733,驿充电新能源汽车充电站(维护中2019-08西安鑫鼎商务酒店),西安市,汽车相关 充电站,其他,4,其他
驿充电新能源汽车充电站(维护中2019-10西安西检小区),汽车相关,充电站,108.9848531,34.30955265,陕西省,西安市,108.9848531,34.30955265,驿充电新能源汽车充电站(维护中2019-10西安西检小区),西安市,汽车相关 充电站,其他,4,其他
驿充电新能源汽车充电站(西安鑫桥国际酒店),汽车相关,充电站,108.8411508,34.25683311,陕西省,西安市,108.8411508,34.25683311,驿充电新能源汽车充电站(西安鑫桥国际酒店),西安市,汽车相关 充电站,其他,3,其他
驿充电新能源汽车充电站(维护中2018-07西安鹿鸣体育文化传播有限公司),汽车相关,充电站,108.9145677,34.30760354,陕西省,西安市,108.9145677,34.30760354,驿充电新能源汽车充电站(维护中2018-07西安鹿鸣体育文化传播有限公司),西安市,汽车相关 充电站,其他,4,其他
驿充电新能源汽车充电站(维护中2019-07西安永昌宾馆),汽车相关,充电站,108.9255199,34.31059726,陕西省,西安市,108.9255199,34.31059726,驿充电新能源汽车充电站(维护中2019-07西安永昌宾馆),西安市,汽车相关 充电站,其他,7,其他
驿充电新能源汽车充电站(西安鹿鸣体育文化传播有限公司),汽车相关,充电站,108.9145677,34.30760354,陕西省,西安市,108.9145677,34.30760354,驿充电新能源汽车充电站(西安鹿鸣体育文化传播有限公司),西安市,汽车相关 充电站,其他,2,其他
驿充电新能源汽车充电站(西安唐安酒店),汽车相关,充电站,108.9388136,34.30451454,陕西省,西安市,108.9388136,34.30451454,驿充电新能源汽车充电站(西安唐安酒店),西安市,汽车相关 充电站,其他,5,其他
驿充电新能源汽车充电站(西安天地源丹轩坊小区地下1层),汽车相关,充电站,108.8950505,34.22003232,陕西省,西安市,108.8950505,34.22003232,驿充电新能源汽车充电站(西安天地源丹轩坊小区地下1层),西安市,汽车相关 充电站,其他,2,其他
驿充电新能源汽车充电站(西安天地源丹轩坊小区地下2层),汽车相关,充电站,108.8951904,34.21948829,陕西省,西安市,108.8951904,34.21948829,驿充电新能源汽车充电站(西安天地源丹轩坊小区地下2层),西安市,汽车相关 充电站,其他,8,其他
驿充电新能源汽车充电站(专用西安蓝晓科技),汽车相关,充电站,108.8317711,34.19640125,陕西省,西安市,108.8317711,34.19640125,驿充电新能源汽车充电站(专用西安蓝晓科技),西安市,汽车相关 充电站,其他,6,其他
驿充电新能源汽车充电站(代-维护中2020-12西安市临潼区骊山假日酒店有限责任公司),汽车相关,充电站,109.2037645,34.37540459,陕西省,西安市,109.2037645,34.37540459,驿充电新能源汽车充电站(代-维护中2020-12西安市临潼区骊山假日酒店有限责任公司),西安市,汽车相关 充电站,其他,5,其他
驿充电新能源汽车充电站(维护中西安临潼区委),汽车相关,充电站,109.214296,34.36995827,陕西省,西安市,109.214296,34.36995827,驿充电新能源汽车充电站(维护中西安临潼区委),西安市,汽车相关 充电站,其他,4,其他
驿充电新能源汽车充电站(西安市兴水苑小区),汽车相关,充电站,108.9530024,34.1613727,陕西省,西安市,108.9530024,34.1613727,驿充电新能源汽车充电站(西安市兴水苑小区),西安市,汽车相关 充电站,其他,6,其他
驿充电新能源汽车充电站(维护中2021-10西安众创广场),汽车相关,充电站,108.9727958,34.15991073,陕西省,西安市,108.9727958,34.15991073,驿充电新能源汽车充电站(维护中2021-10西安众创广场),西安市,汽车相关 充电站,其他,5,其他
驿充电新能源汽车充电站(西安长安区综合保税区),汽车相关,充电站,108.7995262,34.12022055,陕西省,西安市,108.7995262,34.12022055,驿充电新能源汽车充电站(西安长安区综合保税区),西安市,汽车相关 充电站,其他,7,其他
驿充电新能源汽车充电站(西安众创广场),汽车相关,充电站,108.9727138,34.15996673,陕西省,西安市,108.9727138,34.15996673,驿充电新能源汽车充电站(西安众创广场),西安市,汽车相关 充电站,其他,7,其他
驿充电新能源汽车充电站(代-维护中2021-10西安高陵区委),汽车相关,充电站,109.0889344,34.53434704,陕西省,西安市,109.0889344,34.53434704,驿充电新能源汽车充电站(代-维护中2021-10西安高陵区委),西安市,汽车相关 充电站,其他,7,其他
驿充电新能源汽车充电站(西安高陵区委),汽车相关,充电站,109.0891324,34.53399409,陕西省,西安市,109.0891324,34.53399409,驿充电新能源汽车充电站(西安高陵区委),西安市,汽车相关 充电站,其他,7,其他
驿充电新能源汽车充电站(西安小寨海港城),汽车相关,充电站,108.9514237,34.22521405,陕西省,西安市,108.9514237,34.22521405,驿充电新能源汽车充电站(西安小寨海港城),西安市,汽车相关 充电站,其他,4,其他
